# Blender 5.1.0
# www.blender.org
mtllib HW9.mtl
o Sphere
v 0.792687 0.344481 -0.513726
v 0.734544 0.375555 -0.525076
v 0.672646 0.395012 -0.518293
v 0.643252 0.399375 -0.508318
v 0.616417 0.399890 -0.494410
v 0.574418 0.389446 -0.457062
v 0.836625 0.302443 -0.488277
v 0.814387 0.318018 -0.506212
v 0.788134 0.332872 -0.520295
v 0.758873 0.346434 -0.529984
v 0.727730 0.358182 -0.534908
v 0.695901 0.367665 -0.534876
v 0.664609 0.374519 -0.529891
v 0.635057 0.378480 -0.520143
v 0.608380 0.379397 -0.506007
v 0.585604 0.377233 -0.488027
v 0.567604 0.372072 -0.466894
v 0.555071 0.364113 -0.443419
v 0.548488 0.353661 -0.418505
v 0.548107 0.341118 -0.393110
v 0.553943 0.326966 -0.368208
v 0.835587 0.297773 -0.489728
v 0.812352 0.308857 -0.509059
v 0.785179 0.319572 -0.524427
v 0.755112 0.329506 -0.535243
v 0.723307 0.338277 -0.541092
v 0.690986 0.345548 -0.541747
v 0.659392 0.351039 -0.537185
v 0.629737 0.354541 -0.527580
v 0.603163 0.355917 -0.513302
v 0.580689 0.355116 -0.494899
v 0.563181 0.352167 -0.473078
v 0.551310 0.347185 -0.448678
v 0.545533 0.340361 -0.422637
v 0.546071 0.331957 -0.395956
v 0.552905 0.322295 -0.369659
v 0.835150 0.292688 -0.490267
v 0.811495 0.298883 -0.510116
v 0.783934 0.305091 -0.525962
v 0.753528 0.311075 -0.537198
v 0.721445 0.316605 -0.543390
v 0.688917 0.321467 -0.544301
v 0.657195 0.325476 -0.539895
v 0.627498 0.328476 -0.530344
v 0.600966 0.330353 -0.516012
v 0.578620 0.331035 -0.497452
v 0.561319 0.330495 -0.475376
v 0.549726 0.328755 -0.450632
v 0.544289 0.325880 -0.424173
v 0.545214 0.321982 -0.397013
v 0.552468 0.317210 -0.370198
v 0.835331 0.287384 -0.489874
v 0.811849 0.288478 -0.509345
v 0.784449 0.289986 -0.524842
v 0.754183 0.291851 -0.535772
v 0.722215 0.293999 -0.541713
v 0.689773 0.296349 -0.542438
v 0.658104 0.298810 -0.537918
v 0.628424 0.301288 -0.528328
v 0.601875 0.303688 -0.514035
v 0.579476 0.305917 -0.495589
v 0.562089 0.307890 -0.473699
v 0.550381 0.309530 -0.449207
v 0.544803 0.310776 -0.423052
v 0.545569 0.311578 -0.396242
v 0.552649 0.311906 -0.369805
v 0.836122 0.282065 -0.488563
v 0.813402 0.278044 -0.506774
v 0.786703 0.274838 -0.521110
v 0.757052 0.272570 -0.531021
v 0.725588 0.271328 -0.536127
v 0.693521 0.271158 -0.536231
v 0.662082 0.272068 -0.531329
v 0.632481 0.274022 -0.521609
v 0.605853 0.276946 -0.507446
v 0.583224 0.280726 -0.489382
v 0.565462 0.285219 -0.468113
v 0.553250 0.290250 -0.444456
v 0.547057 0.295627 -0.419320
v 0.547121 0.301143 -0.393671
v 0.553441 0.306587 -0.368494
v 0.853991 0.286746 -0.467179
v 0.837494 0.276934 -0.486386
v 0.816092 0.267981 -0.502502
v 0.790609 0.260228 -0.514909
v 0.762024 0.253976 -0.523129
v 0.731434 0.249463 -0.526846
v 0.700017 0.246863 -0.525919
v 0.668978 0.246276 -0.520381
v 0.639512 0.247725 -0.510447
v 0.612750 0.251154 -0.496498
v 0.589720 0.256431 -0.479070
v 0.571308 0.263353 -0.458832
v 0.558222 0.271655 -0.436563
v 0.550963 0.281017 -0.413119
v 0.549812 0.291080 -0.389399
v 0.554812 0.301457 -0.366316
v 0.839393 0.272190 -0.483425
v 0.819818 0.258675 -0.496694
v 0.796018 0.246719 -0.506476
v 0.768908 0.236781 -0.512397
v 0.739529 0.229244 -0.514227
v 0.709011 0.224397 -0.511896
v 0.678527 0.222426 -0.505496
v 0.649247 0.223408 -0.495270
v 0.622298 0.227304 -0.481612
v 0.598714 0.233965 -0.465048
v 0.579403 0.243135 -0.446213
v 0.565106 0.254461 -0.425831
v 0.556372 0.267508 -0.404687
v 0.553538 0.281774 -0.383591
v 0.556712 0.296713 -0.363355
v 0.841747 0.268015 -0.479794
v 0.824435 0.250484 -0.489572
v 0.802721 0.234828 -0.496138
v 0.777439 0.221647 -0.499238
v 0.749561 0.211448 -0.498754
v 0.720158 0.204624 -0.494704
v 0.690361 0.201435 -0.487244
v 0.661313 0.202006 -0.476661
v 0.634132 0.206313 -0.463361
v 0.609862 0.214192 -0.447855
v 0.589435 0.225339 -0.430740
v 0.573637 0.239327 -0.412673
v 0.563075 0.255617 -0.394348
v 0.558155 0.273584 -0.376470
v 0.559065 0.292537 -0.359725
v 0.844465 0.264568 -0.475634
v 0.829767 0.243724 -0.481411
v 0.810461 0.225014 -0.484290
v 0.787291 0.209156 -0.484158
v 0.761145 0.196760 -0.481022
v 0.733030 0.188303 -0.475001
v 0.704025 0.184109 -0.466328
v 0.675245 0.184340 -0.455335
v 0.647796 0.188987 -0.442445
v 0.622733 0.197871 -0.428153
v 0.601019 0.210651 -0.413008
v 0.583489 0.226835 -0.397593
v 0.570816 0.245803 -0.382500
v 0.563487 0.266824 -0.368309
v 0.561783 0.289091 -0.355564
v 0.847443 0.261984 -0.471103
v 0.835608 0.238654 -0.472524
v 0.818941 0.217652 -0.471388
v 0.798084 0.199787 -0.467737
v 0.773836 0.185743 -0.461713
v 0.747131 0.176062 -0.453546
v 0.718995 0.171114 -0.443551
v 0.690508 0.171090 -0.432112
v 0.662766 0.175992 -0.419668
v 0.636834 0.185630 -0.406698
v 0.613710 0.199634 -0.393699
v 0.594281 0.217466 -0.381172
v 0.579295 0.238441 -0.369598
v 0.569327 0.261753 -0.359421
v 0.564761 0.286506 -0.351034
v 0.850566 0.260360 -0.466377
v 0.841734 0.235468 -0.463253
v 0.827834 0.213027 -0.457928
v 0.809403 0.193900 -0.450606
v 0.787146 0.178821 -0.441568
v 0.761920 0.168370 -0.431163
v 0.734695 0.162949 -0.419789
v 0.706516 0.162766 -0.407884
v 0.678466 0.167827 -0.395906
v 0.651624 0.177939 -0.384314
v 0.627020 0.192712 -0.373554
v 0.605601 0.211580 -0.364041
v 0.588189 0.233817 -0.356138
v 0.575453 0.258568 -0.350150
v 0.567884 0.284882 -0.346307
v 0.853714 0.259759 -0.461636
v 0.847909 0.234289 -0.453953
v 0.836800 0.211316 -0.444427
v 0.820813 0.191722 -0.433422
v 0.800564 0.176261 -0.421363
v 0.776829 0.165525 -0.408711
v 0.750522 0.159928 -0.395955
v 0.722653 0.159686 -0.383583
v 0.694293 0.164806 -0.372072
v 0.666532 0.175093 -0.361863
v 0.640437 0.190151 -0.353349
v 0.617011 0.209402 -0.346857
v 0.597154 0.232105 -0.342637
v 0.581629 0.257389 -0.340850
v 0.571032 0.284281 -0.341566
v 0.856766 0.260204 -0.457063
v 0.853897 0.235163 -0.444983
v 0.845492 0.212585 -0.431403
v 0.831877 0.193337 -0.416847
v 0.813573 0.178159 -0.401872
v 0.791284 0.167635 -0.387055
v 0.765867 0.162168 -0.372964
v 0.738299 0.161969 -0.360142
v 0.709638 0.167046 -0.349081
v 0.680987 0.177203 -0.340206
v 0.653447 0.192050 -0.333858
v 0.628075 0.211017 -0.330282
v 0.605846 0.233374 -0.329614
v 0.587616 0.258263 -0.331880
v 0.574085 0.284727 -0.336993
v 0.859606 0.261679 -0.452833
v 0.859466 0.238056 -0.436686
v 0.853578 0.216784 -0.419359
v 0.842168 0.198682 -0.401517
v 0.825674 0.184444 -0.383846
v 0.804730 0.174618 -0.367025
v 0.780142 0.169582 -0.351701
v 0.752853 0.169528 -0.338462
v 0.723913 0.174459 -0.327818
v 0.694434 0.184186 -0.320176
v 0.665548 0.198335 -0.315832
v 0.638366 0.216362 -0.314952
v 0.613932 0.237574 -0.317569
v 0.593186 0.261156 -0.323583
v 0.576924 0.286201 -0.332764
v 0.862123 0.264126 -0.449110
v 0.864404 0.242856 -0.429382
v 0.860747 0.223753 -0.408755
v 0.851292 0.207552 -0.388021
v 0.836402 0.194874 -0.367977
v 0.816651 0.186207 -0.349392
v 0.792797 0.181885 -0.332982
v 0.765756 0.182072 -0.319376
v 0.736568 0.186762 -0.309099
v 0.706354 0.195775 -0.302543
v 0.676276 0.208765 -0.299963
v 0.647490 0.225232 -0.301456
v 0.621101 0.244543 -0.306965
v 0.598124 0.265956 -0.316280
v 0.579441 0.288648 -0.329040
v 0.864221 0.267452 -0.446035
v 0.868520 0.249380 -0.423352
v 0.866722 0.233224 -0.400001
v 0.858897 0.219606 -0.376879
v 0.845345 0.209048 -0.354874
v 0.826588 0.201957 -0.334834
v 0.803346 0.198604 -0.317527
v 0.776511 0.199119 -0.303618
v 0.747117 0.203482 -0.293643
v 0.716291 0.211525 -0.287985
v 0.685219 0.222939 -0.286860
v 0.655095 0.237286 -0.290313
v 0.627076 0.254013 -0.298211
v 0.602239 0.272479 -0.310249
v 0.581540 0.291974 -0.325966
v 0.865820 0.271528 -0.443728
v 0.871656 0.257376 -0.418827
v 0.871275 0.244833 -0.393431
v 0.864692 0.234381 -0.368517
v 0.852159 0.226422 -0.345042
v 0.834159 0.221261 -0.323909
v 0.811383 0.219097 -0.305929
v 0.784706 0.220014 -0.291794
v 0.755154 0.223975 -0.282046
v 0.723862 0.230829 -0.277060
v 0.692033 0.240312 -0.277029
v 0.660890 0.252060 -0.281952
v 0.631629 0.265622 -0.291641
v 0.605376 0.280476 -0.305724
v 0.583138 0.296051 -0.323659
v 0.866858 0.276198 -0.442278
v 0.873692 0.266537 -0.415981
v 0.874230 0.258133 -0.389299
v 0.868453 0.251309 -0.363258
v 0.856582 0.246327 -0.338859
v 0.839074 0.243378 -0.317038
v 0.816600 0.242577 -0.298635
v 0.790026 0.243953 -0.284356
v 0.760372 0.247455 -0.274752
v 0.728777 0.252946 -0.270189
v 0.696456 0.260217 -0.270845
v 0.664651 0.268988 -0.276693
v 0.634584 0.278922 -0.287509
v 0.607411 0.289637 -0.302878
v 0.584176 0.300721 -0.322208
v 0.867295 0.281283 -0.441738
v 0.874549 0.276512 -0.414923
v 0.875475 0.272614 -0.387764
v 0.870037 0.269739 -0.361304
v 0.858444 0.267998 -0.336561
v 0.841143 0.267459 -0.314485
v 0.818797 0.268141 -0.295924
v 0.792265 0.270018 -0.281593
v 0.762568 0.273018 -0.272041
v 0.730846 0.277027 -0.267636
v 0.698318 0.281889 -0.268547
v 0.666235 0.287419 -0.274739
v 0.635829 0.293403 -0.285974
v 0.608268 0.299611 -0.301820
v 0.584613 0.305806 -0.321669
v 0.867114 0.286588 -0.442132
v 0.874194 0.286916 -0.415695
v 0.874960 0.287718 -0.388884
v 0.869382 0.288964 -0.362730
v 0.857674 0.290604 -0.338237
v 0.840287 0.292577 -0.316347
v 0.817888 0.294806 -0.297902
v 0.791339 0.297206 -0.283609
v 0.761660 0.299684 -0.274018
v 0.729990 0.302145 -0.269499
v 0.697548 0.304495 -0.270223
v 0.665580 0.306643 -0.276164
v 0.635314 0.308507 -0.287094
v 0.607914 0.310016 -0.302592
v 0.584432 0.311110 -0.322062
v 0.565772 0.311748 -0.344757
v 0.866323 0.291907 -0.443442
v 0.872642 0.297350 -0.418266
v 0.872706 0.302867 -0.392616
v 0.866513 0.308244 -0.367480
v 0.854301 0.313275 -0.343823
v 0.836539 0.317768 -0.322554
v 0.813910 0.321548 -0.304491
v 0.787282 0.324472 -0.290327
v 0.757681 0.326426 -0.280607
v 0.726242 0.327336 -0.275705
v 0.694175 0.327166 -0.275809
v 0.662711 0.325924 -0.280915
v 0.633060 0.323656 -0.290826
v 0.606362 0.320450 -0.305163
v 0.583641 0.316429 -0.323373
v 0.864951 0.297037 -0.445620
v 0.869951 0.307414 -0.422537
v 0.868800 0.317476 -0.398818
v 0.861541 0.326839 -0.375373
v 0.848455 0.335140 -0.353104
v 0.830043 0.342063 -0.332867
v 0.807013 0.347340 -0.315438
v 0.780251 0.350769 -0.301489
v 0.750785 0.352218 -0.291555
v 0.719746 0.351631 -0.286018
v 0.688329 0.349031 -0.285090
v 0.657739 0.344518 -0.288808
v 0.629154 0.338266 -0.297028
v 0.603671 0.330513 -0.309434
v 0.582269 0.321560 -0.325551
v 0.863051 0.301781 -0.448581
v 0.866225 0.316719 -0.428345
v 0.863391 0.330986 -0.407250
v 0.854657 0.344033 -0.386105
v 0.840360 0.355359 -0.365723
v 0.821049 0.364529 -0.346889
v 0.797465 0.371190 -0.330324
v 0.770516 0.375086 -0.316667
v 0.741236 0.376067 -0.306441
v 0.710752 0.374097 -0.300040
v 0.680234 0.369250 -0.297710
v 0.650855 0.361713 -0.299540
v 0.623745 0.351775 -0.305460
v 0.599945 0.339819 -0.315243
v 0.580370 0.326304 -0.328512
v 0.860697 0.305957 -0.452211
v 0.861608 0.324910 -0.435467
v 0.856688 0.342877 -0.417589
v 0.846126 0.359167 -0.399264
v 0.830328 0.373155 -0.381196
v 0.809901 0.384302 -0.364081
v 0.785631 0.392181 -0.348576
v 0.758450 0.396488 -0.335276
v 0.729402 0.397059 -0.324692
v 0.699605 0.393870 -0.317233
v 0.670202 0.387046 -0.313183
v 0.642324 0.376847 -0.312698
v 0.617042 0.363666 -0.315799
v 0.595328 0.348009 -0.322364
v 0.578016 0.330479 -0.332142
v 0.857980 0.309403 -0.456372
v 0.856277 0.331670 -0.443628
v 0.848947 0.352691 -0.429437
v 0.836274 0.371659 -0.414343
v 0.818744 0.387843 -0.398928
v 0.797030 0.400623 -0.383784
v 0.771967 0.409507 -0.369492
v 0.744518 0.414154 -0.356602
v 0.715738 0.414385 -0.345608
v 0.686733 0.410191 -0.336935
v 0.658618 0.401734 -0.330914
v 0.632472 0.389338 -0.327778
v 0.609302 0.373480 -0.327647
v 0.589996 0.354770 -0.330525
v 0.575298 0.333925 -0.336303
v 0.855002 0.311988 -0.460902
v 0.850435 0.336741 -0.452515
v 0.840468 0.360052 -0.442338
v 0.825482 0.381028 -0.430764
v 0.806053 0.398860 -0.418237
v 0.782929 0.412864 -0.405239
v 0.756997 0.422502 -0.392268
v 0.729255 0.427404 -0.379825
v 0.700768 0.427380 -0.368385
v 0.672632 0.422432 -0.358390
v 0.645927 0.412751 -0.350224
v 0.621680 0.398707 -0.344199
v 0.600822 0.380841 -0.340549
v 0.584155 0.359840 -0.339412
v 0.572320 0.336510 -0.340833
v 0.851879 0.313612 -0.465629
v 0.844310 0.339926 -0.461786
v 0.831574 0.364677 -0.455799
v 0.814162 0.386914 -0.447896
v 0.792743 0.405782 -0.438382
v 0.768139 0.420555 -0.427622
v 0.741297 0.430667 -0.416031
v 0.713247 0.435728 -0.404052
v 0.685068 0.435545 -0.392147
v 0.657843 0.430123 -0.380774
v 0.632617 0.419672 -0.370368
v 0.610360 0.404594 -0.361331
v 0.591928 0.385466 -0.354009
v 0.578029 0.363026 -0.348683
v 0.569197 0.338134 -0.345560
v 0.848731 0.314213 -0.470370
v 0.838134 0.341105 -0.471086
v 0.822609 0.366388 -0.469300
v 0.802752 0.389092 -0.465079
v 0.779326 0.408342 -0.458588
v 0.753231 0.423401 -0.450074
v 0.725470 0.433688 -0.439865
v 0.697110 0.438808 -0.428353
v 0.669241 0.438565 -0.415982
v 0.642934 0.432969 -0.403225
v 0.619200 0.422233 -0.390574
v 0.598950 0.406772 -0.378514
v 0.582963 0.387178 -0.367510
v 0.571854 0.364204 -0.357983
v 0.566049 0.338735 -0.350301
v 0.845678 0.313767 -0.474943
v 0.832147 0.340231 -0.480057
v 0.813917 0.365120 -0.482323
v 0.791688 0.387477 -0.481655
v 0.766316 0.406444 -0.478078
v 0.738776 0.421291 -0.471730
v 0.710125 0.431448 -0.462855
v 0.681464 0.436525 -0.451794
v 0.653896 0.436326 -0.438972
v 0.628479 0.430859 -0.424882
v 0.606190 0.420335 -0.410064
v 0.587886 0.405157 -0.395090
v 0.574271 0.385909 -0.380533
v 0.565867 0.363331 -0.366954
v 0.562997 0.338290 -0.354874
v 0.842839 0.312293 -0.479173
v 0.826577 0.337338 -0.488353
v 0.805831 0.360920 -0.494368
v 0.781397 0.382132 -0.496985
v 0.754215 0.400159 -0.496104
v 0.725329 0.414308 -0.491760
v 0.695850 0.424034 -0.484119
v 0.666910 0.428966 -0.473474
v 0.639621 0.428912 -0.460236
v 0.615032 0.423876 -0.444911
v 0.594089 0.414050 -0.428091
v 0.577595 0.399812 -0.410420
v 0.566185 0.381709 -0.392578
v 0.560297 0.360438 -0.375250
v 0.560157 0.336815 -0.359103
v 0.840322 0.309845 -0.482896
v 0.821639 0.332538 -0.495657
v 0.798662 0.353951 -0.504971
v 0.772273 0.373262 -0.510480
v 0.743487 0.389729 -0.511974
v 0.713409 0.402718 -0.509393
v 0.683195 0.411732 -0.502838
v 0.654007 0.416422 -0.492560
v 0.626966 0.416609 -0.478954
v 0.603112 0.412287 -0.462544
v 0.583360 0.403620 -0.443960
v 0.568471 0.390942 -0.423915
v 0.559017 0.374740 -0.403181
v 0.555359 0.355638 -0.382554
v 0.557640 0.334368 -0.362827
v 0.838224 0.306520 -0.485970
v 0.817523 0.326014 -0.501687
v 0.764668 0.361208 -0.521623
v 0.703472 0.386969 -0.523951
v 0.593175 0.396537 -0.477103
v 0.560866 0.378888 -0.435058
v 0.553041 0.365270 -0.411936
v 0.551243 0.349114 -0.388584
v 0.555542 0.331042 -0.365901
v 0.792687 0.344481 0.513726
v 0.734544 0.375555 0.525076
v 0.672646 0.395012 0.518293
v 0.643252 0.399375 0.508318
v 0.616417 0.399890 0.494410
v 0.574418 0.389446 0.457062
v 0.836625 0.302443 0.488277
v 0.814387 0.318018 0.506212
v 0.788134 0.332872 0.520295
v 0.758873 0.346434 0.529984
v 0.727730 0.358182 0.534908
v 0.695901 0.367665 0.534876
v 0.664609 0.374519 0.529891
v 0.635057 0.378480 0.520143
v 0.608380 0.379397 0.506007
v 0.585604 0.377233 0.488027
v 0.567604 0.372072 0.466894
v 0.555071 0.364113 0.443419
v 0.548488 0.353661 0.418505
v 0.548107 0.341118 0.393110
v 0.553943 0.326966 0.368208
v 0.835587 0.297773 0.489728
v 0.812352 0.308857 0.509059
v 0.785179 0.319572 0.524427
v 0.755112 0.329506 0.535243
v 0.723307 0.338277 0.541092
v 0.690986 0.345548 0.541747
v 0.659392 0.351039 0.537185
v 0.629737 0.354541 0.527580
v 0.603163 0.355917 0.513302
v 0.580689 0.355116 0.494899
v 0.563181 0.352167 0.473078
v 0.551310 0.347185 0.448678
v 0.545533 0.340361 0.422637
v 0.546071 0.331957 0.395956
v 0.552905 0.322295 0.369659
v 0.835150 0.292688 0.490267
v 0.811495 0.298883 0.510116
v 0.783934 0.305091 0.525962
v 0.753528 0.311075 0.537198
v 0.721445 0.316605 0.543390
v 0.688917 0.321467 0.544301
v 0.657195 0.325476 0.539895
v 0.627498 0.328476 0.530344
v 0.600966 0.330353 0.516012
v 0.578620 0.331035 0.497452
v 0.561319 0.330495 0.475376
v 0.549726 0.328755 0.450632
v 0.544289 0.325880 0.424173
v 0.545214 0.321982 0.397013
v 0.552468 0.317210 0.370198
v 0.835331 0.287384 0.489874
v 0.811849 0.288478 0.509345
v 0.784449 0.289986 0.524842
v 0.754183 0.291851 0.535772
v 0.722215 0.293999 0.541713
v 0.689773 0.296349 0.542438
v 0.658104 0.298810 0.537918
v 0.628424 0.301288 0.528328
v 0.601875 0.303688 0.514035
v 0.579476 0.305917 0.495589
v 0.562089 0.307890 0.473699
v 0.550381 0.309530 0.449207
v 0.544803 0.310776 0.423052
v 0.545569 0.311578 0.396242
v 0.552649 0.311906 0.369805
v 0.836122 0.282065 0.488563
v 0.813402 0.278044 0.506774
v 0.786703 0.274838 0.521110
v 0.757052 0.272570 0.531021
v 0.725588 0.271328 0.536127
v 0.693521 0.271158 0.536231
v 0.662082 0.272068 0.531329
v 0.632481 0.274022 0.521609
v 0.605853 0.276946 0.507446
v 0.583224 0.280726 0.489382
v 0.565462 0.285219 0.468113
v 0.553250 0.290250 0.444456
v 0.547057 0.295627 0.419320
v 0.547121 0.301143 0.393671
v 0.553441 0.306587 0.368494
v 0.853991 0.286746 0.467179
v 0.837494 0.276934 0.486386
v 0.816092 0.267981 0.502502
v 0.790609 0.260228 0.514909
v 0.762024 0.253976 0.523129
v 0.731434 0.249463 0.526846
v 0.700017 0.246863 0.525919
v 0.668978 0.246276 0.520381
v 0.639512 0.247725 0.510447
v 0.612750 0.251154 0.496498
v 0.589720 0.256431 0.479070
v 0.571308 0.263353 0.458832
v 0.558222 0.271655 0.436563
v 0.550963 0.281017 0.413119
v 0.549812 0.291080 0.389399
v 0.554812 0.301457 0.366316
v 0.839393 0.272190 0.483425
v 0.819818 0.258675 0.496694
v 0.796018 0.246719 0.506476
v 0.768908 0.236781 0.512397
v 0.739529 0.229244 0.514227
v 0.709011 0.224397 0.511896
v 0.678527 0.222426 0.505496
v 0.649247 0.223408 0.495270
v 0.622298 0.227304 0.481612
v 0.598714 0.233965 0.465048
v 0.579403 0.243135 0.446213
v 0.565106 0.254461 0.425831
v 0.556372 0.267508 0.404687
v 0.553538 0.281774 0.383591
v 0.556712 0.296713 0.363355
v 0.841747 0.268015 0.479794
v 0.824435 0.250484 0.489572
v 0.802721 0.234828 0.496138
v 0.777439 0.221647 0.499238
v 0.749561 0.211448 0.498754
v 0.720158 0.204624 0.494704
v 0.690361 0.201435 0.487244
v 0.661313 0.202006 0.476661
v 0.634132 0.206313 0.463361
v 0.609862 0.214192 0.447855
v 0.589435 0.225339 0.430740
v 0.573637 0.239327 0.412673
v 0.563075 0.255617 0.394348
v 0.558155 0.273584 0.376470
v 0.559065 0.292537 0.359725
v 0.844465 0.264568 0.475634
v 0.829767 0.243724 0.481411
v 0.810461 0.225014 0.484290
v 0.787291 0.209156 0.484158
v 0.761145 0.196760 0.481022
v 0.733030 0.188303 0.475001
v 0.704025 0.184109 0.466328
v 0.675245 0.184340 0.455335
v 0.647796 0.188987 0.442445
v 0.622733 0.197871 0.428153
v 0.601019 0.210651 0.413008
v 0.583489 0.226835 0.397593
v 0.570816 0.245803 0.382500
v 0.563487 0.266824 0.368309
v 0.561783 0.289091 0.355564
v 0.847443 0.261984 0.471103
v 0.835608 0.238654 0.472524
v 0.818941 0.217652 0.471388
v 0.798084 0.199787 0.467737
v 0.773836 0.185743 0.461713
v 0.747131 0.176062 0.453546
v 0.718995 0.171114 0.443551
v 0.690508 0.171090 0.432112
v 0.662766 0.175992 0.419668
v 0.636834 0.185630 0.406698
v 0.613710 0.199634 0.393699
v 0.594281 0.217466 0.381172
v 0.579295 0.238441 0.369598
v 0.569327 0.261753 0.359421
v 0.564761 0.286506 0.351034
v 0.850566 0.260360 0.466377
v 0.841734 0.235468 0.463253
v 0.827834 0.213027 0.457928
v 0.809403 0.193900 0.450606
v 0.787146 0.178821 0.441568
v 0.761920 0.168370 0.431163
v 0.734695 0.162949 0.419789
v 0.706516 0.162766 0.407884
v 0.678466 0.167827 0.395906
v 0.651624 0.177939 0.384314
v 0.627020 0.192712 0.373554
v 0.605601 0.211580 0.364041
v 0.588189 0.233817 0.356138
v 0.575453 0.258568 0.350150
v 0.567884 0.284882 0.346307
v 0.853714 0.259759 0.461636
v 0.847909 0.234289 0.453953
v 0.836800 0.211316 0.444427
v 0.820813 0.191722 0.433422
v 0.800564 0.176261 0.421363
v 0.776829 0.165525 0.408711
v 0.750522 0.159928 0.395955
v 0.722653 0.159686 0.383583
v 0.694293 0.164806 0.372072
v 0.666532 0.175093 0.361863
v 0.640437 0.190151 0.353349
v 0.617011 0.209402 0.346857
v 0.597154 0.232105 0.342637
v 0.581629 0.257389 0.340850
v 0.571032 0.284281 0.341566
v 0.856766 0.260204 0.457063
v 0.853897 0.235163 0.444983
v 0.845492 0.212585 0.431403
v 0.831877 0.193337 0.416847
v 0.813573 0.178159 0.401872
v 0.791284 0.167635 0.387055
v 0.765867 0.162168 0.372964
v 0.738299 0.161969 0.360142
v 0.709638 0.167046 0.349081
v 0.680987 0.177203 0.340206
v 0.653447 0.192050 0.333858
v 0.628075 0.211017 0.330282
v 0.605846 0.233374 0.329614
v 0.587616 0.258263 0.331880
v 0.574085 0.284727 0.336993
v 0.859606 0.261679 0.452833
v 0.859466 0.238056 0.436686
v 0.853578 0.216784 0.419359
v 0.842168 0.198682 0.401517
v 0.825674 0.184444 0.383846
v 0.804730 0.174618 0.367025
v 0.780142 0.169582 0.351701
v 0.752853 0.169528 0.338462
v 0.723913 0.174459 0.327818
v 0.694434 0.184186 0.320176
v 0.665548 0.198335 0.315832
v 0.638366 0.216362 0.314952
v 0.613932 0.237574 0.317569
v 0.593186 0.261156 0.323583
v 0.576924 0.286201 0.332764
v 0.862123 0.264126 0.449110
v 0.864404 0.242856 0.429382
v 0.860747 0.223753 0.408755
v 0.851292 0.207552 0.388021
v 0.836402 0.194874 0.367977
v 0.816651 0.186207 0.349392
v 0.792797 0.181885 0.332982
v 0.765756 0.182072 0.319376
v 0.736568 0.186762 0.309099
v 0.706354 0.195775 0.302543
v 0.676276 0.208765 0.299963
v 0.647490 0.225232 0.301456
v 0.621101 0.244543 0.306965
v 0.598124 0.265956 0.316280
v 0.579441 0.288648 0.329040
v 0.864221 0.267452 0.446035
v 0.868520 0.249380 0.423352
v 0.866722 0.233224 0.400001
v 0.858897 0.219606 0.376879
v 0.845345 0.209048 0.354874
v 0.826588 0.201957 0.334834
v 0.803346 0.198604 0.317527
v 0.776511 0.199119 0.303618
v 0.747117 0.203482 0.293643
v 0.716291 0.211525 0.287985
v 0.685219 0.222939 0.286860
v 0.655095 0.237286 0.290313
v 0.627076 0.254013 0.298211
v 0.602239 0.272479 0.310249
v 0.581540 0.291974 0.325966
v 0.865820 0.271528 0.443728
v 0.871656 0.257376 0.418827
v 0.871275 0.244833 0.393431
v 0.864692 0.234381 0.368517
v 0.852159 0.226422 0.345042
v 0.834159 0.221261 0.323909
v 0.811383 0.219097 0.305929
v 0.784706 0.220014 0.291794
v 0.755154 0.223975 0.282046
v 0.723862 0.230829 0.277060
v 0.692033 0.240312 0.277029
v 0.660890 0.252060 0.281952
v 0.631629 0.265622 0.291641
v 0.605376 0.280476 0.305724
v 0.583138 0.296051 0.323659
v 0.866858 0.276198 0.442278
v 0.873692 0.266537 0.415981
v 0.874230 0.258133 0.389299
v 0.868453 0.251309 0.363258
v 0.856582 0.246327 0.338859
v 0.839074 0.243378 0.317038
v 0.816600 0.242577 0.298635
v 0.790026 0.243953 0.284356
v 0.760372 0.247455 0.274752
v 0.728777 0.252946 0.270189
v 0.696456 0.260217 0.270845
v 0.664651 0.268988 0.276693
v 0.634584 0.278922 0.287509
v 0.607411 0.289637 0.302878
v 0.584176 0.300721 0.322208
v 0.867295 0.281283 0.441738
v 0.874549 0.276512 0.414923
v 0.875475 0.272614 0.387764
v 0.870037 0.269739 0.361304
v 0.858444 0.267998 0.336561
v 0.841143 0.267459 0.314485
v 0.818797 0.268141 0.295924
v 0.792265 0.270018 0.281593
v 0.762568 0.273018 0.272041
v 0.730846 0.277027 0.267636
v 0.698318 0.281889 0.268547
v 0.666235 0.287419 0.274739
v 0.635829 0.293403 0.285974
v 0.608268 0.299611 0.301820
v 0.584613 0.305806 0.321669
v 0.867114 0.286588 0.442132
v 0.874194 0.286916 0.415695
v 0.874960 0.287718 0.388884
v 0.869382 0.288964 0.362730
v 0.857674 0.290604 0.338237
v 0.840287 0.292577 0.316347
v 0.817888 0.294806 0.297902
v 0.791339 0.297206 0.283609
v 0.761660 0.299684 0.274018
v 0.729990 0.302145 0.269499
v 0.697548 0.304495 0.270223
v 0.665580 0.306643 0.276164
v 0.635314 0.308507 0.287094
v 0.607914 0.310016 0.302592
v 0.584432 0.311110 0.322062
v 0.565772 0.311748 0.344757
v 0.866323 0.291907 0.443442
v 0.872642 0.297350 0.418266
v 0.872706 0.302867 0.392616
v 0.866513 0.308244 0.367480
v 0.854301 0.313275 0.343823
v 0.836539 0.317768 0.322554
v 0.813910 0.321548 0.304491
v 0.787282 0.324472 0.290327
v 0.757681 0.326426 0.280607
v 0.726242 0.327336 0.275705
v 0.694175 0.327166 0.275809
v 0.662711 0.325924 0.280915
v 0.633060 0.323656 0.290826
v 0.606362 0.320450 0.305163
v 0.583641 0.316429 0.323373
v 0.864951 0.297037 0.445620
v 0.869951 0.307414 0.422537
v 0.868800 0.317476 0.398818
v 0.861541 0.326839 0.375373
v 0.848455 0.335140 0.353104
v 0.830043 0.342063 0.332867
v 0.807013 0.347340 0.315438
v 0.780251 0.350769 0.301489
v 0.750785 0.352218 0.291555
v 0.719746 0.351631 0.286018
v 0.688329 0.349031 0.285090
v 0.657739 0.344518 0.288808
v 0.629154 0.338266 0.297028
v 0.603671 0.330513 0.309434
v 0.582269 0.321560 0.325551
v 0.863051 0.301781 0.448581
v 0.866225 0.316719 0.428345
v 0.863391 0.330986 0.407250
v 0.854657 0.344033 0.386105
v 0.840360 0.355359 0.365723
v 0.821049 0.364529 0.346889
v 0.797465 0.371190 0.330324
v 0.770516 0.375086 0.316667
v 0.741236 0.376067 0.306441
v 0.710752 0.374097 0.300040
v 0.680234 0.369250 0.297710
v 0.650855 0.361713 0.299540
v 0.623745 0.351775 0.305460
v 0.599945 0.339819 0.315243
v 0.580370 0.326304 0.328512
v 0.860697 0.305957 0.452211
v 0.861608 0.324910 0.435467
v 0.856688 0.342877 0.417589
v 0.846126 0.359167 0.399264
v 0.830328 0.373155 0.381196
v 0.809901 0.384302 0.364081
v 0.785631 0.392181 0.348576
v 0.758450 0.396488 0.335276
v 0.729402 0.397059 0.324692
v 0.699605 0.393870 0.317233
v 0.670202 0.387046 0.313183
v 0.642324 0.376847 0.312698
v 0.617042 0.363666 0.315799
v 0.595328 0.348009 0.322364
v 0.578016 0.330479 0.332142
v 0.857980 0.309403 0.456372
v 0.856277 0.331670 0.443628
v 0.848947 0.352691 0.429437
v 0.836274 0.371659 0.414343
v 0.818744 0.387843 0.398928
v 0.797030 0.400623 0.383784
v 0.771967 0.409507 0.369492
v 0.744518 0.414154 0.356602
v 0.715738 0.414385 0.345608
v 0.686733 0.410191 0.336935
v 0.658618 0.401734 0.330914
v 0.632472 0.389338 0.327778
v 0.609302 0.373480 0.327647
v 0.589996 0.354770 0.330525
v 0.575298 0.333925 0.336303
v 0.855002 0.311988 0.460902
v 0.850435 0.336741 0.452515
v 0.840468 0.360052 0.442338
v 0.825482 0.381028 0.430764
v 0.806053 0.398860 0.418237
v 0.782929 0.412864 0.405239
v 0.756997 0.422502 0.392268
v 0.729255 0.427404 0.379825
v 0.700768 0.427380 0.368385
v 0.672632 0.422432 0.358390
v 0.645927 0.412751 0.350224
v 0.621680 0.398707 0.344199
v 0.600822 0.380841 0.340549
v 0.584155 0.359840 0.339412
v 0.572320 0.336510 0.340833
v 0.851879 0.313612 0.465629
v 0.844310 0.339926 0.461786
v 0.831574 0.364677 0.455799
v 0.814162 0.386914 0.447896
v 0.792743 0.405782 0.438382
v 0.768139 0.420555 0.427622
v 0.741297 0.430667 0.416031
v 0.713247 0.435728 0.404052
v 0.685068 0.435545 0.392147
v 0.657843 0.430123 0.380774
v 0.632617 0.419672 0.370368
v 0.610360 0.404594 0.361331
v 0.591928 0.385466 0.354009
v 0.578029 0.363026 0.348683
v 0.569197 0.338134 0.345560
v 0.848731 0.314213 0.470370
v 0.838134 0.341105 0.471086
v 0.822609 0.366388 0.469300
v 0.802752 0.389092 0.465079
v 0.779326 0.408342 0.458588
v 0.753231 0.423401 0.450074
v 0.725470 0.433688 0.439865
v 0.697110 0.438808 0.428353
v 0.669241 0.438565 0.415982
v 0.642934 0.432969 0.403225
v 0.619200 0.422233 0.390574
v 0.598950 0.406772 0.378514
v 0.582963 0.387178 0.367510
v 0.571854 0.364204 0.357983
v 0.566049 0.338735 0.350301
v 0.845678 0.313767 0.474943
v 0.832147 0.340231 0.480057
v 0.813917 0.365120 0.482323
v 0.791688 0.387477 0.481655
v 0.766316 0.406444 0.478078
v 0.738776 0.421291 0.471730
v 0.710125 0.431448 0.462855
v 0.681464 0.436525 0.451794
v 0.653896 0.436326 0.438972
v 0.628479 0.430859 0.424882
v 0.606190 0.420335 0.410064
v 0.587886 0.405157 0.395090
v 0.574271 0.385909 0.380533
v 0.565867 0.363331 0.366954
v 0.562997 0.338290 0.354874
v 0.842839 0.312293 0.479173
v 0.826577 0.337338 0.488353
v 0.805831 0.360920 0.494368
v 0.781397 0.382132 0.496985
v 0.754215 0.400159 0.496104
v 0.725329 0.414308 0.491760
v 0.695850 0.424034 0.484119
v 0.666910 0.428966 0.473474
v 0.639621 0.428912 0.460236
v 0.615032 0.423876 0.444911
v 0.594089 0.414050 0.428091
v 0.577595 0.399812 0.410420
v 0.566185 0.381709 0.392578
v 0.560297 0.360438 0.375250
v 0.560157 0.336815 0.359103
v 0.840322 0.309845 0.482896
v 0.821639 0.332538 0.495657
v 0.798662 0.353951 0.504971
v 0.772273 0.373262 0.510480
v 0.743487 0.389729 0.511974
v 0.713409 0.402718 0.509393
v 0.683195 0.411732 0.502838
v 0.654007 0.416422 0.492560
v 0.626966 0.416609 0.478954
v 0.603112 0.412287 0.462544
v 0.583360 0.403620 0.443960
v 0.568471 0.390942 0.423915
v 0.559017 0.374740 0.403181
v 0.555359 0.355638 0.382554
v 0.557640 0.334368 0.362827
v 0.838224 0.306520 0.485970
v 0.817523 0.326014 0.501687
v 0.764668 0.361208 0.521623
v 0.703472 0.386969 0.523951
v 0.593175 0.396537 0.477103
v 0.560866 0.378888 0.435058
v 0.553041 0.365270 0.411936
v 0.551243 0.349114 0.388584
v 0.555542 0.331042 0.365901
vn 0.4262 0.3132 -0.8487
vn -0.8297 0.4834 -0.2791
vn 0.2842 0.3854 -0.8779
vn -0.9136 0.4000 -0.0736
vn 0.1327 0.4482 -0.8840
vn -0.9459 0.2962 0.1321
vn -0.0282 0.5007 -0.8652
vn -0.9292 0.1825 0.3215
vn -0.1974 0.5403 -0.8180
vn 0.7861 0.0407 -0.6168
vn -0.8723 0.0681 0.4842
vn -0.3717 0.5634 -0.7379
vn 0.6795 0.1410 -0.7200
vn -0.5438 0.5646 -0.6209
vn 0.5584 0.2318 -0.7965
vn -0.7017 0.5389 -0.4660
vn 0.5292 0.1423 -0.8365
vn -0.7550 0.3416 -0.5597
vn 0.3881 0.1937 -0.9010
vn -0.8786 0.3085 -0.3645
vn 0.2390 0.2392 -0.9411
vn -0.9555 0.2572 -0.1446
vn 0.0822 0.2790 -0.9568
vn -0.9780 0.1924 0.0803
vn -0.0824 0.3123 -0.9464
vn -0.9491 0.1205 0.2909
vn -0.2537 0.3379 -0.9063
vn 0.7796 0.0212 -0.6259
vn -0.8790 0.0479 0.4745
vn -0.4285 0.3535 -0.8315
vn 0.6608 0.0848 -0.7457
vn -0.5996 0.3559 -0.7168
vn -0.1224 0.1150 -0.9858
vn -0.9614 0.0540 0.2697
vn -0.2922 0.1256 -0.9481
vn 0.7748 0.0005 -0.6322
vn -0.8835 0.0263 0.4677
vn -0.4638 0.1327 -0.8760
vn 0.6465 0.0253 -0.7625
vn -0.6306 0.1352 -0.7642
vn 0.5060 0.0478 -0.8612
vn -0.7818 0.1318 -0.6095
vn 0.3575 0.0680 -0.9314
vn -0.9021 0.1214 -0.4141
vn 0.2031 0.0860 -0.9754
vn -0.9764 0.1040 -0.1894
vn 0.0430 0.1017 -0.9939
vn -0.9957 0.0807 0.0455
vn -0.7842 -0.0724 -0.6163
vn 0.3359 -0.0583 -0.9401
vn -0.9021 -0.0624 -0.4270
vn 0.1780 -0.0667 -0.9818
vn -0.9773 -0.0486 -0.2061
vn 0.0170 -0.0734 -0.9972
vn -0.9991 -0.0319 0.0295
vn -0.1468 -0.0781 -0.9861
vn -0.9658 -0.0137 0.2588
vn -0.3126 -0.0808 -0.9464
vn 0.7720 -0.0208 -0.6353
vn -0.8858 0.0042 0.4641
vn -0.4781 -0.0811 -0.8745
vn 0.6369 -0.0354 -0.7701
vn -0.6384 -0.0785 -0.7657
vn 0.4898 -0.0479 -0.8705
vn -0.9627 -0.0795 0.2588
vn -0.3164 -0.2711 -0.9091
vn 0.7712 -0.0418 -0.6353
vn -0.8857 -0.0175 0.4639
vn -0.4748 -0.2765 -0.8355
vn 0.6328 -0.0952 -0.7685
vn -0.6276 -0.2730 -0.7291
vn 0.4815 -0.1415 -0.8650
vn -0.7676 -0.2587 -0.5864
vn 0.3242 -0.1806 -0.9286
vn -0.8836 -0.2317 -0.4069
vn 0.1647 -0.2128 -0.9631
vn -0.9617 -0.1914 -0.1960
vn 0.0044 -0.2386 -0.9711
vn -0.9897 -0.1393 0.0324
vn -0.1561 -0.2581 -0.9534
vn 0.3231 -0.2953 -0.8991
vn -0.8523 -0.3803 -0.3591
vn 0.1635 -0.3481 -0.9231
vn -0.9340 -0.3185 -0.1620
vn 0.0050 -0.3896 -0.9210
vn -0.9701 -0.2367 0.0534
vn -0.1517 -0.4203 -0.8946
vn -0.9527 -0.1404 0.2695
vn -0.3062 -0.4402 -0.8441
vn 0.7725 -0.0617 -0.6320
vn -0.8834 -0.0379 0.4671
vn -0.4577 -0.4483 -0.7678
vn 0.6344 -0.1521 -0.7579
vn -0.6034 -0.4428 -0.6632
vn 0.4817 -0.2301 -0.8456
vn -0.7380 -0.4211 -0.5273
vn -0.2844 -0.5870 -0.7580
vn 0.7760 -0.0798 -0.6257
vn -0.8789 -0.0562 0.4736
vn -0.4300 -0.5956 -0.6785
vn 0.6420 -0.2042 -0.7390
vn -0.5697 -0.5871 -0.5751
vn 0.4909 -0.3114 -0.8137
vn -0.6998 -0.5583 -0.4457
vn 0.3330 -0.3997 -0.8540
vn -0.8128 -0.5058 -0.2891
vn 0.1745 -0.4701 -0.8652
vn -0.8980 -0.4267 -0.1076
vn 0.0182 -0.5241 -0.8514
vn -0.9428 -0.3210 0.0904
vn -0.1348 -0.5629 -0.8154
vn -0.9371 -0.1940 0.2902
vn -0.7682 -0.6079 -0.2011
vn 0.1975 -0.5775 -0.7922
vn -0.8567 -0.5146 -0.0363
vn 0.0434 -0.6415 -0.7659
vn -0.9099 -0.3900 0.1415
vn -0.1068 -0.6860 -0.7197
vn -0.9169 -0.2387 0.3200
vn -0.2527 -0.7120 -0.6551
vn 0.7815 -0.0956 -0.6166
vn -0.8726 -0.0718 0.4832
vn -0.3939 -0.7194 -0.5720
vn 0.6556 -0.2500 -0.7125
vn -0.5294 -0.7066 -0.4695
vn 0.5092 -0.3830 -0.7707
vn -0.6560 -0.6707 -0.3461
vn 0.3540 -0.4920 -0.7954
vn -0.8647 -0.0840 0.4953
vn -0.3507 -0.8208 -0.4509
vn 0.6751 -0.2877 -0.6793
vn -0.4836 -0.8027 -0.3490
vn 0.5367 -0.4434 -0.7179
vn -0.6083 -0.7592 -0.2315
vn 0.3863 -0.5704 -0.7249
vn -0.7203 -0.6867 -0.0982
vn 0.2325 -0.6690 -0.7060
vn -0.8121 -0.5815 0.0489
vn 0.0803 -0.7412 -0.6664
vn -0.8733 -0.4423 0.2041
vn -0.0681 -0.7897 -0.6097
vn -0.8932 -0.2729 0.3575
vn -0.2119 -0.8161 -0.5376
vn 0.7888 -0.1082 -0.6050
vn -0.7654 -0.6270 0.1453
vn 0.1288 -0.8225 -0.5539
vn -0.8343 -0.4772 0.2760
vn -0.0190 -0.8737 -0.4860
vn -0.8670 -0.2958 0.4010
vn -0.1624 -0.8992 -0.4063
vn 0.7979 -0.1173 -0.5913
vn -0.8555 -0.0925 0.5095
vn -0.3007 -0.8999 -0.3158
vn 0.7000 -0.3161 -0.6404
vn -0.4329 -0.8754 -0.2150
vn 0.5732 -0.4904 -0.6565
vn -0.5573 -0.8238 -0.1038
vn 0.4297 -0.6332 -0.6437
vn -0.6701 -0.7421 0.0170
vn 0.2795 -0.7433 -0.6078
vn 0.7297 -0.3338 -0.5968
vn -0.3773 -0.9236 -0.0681
vn 0.6180 -0.5222 -0.5877
vn -0.5030 -0.8636 0.0356
vn 0.4841 -0.6782 -0.5529
vn -0.6178 -0.7733 0.1425
vn 0.3386 -0.7983 -0.4980
vn -0.7171 -0.6505 0.2503
vn 0.1892 -0.8835 -0.4286
vn -0.7937 -0.4942 0.3546
vn 0.0408 -0.9364 -0.3487
vn -0.8392 -0.3069 0.4490
vn -0.1040 -0.9597 -0.2610
vn 0.8082 -0.1224 -0.5760
vn -0.8454 -0.0968 0.5253
vn -0.2438 -0.9553 -0.1672
vn 0.2616 -0.9205 -0.2904
vn -0.7523 -0.4929 0.4371
vn 0.1115 -0.9740 -0.1974
vn -0.8105 -0.3061 0.4994
vn -0.0365 -0.9941 -0.1017
vn 0.8194 -0.1234 -0.5598
vn -0.8348 -0.0969 0.5420
vn -0.1798 -0.9837 -0.0053
vn 0.7631 -0.3398 -0.5498
vn -0.3166 -0.9442 0.0906
vn 0.6700 -0.5367 -0.5129
vn -0.4453 -0.8761 0.1847
vn 0.5487 -0.7024 -0.4534
vn -0.5636 -0.7787 0.2755
vn 0.4096 -0.8306 -0.3772
vn -0.6677 -0.6511 0.3609
vn -0.2508 -0.9330 0.2583
vn 0.7275 -0.5317 -0.4338
vn -0.3843 -0.8583 0.3401
vn 0.6219 -0.7021 -0.3467
vn -0.5074 -0.7566 0.4124
vn 0.4912 -0.8355 -0.2465
vn -0.6175 -0.6281 0.4734
vn 0.3452 -0.9280 -0.1400
vn -0.7107 -0.4732 0.5205
vn 0.1926 -0.9807 -0.0330
vn -0.7817 -0.2934 0.5504
vn 0.0399 -0.9967 0.0704
vn 0.8311 -0.1201 -0.5430
vn -0.8239 -0.0929 0.5590
vn -0.1087 -0.9798 0.1680
vn 0.7989 -0.3331 -0.5008
vn -0.6696 -0.4357 0.6014
vn 0.2824 -0.9488 0.1413
vn -0.7535 -0.2694 0.5997
vn 0.1239 -0.9599 0.2515
vn 0.8427 -0.1125 -0.5265
vn -0.8133 -0.0848 0.5756
vn -0.0317 -0.9370 0.3480
vn 0.8354 -0.3135 -0.4515
vn -0.1806 -0.8847 0.4297
vn 0.7876 -0.5053 -0.3526
vn -0.3205 -0.8067 0.4964
vn 0.7006 -0.6736 -0.2354
vn -0.4499 -0.7052 0.5479
vn 0.5805 -0.8070 -0.1084
vn -0.5672 -0.5813 0.5834
vn 0.4376 -0.8990 0.0197
vn 0.8470 -0.4565 -0.2726
vn -0.2554 -0.7197 0.6456
vn 0.7798 -0.6136 -0.1239
vn -0.3922 -0.6244 0.6755
vn 0.6723 -0.7396 0.0316
vn -0.5175 -0.5115 0.6860
vn 0.5337 -0.8259 0.1820
vn -0.6298 -0.3815 0.6766
vn 0.3763 -0.8704 0.3177
vn -0.7265 -0.2351 0.6457
vn 0.2117 -0.8763 0.4328
vn 0.8538 -0.1011 -0.5108
vn -0.8033 -0.0732 0.5911
vn 0.0485 -0.8494 0.5255
vn 0.8706 -0.2811 -0.4038
vn -0.1081 -0.7957 0.5960
vn 0.4666 -0.7409 0.4831
vn -0.7016 -0.1917 0.6863
vn 0.2970 -0.7424 0.6005
vn 0.8638 -0.0860 -0.4964
vn -0.7941 -0.0583 0.6050
vn 0.1270 -0.7153 0.6871
vn 0.9025 -0.2369 -0.3597
vn -0.0369 -0.6657 0.7453
vn 0.9011 -0.3859 -0.1976
vn -0.1916 -0.5983 0.7780
vn 0.8532 -0.5213 -0.0183
vn -0.3361 -0.5162 0.7878
vn 0.7584 -0.6306 0.1645
vn -0.4699 -0.4208 0.7760
vn 0.6251 -0.7047 0.3357
vn -0.5924 -0.3127 0.7425
vn -0.1327 -0.4482 0.8840
vn 0.9136 -0.4000 0.0736
vn -0.2842 -0.3854 0.8779
vn 0.8297 -0.4834 0.2791
vn -0.4262 -0.3132 0.8487
vn 0.7017 -0.5389 0.4660
vn -0.5584 -0.2318 0.7965
vn 0.5438 -0.5646 0.6209
vn -0.6795 -0.1410 0.7200
vn 0.3716 -0.5634 0.7379
vn 0.8723 -0.0681 -0.4842
vn -0.7861 -0.0407 0.6168
vn 0.1974 -0.5403 0.8180
vn 0.9292 -0.1825 -0.3215
vn 0.0282 -0.5007 0.8652
vn 0.9459 -0.2962 -0.1321
vn -0.6608 -0.0848 0.7457
vn 0.4285 -0.3535 0.8315
vn 0.8790 -0.0479 -0.4745
vn -0.7796 -0.0212 0.6259
vn 0.2537 -0.3379 0.9063
vn 0.9491 -0.1205 -0.2909
vn 0.0824 -0.3123 0.9464
vn 0.9780 -0.1924 -0.0803
vn -0.0822 -0.2790 0.9568
vn 0.9555 -0.2572 0.1446
vn -0.2390 -0.2392 0.9411
vn 0.8786 -0.3085 0.3645
vn -0.3881 -0.1937 0.9010
vn 0.7550 -0.3416 0.5597
vn -0.5292 -0.1423 0.8365
vn 0.5996 -0.3559 0.7168
vn -0.2031 -0.0860 0.9754
vn 0.9021 -0.1214 0.4141
vn -0.3575 -0.0680 0.9314
vn 0.7818 -0.1318 0.6095
vn -0.5060 -0.0478 0.8612
vn 0.6306 -0.1352 0.7642
vn -0.6465 -0.0253 0.7625
vn 0.4638 -0.1327 0.8760
vn 0.8835 -0.0263 -0.4677
vn -0.7748 -0.0004 0.6322
vn 0.2922 -0.1256 0.9481
vn 0.9614 -0.0540 -0.2697
vn 0.1224 -0.1150 0.9858
vn 0.9957 -0.0807 -0.0455
vn -0.0430 -0.1017 0.9939
vn 0.9764 -0.1040 0.1894
vn 0.8858 -0.0042 -0.4641
vn -0.7720 0.0208 0.6353
vn 0.3126 0.0808 0.9464
vn 0.9658 0.0137 -0.2588
vn 0.1468 0.0781 0.9861
vn 0.9991 0.0319 -0.0295
vn -0.0170 0.0734 0.9972
vn 0.9773 0.0486 0.2061
vn -0.1780 0.0667 0.9818
vn 0.9021 0.0624 0.4270
vn -0.3359 0.0583 0.9401
vn 0.7841 0.0724 0.6163
vn -0.4898 0.0479 0.8705
vn 0.6384 0.0785 0.7657
vn -0.6369 0.0354 0.7701
vn 0.4781 0.0811 0.8745
vn 0.8836 0.2317 0.4069
vn -0.3242 0.1806 0.9286
vn 0.7676 0.2587 0.5864
vn -0.4815 0.1415 0.8650
vn 0.6276 0.2730 0.7291
vn -0.6328 0.0952 0.7685
vn 0.4748 0.2765 0.8355
vn 0.8857 0.0175 -0.4639
vn -0.7712 0.0418 0.6353
vn 0.3164 0.2711 0.9091
vn 0.9627 0.0794 -0.2588
vn 0.1561 0.2581 0.9534
vn 0.9897 0.1393 -0.0324
vn -0.0044 0.2386 0.9711
vn 0.9617 0.1914 0.1960
vn -0.1647 0.2128 0.9631
vn 0.3062 0.4402 0.8441
vn 0.9527 0.1404 -0.2695
vn 0.1517 0.4203 0.8946
vn 0.9701 0.2367 -0.0534
vn -0.0050 0.3896 0.9210
vn 0.9340 0.3185 0.1620
vn -0.1635 0.3481 0.9231
vn 0.8523 0.3803 0.3591
vn -0.3231 0.2953 0.8991
vn 0.7379 0.4211 0.5273
vn -0.4817 0.2301 0.8456
vn 0.6034 0.4428 0.6632
vn -0.6344 0.1521 0.7579
vn 0.4577 0.4483 0.7678
vn 0.8834 0.0379 -0.4671
vn -0.7725 0.0617 0.6320
vn -0.3330 0.3997 0.8540
vn 0.6998 0.5583 0.4457
vn -0.4909 0.3113 0.8137
vn 0.5697 0.5871 0.5751
vn -0.6420 0.2042 0.7390
vn 0.4300 0.5956 0.6785
vn 0.8789 0.0563 -0.4737
vn -0.7760 0.0799 0.6257
vn 0.2844 0.5870 0.7580
vn 0.9371 0.1940 -0.2902
vn 0.1348 0.5629 0.8154
vn 0.9428 0.3210 -0.0904
vn -0.0182 0.5241 0.8514
vn 0.8980 0.4267 0.1076
vn -0.1745 0.4701 0.8652
vn 0.8128 0.5058 0.2891
vn 0.9169 0.2387 -0.3200
vn 0.1068 0.6860 0.7197
vn 0.9099 0.3900 -0.1415
vn -0.0434 0.6415 0.7659
vn 0.8567 0.5146 0.0363
vn -0.1975 0.5775 0.7922
vn 0.7682 0.6079 0.2011
vn -0.3540 0.4920 0.7954
vn 0.6560 0.6707 0.3461
vn -0.5092 0.3830 0.7707
vn 0.5294 0.7066 0.4695
vn -0.6556 0.2500 0.7126
vn 0.3939 0.7194 0.5720
vn 0.8726 0.0718 -0.4832
vn -0.7815 0.0956 0.6166
vn 0.2527 0.7120 0.6551
vn 0.6083 0.7592 0.2315
vn -0.5367 0.4433 0.7179
vn 0.4836 0.8027 0.3490
vn -0.6751 0.2877 0.6793
vn 0.3507 0.8208 0.4509
vn 0.8647 0.0840 -0.4952
vn -0.7888 0.1082 0.6050
vn 0.2119 0.8161 0.5376
vn 0.8932 0.2729 -0.3574
vn 0.0681 0.7897 0.6097
vn 0.8733 0.4423 -0.2041
vn -0.0803 0.7412 0.6664
vn 0.8121 0.5815 -0.0489
vn -0.2325 0.6690 0.7060
vn 0.7203 0.6867 0.0982
vn -0.3863 0.5704 0.7249
vn 0.0190 0.8737 0.4860
vn 0.8343 0.4772 -0.2761
vn -0.1288 0.8225 0.5539
vn 0.7654 0.6270 -0.1453
vn -0.2795 0.7433 0.6078
vn 0.6701 0.7421 -0.0170
vn -0.4297 0.6332 0.6437
vn 0.5573 0.8238 0.1038
vn -0.5732 0.4904 0.6565
vn 0.4329 0.8754 0.2150
vn -0.7000 0.3161 0.6404
vn 0.3007 0.8999 0.3158
vn 0.8555 0.0925 -0.5095
vn -0.7979 0.1173 0.5913
vn 0.1624 0.8992 0.4063
vn 0.8670 0.2958 -0.4010
vn -0.6179 0.5222 0.5877
vn 0.3773 0.9236 0.0681
vn -0.7297 0.3338 0.5968
vn 0.2438 0.9553 0.1672
vn 0.8454 0.0968 -0.5253
vn -0.8082 0.1224 0.5760
vn 0.1040 0.9597 0.2610
vn 0.8392 0.3070 -0.4490
vn -0.0408 0.9364 0.3487
vn 0.7937 0.4942 -0.3546
vn -0.1892 0.8835 0.4286
vn 0.7171 0.6505 -0.2503
vn -0.3386 0.7983 0.4980
vn 0.6178 0.7733 -0.1425
vn -0.4841 0.6782 0.5529
vn 0.5030 0.8636 -0.0356
vn -0.2616 0.9205 0.2904
vn 0.6677 0.6511 -0.3609
vn -0.4096 0.8306 0.3772
vn 0.5636 0.7787 -0.2755
vn -0.5487 0.7024 0.4534
vn 0.4453 0.8761 -0.1847
vn -0.6700 0.5367 0.5129
vn 0.3166 0.9442 -0.0906
vn -0.7631 0.3398 0.5498
vn 0.1798 0.9837 0.0053
vn 0.8347 0.0969 -0.5420
vn -0.8194 0.1234 0.5598
vn 0.0365 0.9941 0.1017
vn 0.8105 0.3061 -0.4994
vn -0.1115 0.9740 0.1974
vn 0.7523 0.4929 -0.4371
vn -0.7989 0.3331 0.5008
vn 0.1087 0.9798 -0.1680
vn 0.8240 0.0929 -0.5590
vn -0.8311 0.1201 0.5430
vn -0.0399 0.9967 -0.0704
vn 0.7817 0.2934 -0.5503
vn -0.1926 0.9807 0.0330
vn 0.7107 0.4732 -0.5205
vn -0.3452 0.9280 0.1400
vn 0.6175 0.6281 -0.4734
vn -0.4912 0.8355 0.2465
vn 0.5074 0.7566 -0.4124
vn -0.6219 0.7021 0.3467
vn 0.3843 0.8583 -0.3401
vn -0.7275 0.5317 0.4338
vn 0.2508 0.9330 -0.2582
vn 0.5672 0.5813 -0.5834
vn -0.5805 0.8070 0.1084
vn 0.4499 0.7052 -0.5479
vn -0.7006 0.6736 0.2354
vn 0.3205 0.8067 -0.4964
vn -0.7877 0.5053 0.3526
vn 0.1806 0.8847 -0.4297
vn -0.8354 0.3135 0.4515
vn 0.0317 0.9370 -0.3480
vn 0.8133 0.0848 -0.5756
vn -0.8427 0.1126 0.5265
vn -0.1239 0.9599 -0.2515
vn 0.7535 0.2694 -0.5998
vn -0.2824 0.9488 -0.1413
vn 0.6696 0.4357 -0.6015
vn -0.4376 0.8990 -0.0197
vn -0.0485 0.8494 -0.5255
vn 0.8033 0.0731 -0.5911
vn -0.8538 0.1011 0.5108
vn -0.2117 0.8763 -0.4328
vn 0.7265 0.2351 -0.6457
vn -0.3763 0.8704 -0.3177
vn 0.6298 0.3815 -0.6766
vn -0.5337 0.8259 -0.1820
vn 0.5175 0.5115 -0.6860
vn -0.6723 0.7396 -0.0316
vn 0.3922 0.6244 -0.6755
vn -0.7798 0.6136 0.1239
vn 0.2554 0.7197 -0.6456
vn -0.8470 0.4565 0.2726
vn 0.1081 0.7957 -0.5960
vn -0.8706 0.2811 0.4038
vn -0.7584 0.6306 -0.1645
vn 0.3361 0.5162 -0.7878
vn -0.8532 0.5213 0.0183
vn 0.1916 0.5983 -0.7780
vn -0.9011 0.3859 0.1976
vn 0.0369 0.6657 -0.7453
vn -0.9025 0.2369 0.3597
vn -0.1270 0.7153 -0.6871
vn 0.7941 0.0582 -0.6050
vn -0.8638 0.0861 0.4965
vn -0.2970 0.7425 -0.6005
vn 0.7016 0.1917 -0.6863
vn -0.4666 0.7409 -0.4831
vn 0.5924 0.3127 -0.7425
vn -0.6251 0.7047 -0.3357
vn 0.4699 0.4208 -0.7759
vn 0.4262 0.3132 0.8487
vn -0.8297 0.4834 0.2791
vn 0.2842 0.3854 0.8779
vn -0.9136 0.4000 0.0736
vn 0.1327 0.4482 0.8840
vn -0.9459 0.2962 -0.1321
vn -0.0282 0.5007 0.8652
vn -0.9292 0.1825 -0.3215
vn -0.1974 0.5403 0.8180
vn 0.7861 0.0407 0.6168
vn -0.8723 0.0681 -0.4842
vn -0.3717 0.5634 0.7379
vn 0.6795 0.1410 0.7200
vn -0.5438 0.5646 0.6209
vn 0.5584 0.2318 0.7965
vn -0.7017 0.5389 0.4660
vn 0.5292 0.1423 0.8365
vn -0.7550 0.3416 0.5597
vn 0.3881 0.1937 0.9010
vn -0.8786 0.3085 0.3645
vn 0.2390 0.2392 0.9411
vn -0.9555 0.2572 0.1446
vn 0.0822 0.2790 0.9568
vn -0.9780 0.1924 -0.0803
vn -0.0824 0.3123 0.9464
vn -0.9491 0.1205 -0.2909
vn -0.2537 0.3379 0.9063
vn 0.7796 0.0212 0.6259
vn -0.8790 0.0479 -0.4745
vn -0.4285 0.3535 0.8315
vn 0.6608 0.0848 0.7457
vn -0.5996 0.3559 0.7168
vn -0.1224 0.1150 0.9858
vn -0.9614 0.0540 -0.2697
vn -0.2922 0.1256 0.9481
vn 0.7748 0.0005 0.6322
vn -0.8835 0.0263 -0.4677
vn -0.4638 0.1327 0.8760
vn 0.6465 0.0253 0.7625
vn -0.6306 0.1352 0.7642
vn 0.5060 0.0478 0.8612
vn -0.7818 0.1318 0.6095
vn 0.3575 0.0680 0.9314
vn -0.9021 0.1214 0.4141
vn 0.2031 0.0860 0.9754
vn -0.9764 0.1040 0.1894
vn 0.0430 0.1017 0.9939
vn -0.9957 0.0807 -0.0455
vn -0.7842 -0.0724 0.6163
vn 0.3359 -0.0583 0.9401
vn -0.9021 -0.0624 0.4270
vn 0.1780 -0.0667 0.9818
vn -0.9773 -0.0486 0.2061
vn 0.0170 -0.0734 0.9972
vn -0.9991 -0.0319 -0.0295
vn -0.1468 -0.0781 0.9861
vn -0.9658 -0.0137 -0.2588
vn -0.3126 -0.0808 0.9464
vn 0.7720 -0.0208 0.6353
vn -0.8858 0.0042 -0.4641
vn -0.4781 -0.0811 0.8745
vn 0.6369 -0.0354 0.7701
vn -0.6384 -0.0785 0.7657
vn 0.4898 -0.0479 0.8705
vn -0.9627 -0.0795 -0.2588
vn -0.3164 -0.2711 0.9091
vn 0.7712 -0.0418 0.6353
vn -0.8857 -0.0175 -0.4639
vn -0.4748 -0.2765 0.8355
vn 0.6328 -0.0952 0.7685
vn -0.6276 -0.2730 0.7291
vn 0.4815 -0.1415 0.8650
vn -0.7676 -0.2587 0.5864
vn 0.3242 -0.1806 0.9286
vn -0.8836 -0.2317 0.4069
vn 0.1647 -0.2128 0.9631
vn -0.9617 -0.1914 0.1960
vn 0.0044 -0.2386 0.9711
vn -0.9897 -0.1393 -0.0324
vn -0.1561 -0.2581 0.9534
vn 0.3231 -0.2953 0.8991
vn -0.8523 -0.3803 0.3591
vn 0.1635 -0.3481 0.9231
vn -0.9340 -0.3185 0.1620
vn 0.0050 -0.3896 0.9210
vn -0.9701 -0.2367 -0.0534
vn -0.1517 -0.4203 0.8946
vn -0.9527 -0.1404 -0.2695
vn -0.3062 -0.4402 0.8441
vn 0.7725 -0.0617 0.6320
vn -0.8834 -0.0379 -0.4671
vn -0.4577 -0.4483 0.7678
vn 0.6344 -0.1521 0.7579
vn -0.6034 -0.4428 0.6632
vn 0.4817 -0.2301 0.8456
vn -0.7380 -0.4211 0.5273
vn -0.2844 -0.5870 0.7580
vn 0.7760 -0.0798 0.6257
vn -0.8789 -0.0562 -0.4736
vn -0.4300 -0.5956 0.6785
vn 0.6420 -0.2042 0.7390
vn -0.5697 -0.5871 0.5751
vn 0.4909 -0.3113 0.8137
vn -0.6998 -0.5583 0.4457
vn 0.3330 -0.3997 0.8540
vn -0.8128 -0.5058 0.2891
vn 0.1745 -0.4701 0.8652
vn -0.8980 -0.4267 0.1076
vn 0.0182 -0.5241 0.8514
vn -0.9428 -0.3210 -0.0904
vn -0.1348 -0.5629 0.8154
vn -0.9371 -0.1940 -0.2902
vn -0.7682 -0.6079 0.2011
vn 0.1975 -0.5775 0.7922
vn -0.8567 -0.5146 0.0363
vn 0.0434 -0.6415 0.7659
vn -0.9099 -0.3900 -0.1415
vn -0.1068 -0.6860 0.7197
vn -0.9169 -0.2387 -0.3200
vn -0.2527 -0.7120 0.6551
vn 0.7815 -0.0956 0.6166
vn -0.8726 -0.0718 -0.4832
vn -0.3939 -0.7194 0.5720
vn 0.6556 -0.2500 0.7125
vn -0.5294 -0.7066 0.4695
vn 0.5092 -0.3830 0.7707
vn -0.6560 -0.6707 0.3461
vn 0.3540 -0.4920 0.7954
vn -0.8647 -0.0840 -0.4953
vn -0.3507 -0.8208 0.4509
vn 0.6751 -0.2877 0.6793
vn -0.4836 -0.8027 0.3490
vn 0.5367 -0.4434 0.7179
vn -0.6083 -0.7592 0.2315
vn 0.3863 -0.5704 0.7249
vn -0.7203 -0.6867 0.0982
vn 0.2325 -0.6690 0.7060
vn -0.8121 -0.5815 -0.0489
vn 0.0803 -0.7412 0.6664
vn -0.8733 -0.4423 -0.2041
vn -0.0681 -0.7897 0.6097
vn -0.8932 -0.2729 -0.3575
vn -0.2119 -0.8161 0.5376
vn 0.7888 -0.1082 0.6050
vn -0.7654 -0.6270 -0.1453
vn 0.1288 -0.8225 0.5539
vn -0.8343 -0.4772 -0.2760
vn -0.0190 -0.8737 0.4860
vn -0.8670 -0.2958 -0.4010
vn -0.1624 -0.8992 0.4063
vn 0.7979 -0.1173 0.5913
vn -0.8555 -0.0925 -0.5095
vn -0.3007 -0.8999 0.3158
vn 0.7000 -0.3161 0.6404
vn -0.4329 -0.8754 0.2150
vn 0.5732 -0.4904 0.6565
vn -0.5573 -0.8238 0.1038
vn 0.4297 -0.6332 0.6437
vn -0.6701 -0.7421 -0.0170
vn 0.2795 -0.7433 0.6078
vn 0.7297 -0.3338 0.5968
vn -0.3773 -0.9236 0.0681
vn 0.6180 -0.5222 0.5877
vn -0.5030 -0.8636 -0.0356
vn 0.4841 -0.6782 0.5529
vn -0.6178 -0.7733 -0.1425
vn 0.3386 -0.7983 0.4980
vn -0.7171 -0.6505 -0.2503
vn 0.1892 -0.8835 0.4286
vn -0.7937 -0.4942 -0.3546
vn 0.0408 -0.9364 0.3487
vn -0.8392 -0.3069 -0.4490
vn -0.1040 -0.9597 0.2610
vn 0.8082 -0.1224 0.5760
vn -0.8454 -0.0968 -0.5253
vn -0.2438 -0.9553 0.1672
vn 0.2616 -0.9205 0.2904
vn -0.7523 -0.4929 -0.4371
vn 0.1115 -0.9740 0.1974
vn -0.8105 -0.3061 -0.4994
vn -0.0365 -0.9941 0.1017
vn 0.8194 -0.1234 0.5598
vn -0.8348 -0.0969 -0.5420
vn -0.1798 -0.9837 0.0053
vn 0.7631 -0.3398 0.5498
vn -0.3166 -0.9442 -0.0906
vn 0.6700 -0.5367 0.5129
vn -0.4453 -0.8761 -0.1847
vn 0.5487 -0.7024 0.4534
vn -0.5636 -0.7787 -0.2755
vn 0.4096 -0.8306 0.3772
vn -0.6677 -0.6511 -0.3609
vn -0.2508 -0.9330 -0.2583
vn 0.7275 -0.5317 0.4338
vn -0.3843 -0.8583 -0.3401
vn 0.6219 -0.7021 0.3467
vn -0.5074 -0.7566 -0.4124
vn 0.4912 -0.8355 0.2465
vn -0.6175 -0.6281 -0.4734
vn 0.3452 -0.9280 0.1400
vn -0.7107 -0.4732 -0.5205
vn 0.1926 -0.9807 0.0330
vn -0.7817 -0.2934 -0.5504
vn 0.0399 -0.9967 -0.0704
vn 0.8311 -0.1201 0.5430
vn -0.8239 -0.0929 -0.5590
vn -0.1087 -0.9798 -0.1680
vn 0.7989 -0.3331 0.5008
vn -0.6696 -0.4357 -0.6014
vn 0.2824 -0.9488 -0.1413
vn -0.7535 -0.2694 -0.5997
vn 0.1239 -0.9599 -0.2515
vn 0.8427 -0.1125 0.5265
vn -0.8133 -0.0848 -0.5756
vn -0.0317 -0.9370 -0.3480
vn 0.8354 -0.3135 0.4515
vn -0.1806 -0.8847 -0.4297
vn 0.7876 -0.5053 0.3526
vn -0.3205 -0.8067 -0.4964
vn 0.7006 -0.6736 0.2354
vn -0.4499 -0.7052 -0.5479
vn 0.5805 -0.8070 0.1084
vn -0.5672 -0.5813 -0.5834
vn 0.4376 -0.8990 -0.0197
vn 0.8470 -0.4565 0.2726
vn -0.2554 -0.7197 -0.6456
vn 0.7798 -0.6136 0.1239
vn -0.3922 -0.6244 -0.6755
vn 0.6723 -0.7396 -0.0316
vn -0.5175 -0.5115 -0.6860
vn 0.5337 -0.8259 -0.1820
vn -0.6298 -0.3815 -0.6766
vn 0.3763 -0.8704 -0.3177
vn -0.7265 -0.2351 -0.6457
vn 0.2117 -0.8763 -0.4328
vn 0.8538 -0.1011 0.5108
vn -0.8033 -0.0732 -0.5911
vn 0.0485 -0.8494 -0.5255
vn 0.8706 -0.2811 0.4038
vn -0.1081 -0.7957 -0.5960
vn 0.4666 -0.7409 -0.4831
vn -0.7016 -0.1917 -0.6863
vn 0.2970 -0.7424 -0.6005
vn 0.8638 -0.0860 0.4964
vn -0.7941 -0.0583 -0.6050
vn 0.1270 -0.7153 -0.6871
vn 0.9025 -0.2369 0.3597
vn -0.0369 -0.6657 -0.7453
vn 0.9011 -0.3859 0.1976
vn -0.1916 -0.5983 -0.7780
vn 0.8532 -0.5213 0.0183
vn -0.3361 -0.5162 -0.7878
vn 0.7584 -0.6306 -0.1645
vn -0.4699 -0.4208 -0.7760
vn 0.6251 -0.7047 -0.3357
vn -0.5924 -0.3127 -0.7425
vn -0.1327 -0.4482 -0.8840
vn 0.9136 -0.4000 -0.0736
vn -0.2842 -0.3854 -0.8779
vn 0.8297 -0.4834 -0.2791
vn -0.4262 -0.3132 -0.8487
vn 0.7017 -0.5389 -0.4660
vn -0.5584 -0.2318 -0.7965
vn 0.5438 -0.5646 -0.6209
vn -0.6795 -0.1410 -0.7200
vn 0.3716 -0.5634 -0.7379
vn 0.8723 -0.0681 0.4842
vn -0.7861 -0.0407 -0.6168
vn 0.1974 -0.5403 -0.8180
vn 0.9292 -0.1825 0.3215
vn 0.0282 -0.5007 -0.8652
vn 0.9459 -0.2962 0.1321
vn -0.6608 -0.0848 -0.7457
vn 0.4285 -0.3535 -0.8315
vn 0.8790 -0.0479 0.4745
vn -0.7796 -0.0212 -0.6259
vn 0.2537 -0.3379 -0.9063
vn 0.9491 -0.1205 0.2909
vn 0.0824 -0.3123 -0.9464
vn 0.9780 -0.1924 0.0803
vn -0.0822 -0.2790 -0.9568
vn 0.9555 -0.2572 -0.1446
vn -0.2390 -0.2392 -0.9411
vn 0.8786 -0.3085 -0.3645
vn -0.3881 -0.1937 -0.9010
vn 0.7550 -0.3416 -0.5597
vn -0.5292 -0.1423 -0.8365
vn 0.5996 -0.3559 -0.7168
vn -0.2031 -0.0860 -0.9754
vn 0.9021 -0.1214 -0.4141
vn -0.3575 -0.0680 -0.9314
vn 0.7818 -0.1318 -0.6095
vn -0.5060 -0.0478 -0.8612
vn 0.6306 -0.1352 -0.7642
vn -0.6465 -0.0253 -0.7625
vn 0.4638 -0.1327 -0.8760
vn 0.8835 -0.0263 0.4677
vn -0.7748 -0.0004 -0.6322
vn 0.2922 -0.1256 -0.9481
vn 0.9614 -0.0540 0.2697
vn 0.1224 -0.1150 -0.9858
vn 0.9957 -0.0807 0.0455
vn -0.0430 -0.1017 -0.9939
vn 0.9764 -0.1040 -0.1894
vn 0.8858 -0.0042 0.4641
vn -0.7720 0.0208 -0.6353
vn 0.3126 0.0808 -0.9464
vn 0.9658 0.0137 0.2588
vn 0.1468 0.0781 -0.9861
vn 0.9991 0.0319 0.0295
vn -0.0170 0.0734 -0.9972
vn 0.9773 0.0486 -0.2061
vn -0.1780 0.0667 -0.9818
vn 0.9021 0.0624 -0.4270
vn -0.3359 0.0583 -0.9401
vn 0.7841 0.0724 -0.6163
vn -0.4898 0.0479 -0.8705
vn 0.6384 0.0785 -0.7657
vn -0.6369 0.0354 -0.7701
vn 0.4781 0.0811 -0.8745
vn 0.8836 0.2317 -0.4069
vn -0.3242 0.1806 -0.9286
vn 0.7676 0.2587 -0.5864
vn -0.4815 0.1415 -0.8650
vn 0.6276 0.2730 -0.7291
vn -0.6328 0.0952 -0.7685
vn 0.4748 0.2765 -0.8355
vn 0.8857 0.0175 0.4639
vn -0.7712 0.0418 -0.6353
vn 0.3164 0.2711 -0.9091
vn 0.9627 0.0794 0.2588
vn 0.1561 0.2581 -0.9534
vn 0.9897 0.1393 0.0324
vn -0.0044 0.2386 -0.9711
vn 0.9617 0.1914 -0.1960
vn -0.1647 0.2128 -0.9631
vn 0.3062 0.4402 -0.8441
vn 0.9527 0.1403 0.2695
vn 0.1517 0.4203 -0.8946
vn 0.9701 0.2367 0.0534
vn -0.0050 0.3896 -0.9210
vn 0.9340 0.3185 -0.1620
vn -0.1635 0.3481 -0.9231
vn 0.8523 0.3803 -0.3591
vn -0.3231 0.2953 -0.8991
vn 0.7379 0.4211 -0.5273
vn -0.4817 0.2301 -0.8456
vn 0.6034 0.4428 -0.6632
vn -0.6344 0.1521 -0.7579
vn 0.4577 0.4483 -0.7678
vn 0.8834 0.0379 0.4671
vn -0.7725 0.0617 -0.6320
vn -0.3330 0.3997 -0.8540
vn 0.6998 0.5583 -0.4457
vn -0.4909 0.3113 -0.8137
vn 0.5697 0.5871 -0.5751
vn -0.6420 0.2042 -0.7390
vn 0.4300 0.5956 -0.6785
vn 0.8789 0.0563 0.4737
vn -0.7760 0.0799 -0.6257
vn 0.2844 0.5870 -0.7580
vn 0.9371 0.1940 0.2902
vn 0.1348 0.5629 -0.8154
vn 0.9428 0.3210 0.0904
vn -0.0182 0.5241 -0.8514
vn 0.8980 0.4267 -0.1076
vn -0.1745 0.4701 -0.8652
vn 0.8128 0.5058 -0.2891
vn 0.9169 0.2387 0.3200
vn 0.1068 0.6860 -0.7197
vn 0.9099 0.3900 0.1415
vn -0.0434 0.6415 -0.7659
vn 0.8567 0.5146 -0.0363
vn -0.1975 0.5774 -0.7922
vn 0.7682 0.6079 -0.2011
vn -0.3540 0.4920 -0.7954
vn 0.6560 0.6707 -0.3461
vn -0.5092 0.3830 -0.7707
vn 0.5294 0.7066 -0.4695
vn -0.6556 0.2500 -0.7126
vn 0.3939 0.7194 -0.5720
vn 0.8726 0.0718 0.4832
vn -0.7815 0.0956 -0.6166
vn 0.2527 0.7120 -0.6551
vn 0.6083 0.7592 -0.2315
vn -0.5367 0.4433 -0.7179
vn 0.4836 0.8027 -0.3490
vn -0.6751 0.2877 -0.6793
vn 0.3507 0.8208 -0.4509
vn 0.8647 0.0840 0.4952
vn -0.7888 0.1082 -0.6050
vn 0.2119 0.8161 -0.5376
vn 0.8932 0.2729 0.3574
vn 0.0681 0.7897 -0.6097
vn 0.8733 0.4423 0.2041
vn -0.0803 0.7412 -0.6664
vn 0.8121 0.5815 0.0489
vn -0.2325 0.6690 -0.7060
vn 0.7203 0.6867 -0.0982
vn -0.3863 0.5704 -0.7249
vn 0.0190 0.8737 -0.4860
vn 0.8343 0.4772 0.2761
vn -0.1288 0.8225 -0.5539
vn 0.7654 0.6270 0.1453
vn -0.2795 0.7433 -0.6078
vn 0.6701 0.7421 0.0170
vn -0.4297 0.6332 -0.6437
vn 0.5573 0.8238 -0.1038
vn -0.5732 0.4904 -0.6565
vn 0.4329 0.8754 -0.2150
vn -0.7000 0.3161 -0.6404
vn 0.3007 0.8999 -0.3158
vn 0.8555 0.0925 0.5095
vn -0.7979 0.1173 -0.5913
vn 0.1624 0.8992 -0.4063
vn 0.8670 0.2958 0.4010
vn -0.6179 0.5222 -0.5877
vn 0.3773 0.9236 -0.0681
vn -0.7297 0.3338 -0.5968
vn 0.2438 0.9553 -0.1672
vn 0.8454 0.0968 0.5253
vn -0.8082 0.1224 -0.5760
vn 0.1040 0.9597 -0.2610
vn 0.8392 0.3070 0.4490
vn -0.0408 0.9364 -0.3487
vn 0.7937 0.4942 0.3546
vn -0.1892 0.8835 -0.4286
vn 0.7171 0.6505 0.2503
vn -0.3386 0.7983 -0.4980
vn 0.6178 0.7733 0.1425
vn -0.4841 0.6782 -0.5529
vn 0.5030 0.8636 0.0356
vn -0.2616 0.9205 -0.2904
vn 0.6677 0.6511 0.3609
vn -0.4096 0.8306 -0.3772
vn 0.5636 0.7787 0.2755
vn -0.5487 0.7024 -0.4534
vn 0.4453 0.8761 0.1847
vn -0.6700 0.5367 -0.5129
vn 0.3166 0.9442 0.0906
vn -0.7631 0.3398 -0.5498
vn 0.1798 0.9837 -0.0053
vn 0.8347 0.0969 0.5420
vn -0.8194 0.1234 -0.5598
vn 0.0365 0.9941 -0.1017
vn 0.8105 0.3061 0.4994
vn -0.1115 0.9740 -0.1974
vn 0.7523 0.4929 0.4371
vn -0.7989 0.3331 -0.5008
vn 0.1087 0.9798 0.1680
vn 0.8240 0.0929 0.5590
vn -0.8311 0.1201 -0.5430
vn -0.0399 0.9967 0.0704
vn 0.7817 0.2934 0.5503
vn -0.1926 0.9807 -0.0330
vn 0.7107 0.4732 0.5205
vn -0.3452 0.9280 -0.1400
vn 0.6175 0.6281 0.4734
vn -0.4912 0.8355 -0.2465
vn 0.5074 0.7566 0.4124
vn -0.6219 0.7021 -0.3467
vn 0.3843 0.8583 0.3401
vn -0.7275 0.5317 -0.4338
vn 0.2508 0.9330 0.2582
vn 0.5672 0.5813 0.5834
vn -0.5805 0.8070 -0.1084
vn 0.4499 0.7052 0.5479
vn -0.7006 0.6736 -0.2354
vn 0.3205 0.8067 0.4964
vn -0.7877 0.5053 -0.3526
vn 0.1806 0.8847 0.4297
vn -0.8354 0.3135 -0.4515
vn 0.0317 0.9370 0.3480
vn 0.8133 0.0848 0.5756
vn -0.8427 0.1126 -0.5265
vn -0.1239 0.9599 0.2515
vn 0.7535 0.2694 0.5998
vn -0.2824 0.9488 0.1413
vn 0.6696 0.4357 0.6015
vn -0.4376 0.8990 0.0197
vn -0.0485 0.8494 0.5255
vn 0.8033 0.0731 0.5911
vn -0.8538 0.1011 -0.5108
vn -0.2117 0.8763 0.4328
vn 0.7265 0.2351 0.6457
vn -0.3763 0.8704 0.3177
vn 0.6298 0.3815 0.6766
vn -0.5337 0.8259 0.1820
vn 0.5175 0.5115 0.6860
vn -0.6723 0.7396 0.0316
vn 0.3922 0.6244 0.6755
vn -0.7798 0.6136 -0.1239
vn 0.2554 0.7197 0.6456
vn -0.8470 0.4565 -0.2726
vn 0.1081 0.7957 0.5960
vn -0.8706 0.2811 -0.4038
vn -0.7584 0.6306 0.1645
vn 0.3361 0.5162 0.7878
vn -0.8532 0.5213 -0.0183
vn 0.1916 0.5983 0.7780
vn -0.9011 0.3859 -0.1976
vn 0.0369 0.6657 0.7453
vn -0.9025 0.2369 -0.3597
vn -0.1270 0.7153 0.6871
vn 0.7941 0.0582 0.6050
vn -0.8638 0.0861 -0.4965
vn -0.2970 0.7425 0.6005
vn 0.7016 0.1917 0.6863
vn -0.4666 0.7409 0.4831
vn 0.5924 0.3127 0.7425
vn -0.6251 0.7047 0.3357
vn 0.4699 0.4208 0.7759
vt 0.750000 0.750000
vt 0.750000 0.812500
vt 0.718750 0.812500
vt 0.718750 0.750000
vt 0.750000 0.250000
vt 0.750000 0.312500
vt 0.718750 0.312500
vt 0.718750 0.250000
vt 0.750000 0.687500
vt 0.718750 0.687500
vt 0.750000 0.187500
vt 0.718750 0.187500
vt 0.750000 0.625000
vt 0.718750 0.625000
vt 0.750000 0.125000
vt 0.718750 0.125000
vt 0.750000 0.562500
vt 0.718750 0.562500
vt 0.750000 0.062500
vt 0.718750 0.062500
vt 0.750000 0.500000
vt 0.718750 0.500000
vt 0.750000 0.937500
vt 0.734375 1.000000
vt 0.718750 0.937500
vt 0.734375 0.000000
vt 0.750000 0.437500
vt 0.718750 0.437500
vt 0.750000 0.875000
vt 0.718750 0.875000
vt 0.750000 0.375000
vt 0.718750 0.375000
vt 0.687500 0.875000
vt 0.687500 0.812500
vt 0.687500 0.375000
vt 0.687500 0.312500
vt 0.687500 0.750000
vt 0.687500 0.250000
vt 0.687500 0.687500
vt 0.687500 0.187500
vt 0.687500 0.625000
vt 0.687500 0.125000
vt 0.687500 0.562500
vt 0.687500 0.062500
vt 0.687500 0.500000
vt 0.703125 1.000000
vt 0.687500 0.937500
vt 0.703125 0.000000
vt 0.687500 0.437500
vt 0.656250 0.625000
vt 0.656250 0.562500
vt 0.656250 0.125000
vt 0.656250 0.062500
vt 0.656250 0.500000
vt 0.671875 1.000000
vt 0.656250 0.937500
vt 0.671875 0.000000
vt 0.656250 0.437500
vt 0.656250 0.875000
vt 0.656250 0.375000
vt 0.656250 0.812500
vt 0.656250 0.312500
vt 0.656250 0.750000
vt 0.656250 0.250000
vt 0.656250 0.687500
vt 0.656250 0.187500
vt 0.625000 0.375000
vt 0.625000 0.312500
vt 0.625000 0.812500
vt 0.625000 0.750000
vt 0.625000 0.250000
vt 0.625000 0.687500
vt 0.625000 0.187500
vt 0.625000 0.625000
vt 0.625000 0.125000
vt 0.625000 0.562500
vt 0.625000 0.062500
vt 0.625000 0.500000
vt 0.640625 1.000000
vt 0.625000 0.937500
vt 0.640625 0.000000
vt 0.625000 0.437500
vt 0.625000 0.875000
vt 0.593750 0.125000
vt 0.593750 0.062500
vt 0.593750 0.562500
vt 0.593750 0.500000
vt 0.609375 1.000000
vt 0.593750 0.937500
vt 0.609375 0.000000
vt 0.593750 0.437500
vt 0.593750 0.875000
vt 0.593750 0.375000
vt 0.593750 0.812500
vt 0.593750 0.312500
vt 0.593750 0.750000
vt 0.593750 0.250000
vt 0.593750 0.687500
vt 0.593750 0.187500
vt 0.593750 0.625000
vt 0.562500 0.812500
vt 0.562500 0.750000
vt 0.562500 0.312500
vt 0.562500 0.250000
vt 0.562500 0.687500
vt 0.562500 0.187500
vt 0.562500 0.625000
vt 0.562500 0.125000
vt 0.562500 0.562500
vt 0.562500 0.062500
vt 0.562500 0.500000
vt 0.578125 1.000000
vt 0.562500 0.937500
vt 0.578125 0.000000
vt 0.562500 0.437500
vt 0.562500 0.875000
vt 0.562500 0.375000
vt 0.531250 0.562500
vt 0.531250 0.500000
vt 0.546875 1.000000
vt 0.531250 0.937500
vt 0.546875 0.000000
vt 0.531250 0.062500
vt 0.531250 0.437500
vt 0.531250 0.875000
vt 0.531250 0.375000
vt 0.531250 0.812500
vt 0.531250 0.312500
vt 0.531250 0.750000
vt 0.531250 0.250000
vt 0.531250 0.687500
vt 0.531250 0.187500
vt 0.531250 0.625000
vt 0.531250 0.125000
vt 0.500000 0.312500
vt 0.500000 0.250000
vt 0.500000 0.750000
vt 0.500000 0.687500
vt 0.500000 0.187500
vt 0.500000 0.625000
vt 0.500000 0.125000
vt 0.500000 0.562500
vt 0.500000 0.062500
vt 0.500000 0.500000
vt 0.515625 1.000000
vt 0.500000 0.937500
vt 0.515625 0.000000
vt 0.500000 0.437500
vt 0.500000 0.875000
vt 0.500000 0.375000
vt 0.500000 0.812500
vt 0.484375 0.000000
vt 0.468750 0.062500
vt 0.468750 0.500000
vt 0.468750 0.437500
vt 0.468750 0.937500
vt 0.468750 0.875000
vt 0.468750 0.375000
vt 0.468750 0.812500
vt 0.468750 0.312500
vt 0.468750 0.750000
vt 0.468750 0.250000
vt 0.468750 0.687500
vt 0.468750 0.187500
vt 0.468750 0.625000
vt 0.468750 0.125000
vt 0.468750 0.562500
vt 0.484375 1.000000
vt 0.437500 0.250000
vt 0.437500 0.187500
vt 0.437500 0.687500
vt 0.437500 0.625000
vt 0.437500 0.125000
vt 0.437500 0.562500
vt 0.437500 0.062500
vt 0.437500 0.500000
vt 0.453125 1.000000
vt 0.437500 0.937500
vt 0.453125 0.000000
vt 0.437500 0.437500
vt 0.437500 0.875000
vt 0.437500 0.375000
vt 0.437500 0.812500
vt 0.437500 0.312500
vt 0.437500 0.750000
vt 0.406250 0.937500
vt 0.406250 0.875000
vt 0.406250 0.437500
vt 0.406250 0.375000
vt 0.406250 0.812500
vt 0.406250 0.312500
vt 0.406250 0.750000
vt 0.406250 0.250000
vt 0.406250 0.687500
vt 0.406250 0.187500
vt 0.406250 0.625000
vt 0.406250 0.125000
vt 0.406250 0.562500
vt 0.406250 0.062500
vt 0.406250 0.500000
vt 0.421875 1.000000
vt 0.421875 0.000000
vt 0.375000 0.687500
vt 0.375000 0.625000
vt 0.375000 0.187500
vt 0.375000 0.125000
vt 0.375000 0.562500
vt 0.375000 0.062500
vt 0.375000 0.500000
vt 0.390625 1.000000
vt 0.375000 0.937500
vt 0.390625 0.000000
vt 0.375000 0.437500
vt 0.375000 0.875000
vt 0.375000 0.375000
vt 0.375000 0.812500
vt 0.375000 0.312500
vt 0.375000 0.750000
vt 0.375000 0.250000
vt 0.343750 0.437500
vt 0.343750 0.375000
vt 0.343750 0.875000
vt 0.343750 0.812500
vt 0.343750 0.312500
vt 0.343750 0.750000
vt 0.343750 0.250000
vt 0.343750 0.687500
vt 0.343750 0.187500
vt 0.343750 0.625000
vt 0.343750 0.125000
vt 0.343750 0.562500
vt 0.343750 0.062500
vt 0.343750 0.500000
vt 0.359375 1.000000
vt 0.343750 0.937500
vt 0.359375 0.000000
vt 0.312500 0.187500
vt 0.312500 0.125000
vt 0.312500 0.625000
vt 0.312500 0.562500
vt 0.312500 0.062500
vt 0.312500 0.500000
vt 0.328125 1.000000
vt 0.312500 0.937500
vt 0.328125 0.000000
vt 0.312500 0.437500
vt 0.312500 0.875000
vt 0.312500 0.375000
vt 0.312500 0.812500
vt 0.312500 0.312500
vt 0.312500 0.750000
vt 0.312500 0.250000
vt 0.312500 0.687500
vt 0.281250 0.875000
vt 0.281250 0.812500
vt 0.281250 0.375000
vt 0.281250 0.312500
vt 0.281250 0.750000
vt 0.281250 0.250000
vt 0.281250 0.687500
vt 0.281250 0.187500
vt 0.281250 0.625000
vt 0.281250 0.125000
vt 0.281250 0.562500
vt 0.281250 0.062500
vt 0.281250 0.500000
vt 0.296875 1.000000
vt 0.281250 0.937500
vt 0.296875 0.000000
vt 0.281250 0.437500
vt 0.250000 0.625000
vt 0.250000 0.562500
vt 0.250000 0.125000
vt 0.250000 0.062500
vt 0.250000 0.500000
vt 0.265625 1.000000
vt 0.250000 0.937500
vt 0.265625 0.000000
vt 0.250000 0.437500
vt 0.250000 0.875000
vt 0.250000 0.375000
vt 0.250000 0.812500
vt 0.250000 0.312500
vt 0.250000 0.750000
vt 0.250000 0.250000
vt 0.250000 0.687500
vt 0.250000 0.187500
vt 0.218750 0.375000
vt 0.218750 0.312500
vt 0.218750 0.812500
vt 0.218750 0.750000
vt 0.218750 0.250000
vt 0.218750 0.687500
vt 0.218750 0.187500
vt 0.218750 0.625000
vt 0.218750 0.125000
vt 0.218750 0.562500
vt 0.218750 0.062500
vt 0.218750 0.500000
vt 0.234375 1.000000
vt 0.218750 0.937500
vt 0.234375 0.000000
vt 0.218750 0.437500
vt 0.218750 0.875000
vt 0.187500 0.125000
vt 0.187500 0.062500
vt 0.187500 0.562500
vt 0.187500 0.500000
vt 0.203125 1.000000
vt 0.187500 0.937500
vt 0.203125 0.000000
vt 0.187500 0.437500
vt 0.187500 0.875000
vt 0.187500 0.375000
vt 0.187500 0.812500
vt 0.187500 0.312500
vt 0.187500 0.750000
vt 0.187500 0.250000
vt 0.187500 0.687500
vt 0.187500 0.187500
vt 0.187500 0.625000
vt 0.156250 0.312500
vt 0.156250 0.250000
vt 0.156250 0.750000
vt 0.156250 0.687500
vt 0.156250 0.187500
vt 0.156250 0.625000
vt 0.156250 0.125000
vt 0.156250 0.562500
vt 0.156250 0.062500
vt 0.156250 0.500000
vt 0.171875 1.000000
vt 0.156250 0.937500
vt 0.171875 0.000000
vt 0.156250 0.437500
vt 0.156250 0.875000
vt 0.156250 0.375000
vt 0.156250 0.812500
vt 0.140625 1.000000
vt 0.125000 0.937500
vt 0.140625 0.000000
vt 0.125000 0.062500
vt 0.125000 0.500000
vt 0.125000 0.437500
vt 0.125000 0.875000
vt 0.125000 0.375000
vt 0.125000 0.812500
vt 0.125000 0.312500
vt 0.125000 0.750000
vt 0.125000 0.250000
vt 0.125000 0.687500
vt 0.125000 0.187500
vt 0.125000 0.625000
vt 0.125000 0.125000
vt 0.125000 0.562500
vt 0.093750 0.750000
vt 0.093750 0.687500
vt 0.093750 0.250000
vt 0.093750 0.187500
vt 0.093750 0.625000
vt 0.093750 0.125000
vt 0.093750 0.562500
vt 0.093750 0.062500
vt 0.093750 0.500000
vt 0.109375 1.000000
vt 0.093750 0.937500
vt 0.109375 0.000000
vt 0.093750 0.437500
vt 0.093750 0.875000
vt 0.093750 0.375000
vt 0.093750 0.812500
vt 0.093750 0.312500
vt 0.062500 0.500000
vt 0.062500 0.437500
vt 0.062500 0.937500
vt 0.062500 0.875000
vt 0.062500 0.375000
vt 0.062500 0.812500
vt 0.062500 0.312500
vt 0.062500 0.750000
vt 0.062500 0.250000
vt 0.062500 0.687500
vt 0.062500 0.187500
vt 0.062500 0.625000
vt 0.062500 0.125000
vt 0.062500 0.562500
vt 0.062500 0.062500
vt 0.078125 1.000000
vt 0.078125 0.000000
vt 0.031250 0.250000
vt 0.031250 0.187500
vt 0.031250 0.687500
vt 0.031250 0.625000
vt 0.031250 0.125000
vt 0.031250 0.562500
vt 0.031250 0.062500
vt 0.031250 0.500000
vt 0.046875 1.000000
vt 0.031250 0.937500
vt 0.046875 0.000000
vt 0.031250 0.437500
vt 0.031250 0.875000
vt 0.031250 0.375000
vt 0.031250 0.812500
vt 0.031250 0.312500
vt 0.031250 0.750000
vt 0.000000 0.937500
vt 0.000000 0.875000
vt 0.000000 0.437500
vt 0.000000 0.375000
vt 0.000000 0.812500
vt 0.000000 0.312500
vt 0.000000 0.750000
vt 0.000000 0.250000
vt 0.000000 0.687500
vt 0.000000 0.187500
vt 0.000000 0.625000
vt 0.000000 0.125000
vt 0.000000 0.562500
vt 0.000000 0.062500
vt 0.000000 0.500000
vt 0.015625 1.000000
vt 0.015625 0.000000
vt 1.000000 0.625000
vt 1.000000 0.687500
vt 0.968750 0.687500
vt 0.968750 0.625000
vt 1.000000 0.125000
vt 1.000000 0.187500
vt 0.968750 0.187500
vt 0.968750 0.125000
vt 1.000000 0.562500
vt 0.968750 0.562500
vt 1.000000 0.062500
vt 0.968750 0.062500
vt 1.000000 0.500000
vt 0.968750 0.500000
vt 1.000000 0.937500
vt 0.984375 1.000000
vt 0.968750 0.937500
vt 0.984375 0.000000
vt 1.000000 0.437500
vt 0.968750 0.437500
vt 1.000000 0.875000
vt 0.968750 0.875000
vt 1.000000 0.375000
vt 0.968750 0.375000
vt 1.000000 0.812500
vt 0.968750 0.812500
vt 1.000000 0.312500
vt 0.968750 0.312500
vt 1.000000 0.750000
vt 0.968750 0.750000
vt 1.000000 0.250000
vt 0.968750 0.250000
vt 0.937500 0.437500
vt 0.937500 0.375000
vt 0.937500 0.875000
vt 0.937500 0.812500
vt 0.937500 0.312500
vt 0.937500 0.750000
vt 0.937500 0.250000
vt 0.937500 0.687500
vt 0.937500 0.187500
vt 0.937500 0.625000
vt 0.937500 0.125000
vt 0.937500 0.562500
vt 0.937500 0.062500
vt 0.937500 0.500000
vt 0.953125 1.000000
vt 0.937500 0.937500
vt 0.953125 0.000000
vt 0.906250 0.187500
vt 0.906250 0.125000
vt 0.906250 0.625000
vt 0.906250 0.562500
vt 0.906250 0.062500
vt 0.906250 0.500000
vt 0.921875 1.000000
vt 0.906250 0.937500
vt 0.921875 0.000000
vt 0.906250 0.437500
vt 0.906250 0.875000
vt 0.906250 0.375000
vt 0.906250 0.812500
vt 0.906250 0.312500
vt 0.906250 0.750000
vt 0.906250 0.250000
vt 0.906250 0.687500
vt 0.875000 0.375000
vt 0.875000 0.312500
vt 0.875000 0.812500
vt 0.875000 0.750000
vt 0.875000 0.250000
vt 0.875000 0.687500
vt 0.875000 0.187500
vt 0.875000 0.625000
vt 0.875000 0.125000
vt 0.875000 0.562500
vt 0.875000 0.062500
vt 0.875000 0.500000
vt 0.890625 1.000000
vt 0.875000 0.937500
vt 0.890625 0.000000
vt 0.875000 0.437500
vt 0.875000 0.875000
vt 0.843750 0.125000
vt 0.843750 0.062500
vt 0.843750 0.562500
vt 0.843750 0.500000
vt 0.859375 1.000000
vt 0.843750 0.937500
vt 0.859375 0.000000
vt 0.843750 0.437500
vt 0.843750 0.875000
vt 0.843750 0.375000
vt 0.843750 0.812500
vt 0.843750 0.312500
vt 0.843750 0.750000
vt 0.843750 0.250000
vt 0.843750 0.687500
vt 0.843750 0.187500
vt 0.843750 0.625000
vt 0.812500 0.812500
vt 0.812500 0.750000
vt 0.812500 0.312500
vt 0.812500 0.250000
vt 0.812500 0.687500
vt 0.812500 0.187500
vt 0.812500 0.625000
vt 0.812500 0.125000
vt 0.812500 0.562500
vt 0.812500 0.062500
vt 0.812500 0.500000
vt 0.828125 1.000000
vt 0.812500 0.937500
vt 0.828125 0.000000
vt 0.812500 0.437500
vt 0.812500 0.875000
vt 0.812500 0.375000
vt 0.781250 0.562500
vt 0.781250 0.500000
vt 0.796875 1.000000
vt 0.781250 0.937500
vt 0.796875 0.000000
vt 0.781250 0.062500
vt 0.781250 0.437500
vt 0.781250 0.875000
vt 0.781250 0.375000
vt 0.781250 0.812500
vt 0.781250 0.312500
vt 0.781250 0.750000
vt 0.781250 0.250000
vt 0.781250 0.687500
vt 0.781250 0.187500
vt 0.781250 0.625000
vt 0.781250 0.125000
vt 0.765625 1.000000
vt 0.765625 0.000000
s 0
f 476/1/1 1/2/1 9/3/1 10/4/1
f 479/5/2 6/6/2 17/7/2 18/8/2
f 2/9/3 476/1/3 10/4/3 11/10/3
f 480/11/4 479/5/4 18/8/4 19/12/4
f 477/13/5 2/9/5 11/10/5 12/14/5
f 481/15/6 480/11/6 19/12/6 20/16/6
f 3/17/7 477/13/7 12/14/7 13/18/7
f 482/19/8 481/15/8 20/16/8 21/20/8
f 4/21/9 3/17/9 13/18/9 14/22/9
f 474/23/10 82/24/10 7/25/10
f 308/26/11 482/19/11 21/20/11
f 5/27/12 4/21/12 14/22/12 15/28/12
f 475/29/13 474/23/13 7/25/13 8/30/13
f 478/31/14 5/27/14 15/28/14 16/32/14
f 1/2/15 475/29/15 8/30/15 9/3/15
f 6/6/16 478/31/16 16/32/16 17/7/16
f 9/3/17 8/30/17 23/33/17 24/34/17
f 17/7/18 16/32/18 31/35/18 32/36/18
f 10/4/19 9/3/19 24/34/19 25/37/19
f 18/8/20 17/7/20 32/36/20 33/38/20
f 11/10/21 10/4/21 25/37/21 26/39/21
f 19/12/22 18/8/22 33/38/22 34/40/22
f 12/14/23 11/10/23 26/39/23 27/41/23
f 20/16/24 19/12/24 34/40/24 35/42/24
f 13/18/25 12/14/25 27/41/25 28/43/25
f 21/20/26 20/16/26 35/42/26 36/44/26
f 14/22/27 13/18/27 28/43/27 29/45/27
f 7/25/28 82/46/28 22/47/28
f 308/48/29 21/20/29 36/44/29
f 15/28/30 14/22/30 29/45/30 30/49/30
f 8/30/31 7/25/31 22/47/31 23/33/31
f 16/32/32 15/28/32 30/49/32 31/35/32
f 28/43/33 27/41/33 42/50/33 43/51/33
f 36/44/34 35/42/34 50/52/34 51/53/34
f 29/45/35 28/43/35 43/51/35 44/54/35
f 22/47/36 82/55/36 37/56/36
f 308/57/37 36/44/37 51/53/37
f 30/49/38 29/45/38 44/54/38 45/58/38
f 23/33/39 22/47/39 37/56/39 38/59/39
f 31/35/40 30/49/40 45/58/40 46/60/40
f 24/34/41 23/33/41 38/59/41 39/61/41
f 32/36/42 31/35/42 46/60/42 47/62/42
f 25/37/43 24/34/43 39/61/43 40/63/43
f 33/38/44 32/36/44 47/62/44 48/64/44
f 26/39/45 25/37/45 40/63/45 41/65/45
f 34/40/46 33/38/46 48/64/46 49/66/46
f 27/41/47 26/39/47 41/65/47 42/50/47
f 35/42/48 34/40/48 49/66/48 50/52/48
f 47/62/49 46/60/49 61/67/49 62/68/49
f 40/63/50 39/61/50 54/69/50 55/70/50
f 48/64/51 47/62/51 62/68/51 63/71/51
f 41/65/52 40/63/52 55/70/52 56/72/52
f 49/66/53 48/64/53 63/71/53 64/73/53
f 42/50/54 41/65/54 56/72/54 57/74/54
f 50/52/55 49/66/55 64/73/55 65/75/55
f 43/51/56 42/50/56 57/74/56 58/76/56
f 51/53/57 50/52/57 65/75/57 66/77/57
f 44/54/58 43/51/58 58/76/58 59/78/58
f 37/56/59 82/79/59 52/80/59
f 308/81/60 51/53/60 66/77/60
f 45/58/61 44/54/61 59/78/61 60/82/61
f 38/59/62 37/56/62 52/80/62 53/83/62
f 46/60/63 45/58/63 60/82/63 61/67/63
f 39/61/64 38/59/64 53/83/64 54/69/64
f 66/77/65 65/75/65 80/84/65 81/85/65
f 59/78/66 58/76/66 73/86/66 74/87/66
f 52/80/67 82/88/67 67/89/67
f 308/90/68 66/77/68 81/85/68
f 60/82/69 59/78/69 74/87/69 75/91/69
f 53/83/70 52/80/70 67/89/70 68/92/70
f 61/67/71 60/82/71 75/91/71 76/93/71
f 54/69/72 53/83/72 68/92/72 69/94/72
f 62/68/73 61/67/73 76/93/73 77/95/73
f 55/70/74 54/69/74 69/94/74 70/96/74
f 63/71/75 62/68/75 77/95/75 78/97/75
f 56/72/76 55/70/76 70/96/76 71/98/76
f 64/73/77 63/71/77 78/97/77 79/99/77
f 57/74/78 56/72/78 71/98/78 72/100/78
f 65/75/79 64/73/79 79/99/79 80/84/79
f 58/76/80 57/74/80 72/100/80 73/86/80
f 70/96/81 69/94/81 85/101/81 86/102/81
f 78/97/82 77/95/82 93/103/82 94/104/82
f 71/98/83 70/96/83 86/102/83 87/105/83
f 79/99/84 78/97/84 94/104/84 95/106/84
f 72/100/85 71/98/85 87/105/85 88/107/85
f 80/84/86 79/99/86 95/106/86 96/108/86
f 73/86/87 72/100/87 88/107/87 89/109/87
f 81/85/88 80/84/88 96/108/88 97/110/88
f 74/87/89 73/86/89 89/109/89 90/111/89
f 67/89/90 82/112/90 83/113/90
f 308/114/91 81/85/91 97/110/91
f 75/91/92 74/87/92 90/111/92 91/115/92
f 68/92/93 67/89/93 83/113/93 84/116/93
f 76/93/94 75/91/94 91/115/94 92/117/94
f 69/94/95 68/92/95 84/116/95 85/101/95
f 77/95/96 76/93/96 92/117/96 93/103/96
f 90/111/97 89/109/97 104/118/97 105/119/97
f 83/113/98 82/120/98 98/121/98
f 308/122/99 97/110/99 112/123/99
f 91/115/100 90/111/100 105/119/100 106/124/100
f 84/116/101 83/113/101 98/121/101 99/125/101
f 92/117/102 91/115/102 106/124/102 107/126/102
f 85/101/103 84/116/103 99/125/103 100/127/103
f 93/103/104 92/117/104 107/126/104 108/128/104
f 86/102/105 85/101/105 100/127/105 101/129/105
f 94/104/106 93/103/106 108/128/106 109/130/106
f 87/105/107 86/102/107 101/129/107 102/131/107
f 95/106/108 94/104/108 109/130/108 110/132/108
f 88/107/109 87/105/109 102/131/109 103/133/109
f 96/108/110 95/106/110 110/132/110 111/134/110
f 89/109/111 88/107/111 103/133/111 104/118/111
f 97/110/112 96/108/112 111/134/112 112/123/112
f 109/130/113 108/128/113 123/135/113 124/136/113
f 102/131/114 101/129/114 116/137/114 117/138/114
f 110/132/115 109/130/115 124/136/115 125/139/115
f 103/133/116 102/131/116 117/138/116 118/140/116
f 111/134/117 110/132/117 125/139/117 126/141/117
f 104/118/118 103/133/118 118/140/118 119/142/118
f 112/123/119 111/134/119 126/141/119 127/143/119
f 105/119/120 104/118/120 119/142/120 120/144/120
f 98/121/121 82/145/121 113/146/121
f 308/147/122 112/123/122 127/143/122
f 106/124/123 105/119/123 120/144/123 121/148/123
f 99/125/124 98/121/124 113/146/124 114/149/124
f 107/126/125 106/124/125 121/148/125 122/150/125
f 100/127/126 99/125/126 114/149/126 115/151/126
f 108/128/127 107/126/127 122/150/127 123/135/127
f 101/129/128 100/127/128 115/151/128 116/137/128
f 308/152/129 127/143/129 142/153/129
f 121/148/130 120/144/130 135/154/130 136/155/130
f 114/149/131 113/146/131 128/156/131 129/157/131
f 122/150/132 121/148/132 136/155/132 137/158/132
f 115/151/133 114/149/133 129/157/133 130/159/133
f 123/135/134 122/150/134 137/158/134 138/160/134
f 116/137/135 115/151/135 130/159/135 131/161/135
f 124/136/136 123/135/136 138/160/136 139/162/136
f 117/138/137 116/137/137 131/161/137 132/163/137
f 125/139/138 124/136/138 139/162/138 140/164/138
f 118/140/139 117/138/139 132/163/139 133/165/139
f 126/141/140 125/139/140 140/164/140 141/166/140
f 119/142/141 118/140/141 133/165/141 134/167/141
f 127/143/142 126/141/142 141/166/142 142/153/142
f 120/144/143 119/142/143 134/167/143 135/154/143
f 113/146/144 82/168/144 128/156/144
f 140/164/145 139/162/145 154/169/145 155/170/145
f 133/165/146 132/163/146 147/171/146 148/172/146
f 141/166/147 140/164/147 155/170/147 156/173/147
f 134/167/148 133/165/148 148/172/148 149/174/148
f 142/153/149 141/166/149 156/173/149 157/175/149
f 135/154/150 134/167/150 149/174/150 150/176/150
f 128/156/151 82/177/151 143/178/151
f 308/179/152 142/153/152 157/175/152
f 136/155/153 135/154/153 150/176/153 151/180/153
f 129/157/154 128/156/154 143/178/154 144/181/154
f 137/158/155 136/155/155 151/180/155 152/182/155
f 130/159/156 129/157/156 144/181/156 145/183/156
f 138/160/157 137/158/157 152/182/157 153/184/157
f 131/161/158 130/159/158 145/183/158 146/185/158
f 139/162/159 138/160/159 153/184/159 154/169/159
f 132/163/160 131/161/160 146/185/160 147/171/160
f 144/181/161 143/178/161 158/186/161 159/187/161
f 152/182/162 151/180/162 166/188/162 167/189/162
f 145/183/163 144/181/163 159/187/163 160/190/163
f 153/184/164 152/182/164 167/189/164 168/191/164
f 146/185/165 145/183/165 160/190/165 161/192/165
f 154/169/166 153/184/166 168/191/166 169/193/166
f 147/171/167 146/185/167 161/192/167 162/194/167
f 155/170/168 154/169/168 169/193/168 170/195/168
f 148/172/169 147/171/169 162/194/169 163/196/169
f 156/173/170 155/170/170 170/195/170 171/197/170
f 149/174/171 148/172/171 163/196/171 164/198/171
f 157/175/172 156/173/172 171/197/172 172/199/172
f 150/176/173 149/174/173 164/198/173 165/200/173
f 143/178/174 82/201/174 158/186/174
f 308/202/175 157/175/175 172/199/175
f 151/180/176 150/176/176 165/200/176 166/188/176
f 163/196/177 162/194/177 177/203/177 178/204/177
f 171/197/178 170/195/178 185/205/178 186/206/178
f 164/198/179 163/196/179 178/204/179 179/207/179
f 172/199/180 171/197/180 186/206/180 187/208/180
f 165/200/181 164/198/181 179/207/181 180/209/181
f 158/186/182 82/210/182 173/211/182
f 308/212/183 172/199/183 187/208/183
f 166/188/184 165/200/184 180/209/184 181/213/184
f 159/187/185 158/186/185 173/211/185 174/214/185
f 167/189/186 166/188/186 181/213/186 182/215/186
f 160/190/187 159/187/187 174/214/187 175/216/187
f 168/191/188 167/189/188 182/215/188 183/217/188
f 161/192/189 160/190/189 175/216/189 176/218/189
f 169/193/190 168/191/190 183/217/190 184/219/190
f 162/194/191 161/192/191 176/218/191 177/203/191
f 170/195/192 169/193/192 184/219/192 185/205/192
f 182/215/193 181/213/193 196/220/193 197/221/193
f 175/216/194 174/214/194 189/222/194 190/223/194
f 183/217/195 182/215/195 197/221/195 198/224/195
f 176/218/196 175/216/196 190/223/196 191/225/196
f 184/219/197 183/217/197 198/224/197 199/226/197
f 177/203/198 176/218/198 191/225/198 192/227/198
f 185/205/199 184/219/199 199/226/199 200/228/199
f 178/204/200 177/203/200 192/227/200 193/229/200
f 186/206/201 185/205/201 200/228/201 201/230/201
f 179/207/202 178/204/202 193/229/202 194/231/202
f 187/208/203 186/206/203 201/230/203 202/232/203
f 180/209/204 179/207/204 194/231/204 195/233/204
f 173/211/205 82/234/205 188/235/205
f 308/236/206 187/208/206 202/232/206
f 181/213/207 180/209/207 195/233/207 196/220/207
f 174/214/208 173/211/208 188/235/208 189/222/208
f 201/230/209 200/228/209 215/237/209 216/238/209
f 194/231/210 193/229/210 208/239/210 209/240/210
f 202/232/211 201/230/211 216/238/211 217/241/211
f 195/233/212 194/231/212 209/240/212 210/242/212
f 188/235/213 82/243/213 203/244/213
f 308/245/214 202/232/214 217/241/214
f 196/220/215 195/233/215 210/242/215 211/246/215
f 189/222/216 188/235/216 203/244/216 204/247/216
f 197/221/217 196/220/217 211/246/217 212/248/217
f 190/223/218 189/222/218 204/247/218 205/249/218
f 198/224/219 197/221/219 212/248/219 213/250/219
f 191/225/220 190/223/220 205/249/220 206/251/220
f 199/226/221 198/224/221 213/250/221 214/252/221
f 192/227/222 191/225/222 206/251/222 207/253/222
f 200/228/223 199/226/223 214/252/223 215/237/223
f 193/229/224 192/227/224 207/253/224 208/239/224
f 205/249/225 204/247/225 219/254/225 220/255/225
f 213/250/226 212/248/226 227/256/226 228/257/226
f 206/251/227 205/249/227 220/255/227 221/258/227
f 214/252/228 213/250/228 228/257/228 229/259/228
f 207/253/229 206/251/229 221/258/229 222/260/229
f 215/237/230 214/252/230 229/259/230 230/261/230
f 208/239/231 207/253/231 222/260/231 223/262/231
f 216/238/232 215/237/232 230/261/232 231/263/232
f 209/240/233 208/239/233 223/262/233 224/264/233
f 217/241/234 216/238/234 231/263/234 232/265/234
f 210/242/235 209/240/235 224/264/235 225/266/235
f 203/244/236 82/267/236 218/268/236
f 308/269/237 217/241/237 232/265/237
f 211/246/238 210/242/238 225/266/238 226/270/238
f 204/247/239 203/244/239 218/268/239 219/254/239
f 212/248/240 211/246/240 226/270/240 227/256/240
f 224/264/241 223/262/241 238/271/241 239/272/241
f 232/265/242 231/263/242 246/273/242 247/274/242
f 225/266/243 224/264/243 239/272/243 240/275/243
f 218/268/244 82/276/244 233/277/244
f 308/278/245 232/265/245 247/274/245
f 226/270/246 225/266/246 240/275/246 241/279/246
f 219/254/247 218/268/247 233/277/247 234/280/247
f 227/256/248 226/270/248 241/279/248 242/281/248
f 220/255/249 219/254/249 234/280/249 235/282/249
f 228/257/250 227/256/250 242/281/250 243/283/250
f 221/258/251 220/255/251 235/282/251 236/284/251
f 229/259/252 228/257/252 243/283/252 244/285/252
f 222/260/253 221/258/253 236/284/253 237/286/253
f 230/261/254 229/259/254 244/285/254 245/287/254
f 223/262/255 222/260/255 237/286/255 238/271/255
f 231/263/256 230/261/256 245/287/256 246/273/256
f 243/283/257 242/281/257 257/288/257 258/289/257
f 236/284/258 235/282/258 250/290/258 251/291/258
f 244/285/259 243/283/259 258/289/259 259/292/259
f 237/286/260 236/284/260 251/291/260 252/293/260
f 245/287/261 244/285/261 259/292/261 260/294/261
f 238/271/262 237/286/262 252/293/262 253/295/262
f 246/273/263 245/287/263 260/294/263 261/296/263
f 239/272/264 238/271/264 253/295/264 254/297/264
f 247/274/265 246/273/265 261/296/265 262/298/265
f 240/275/266 239/272/266 254/297/266 255/299/266
f 233/277/267 82/300/267 248/301/267
f 308/302/268 247/274/268 262/298/268
f 241/279/269 240/275/269 255/299/269 256/303/269
f 234/280/270 233/277/270 248/301/270 249/304/270
f 242/281/271 241/279/271 256/303/271 257/288/271
f 235/282/272 234/280/272 249/304/272 250/290/272
f 262/298/273 261/296/273 276/305/273 277/306/273
f 255/299/274 254/297/274 269/307/274 270/308/274
f 248/301/275 82/309/275 263/310/275
f 308/311/276 262/298/276 277/306/276
f 256/303/277 255/299/277 270/308/277 271/312/277
f 249/304/278 248/301/278 263/310/278 264/313/278
f 257/288/279 256/303/279 271/312/279 272/314/279
f 250/290/280 249/304/280 264/313/280 265/315/280
f 258/289/281 257/288/281 272/314/281 273/316/281
f 251/291/282 250/290/282 265/315/282 266/317/282
f 259/292/283 258/289/283 273/316/283 274/318/283
f 252/293/284 251/291/284 266/317/284 267/319/284
f 260/294/285 259/292/285 274/318/285 275/320/285
f 253/295/286 252/293/286 267/319/286 268/321/286
f 261/296/287 260/294/287 275/320/287 276/305/287
f 254/297/288 253/295/288 268/321/288 269/307/288
f 274/318/289 273/316/289 288/322/289 289/323/289
f 267/319/290 266/317/290 281/324/290 282/325/290
f 275/320/291 274/318/291 289/323/291 290/326/291
f 268/321/292 267/319/292 282/325/292 283/327/292
f 276/305/293 275/320/293 290/326/293 291/328/293
f 269/307/294 268/321/294 283/327/294 284/329/294
f 277/306/295 276/305/295 291/328/295 292/330/295
f 270/308/296 269/307/296 284/329/296 285/331/296
f 263/310/297 82/332/297 278/333/297
f 308/334/298 277/306/298 292/330/298
f 271/312/299 270/308/299 285/331/299 286/335/299
f 264/313/300 263/310/300 278/333/300 279/336/300
f 272/314/301 271/312/301 286/335/301 287/337/301
f 265/315/302 264/313/302 279/336/302 280/338/302
f 273/316/303 272/314/303 287/337/303 288/322/303
f 266/317/304 265/315/304 280/338/304 281/324/304
f 278/333/305 82/339/305 293/340/305
f 308/341/306 292/330/306 307/342/306
f 286/335/307 285/331/307 300/343/307 301/344/307
f 279/336/308 278/333/308 293/340/308 294/345/308
f 287/337/309 286/335/309 301/344/309 302/346/309
f 280/338/310 279/336/310 294/345/310 295/347/310
f 288/322/311 287/337/311 302/346/311 303/348/311
f 281/324/312 280/338/312 295/347/312 296/349/312
f 289/323/313 288/322/313 303/348/313 304/350/313
f 282/325/314 281/324/314 296/349/314 297/351/314
f 290/326/315 289/323/315 304/350/315 305/352/315
f 283/327/316 282/325/316 297/351/316 298/353/316
f 291/328/317 290/326/317 305/352/317 306/354/317
f 284/329/318 283/327/318 298/353/318 299/355/318
f 292/330/319 291/328/319 306/354/319 307/342/319
f 285/331/320 284/329/320 299/355/320 300/343/320
f 297/351/321 296/349/321 312/356/321 313/357/321
f 305/352/322 304/350/322 320/358/322 321/359/322
f 298/353/323 297/351/323 313/357/323 314/360/323
f 306/354/324 305/352/324 321/359/324 322/361/324
f 299/355/325 298/353/325 314/360/325 315/362/325
f 307/342/326 306/354/326 322/361/326 323/363/326
f 300/343/327 299/355/327 315/362/327 316/364/327
f 293/340/328 82/365/328 309/366/328
f 308/367/329 307/342/329 323/363/329
f 301/344/330 300/343/330 316/364/330 317/368/330
f 294/345/331 293/340/331 309/366/331 310/369/331
f 302/346/332 301/344/332 317/368/332 318/370/332
f 295/347/333 294/345/333 310/369/333 311/371/333
f 303/348/334 302/346/334 318/370/334 319/372/334
f 296/349/335 295/347/335 311/371/335 312/356/335
f 304/350/336 303/348/336 319/372/336 320/358/336
f 317/368/337 316/364/337 331/373/337 332/374/337
f 310/369/338 309/366/338 324/375/338 325/376/338
f 318/370/339 317/368/339 332/374/339 333/377/339
f 311/371/340 310/369/340 325/376/340 326/378/340
f 319/372/341 318/370/341 333/377/341 334/379/341
f 312/356/342 311/371/342 326/378/342 327/380/342
f 320/358/343 319/372/343 334/379/343 335/381/343
f 313/357/344 312/356/344 327/380/344 328/382/344
f 321/359/345 320/358/345 335/381/345 336/383/345
f 314/360/346 313/357/346 328/382/346 329/384/346
f 322/361/347 321/359/347 336/383/347 337/385/347
f 315/362/348 314/360/348 329/384/348 330/386/348
f 323/363/349 322/361/349 337/385/349 338/387/349
f 316/364/350 315/362/350 330/386/350 331/373/350
f 309/366/351 82/388/351 324/375/351
f 308/389/352 323/363/352 338/387/352
f 336/383/353 335/381/353 350/390/353 351/391/353
f 329/384/354 328/382/354 343/392/354 344/393/354
f 337/385/355 336/383/355 351/391/355 352/394/355
f 330/386/356 329/384/356 344/393/356 345/395/356
f 338/387/357 337/385/357 352/394/357 353/396/357
f 331/373/358 330/386/358 345/395/358 346/397/358
f 324/375/359 82/398/359 339/399/359
f 308/400/360 338/387/360 353/396/360
f 332/374/361 331/373/361 346/397/361 347/401/361
f 325/376/362 324/375/362 339/399/362 340/402/362
f 333/377/363 332/374/363 347/401/363 348/403/363
f 326/378/364 325/376/364 340/402/364 341/404/364
f 334/379/365 333/377/365 348/403/365 349/405/365
f 327/380/366 326/378/366 341/404/366 342/406/366
f 335/381/367 334/379/367 349/405/367 350/390/367
f 328/382/368 327/380/368 342/406/368 343/392/368
f 340/402/369 339/399/369 354/407/369 355/408/369
f 348/403/370 347/401/370 362/409/370 363/410/370
f 341/404/371 340/402/371 355/408/371 356/411/371
f 349/405/372 348/403/372 363/410/372 364/412/372
f 342/406/373 341/404/373 356/411/373 357/413/373
f 350/390/374 349/405/374 364/412/374 365/414/374
f 343/392/375 342/406/375 357/413/375 358/415/375
f 351/391/376 350/390/376 365/414/376 366/416/376
f 344/393/377 343/392/377 358/415/377 359/417/377
f 352/394/378 351/391/378 366/416/378 367/418/378
f 345/395/379 344/393/379 359/417/379 360/419/379
f 353/396/380 352/394/380 367/418/380 368/420/380
f 346/397/381 345/395/381 360/419/381 361/421/381
f 339/399/382 82/422/382 354/407/382
f 308/423/383 353/396/383 368/420/383
f 347/401/384 346/397/384 361/421/384 362/409/384
f 359/424/385 358/425/385 373/426/385 374/427/385
f 367/428/386 366/429/386 381/430/386 382/431/386
f 360/432/387 359/424/387 374/427/387 375/433/387
f 368/434/388 367/428/388 382/431/388 383/435/388
f 361/436/389 360/432/389 375/433/389 376/437/389
f 354/438/390 82/439/390 369/440/390
f 308/441/391 368/434/391 383/435/391
f 362/442/392 361/436/392 376/437/392 377/443/392
f 355/444/393 354/438/393 369/440/393 370/445/393
f 363/446/394 362/442/394 377/443/394 378/447/394
f 356/448/395 355/444/395 370/445/395 371/449/395
f 364/450/396 363/446/396 378/447/396 379/451/396
f 357/452/397 356/448/397 371/449/397 372/453/397
f 365/454/398 364/450/398 379/451/398 380/455/398
f 358/425/399 357/452/399 372/453/399 373/426/399
f 366/429/400 365/454/400 380/455/400 381/430/400
f 378/447/401 377/443/401 392/456/401 393/457/401
f 371/449/402 370/445/402 385/458/402 386/459/402
f 379/451/403 378/447/403 393/457/403 394/460/403
f 372/453/404 371/449/404 386/459/404 387/461/404
f 380/455/405 379/451/405 394/460/405 395/462/405
f 373/426/406 372/453/406 387/461/406 388/463/406
f 381/430/407 380/455/407 395/462/407 396/464/407
f 374/427/408 373/426/408 388/463/408 389/465/408
f 382/431/409 381/430/409 396/464/409 397/466/409
f 375/433/410 374/427/410 389/465/410 390/467/410
f 383/435/411 382/431/411 397/466/411 398/468/411
f 376/437/412 375/433/412 390/467/412 391/469/412
f 369/440/413 82/470/413 384/471/413
f 308/472/414 383/435/414 398/468/414
f 377/443/415 376/437/415 391/469/415 392/456/415
f 370/445/416 369/440/416 384/471/416 385/458/416
f 397/466/417 396/464/417 411/473/417 412/474/417
f 390/467/418 389/465/418 404/475/418 405/476/418
f 398/468/419 397/466/419 412/474/419 413/477/419
f 391/469/420 390/467/420 405/476/420 406/478/420
f 384/471/421 82/479/421 399/480/421
f 308/481/422 398/468/422 413/477/422
f 392/456/423 391/469/423 406/478/423 407/482/423
f 385/458/424 384/471/424 399/480/424 400/483/424
f 393/457/425 392/456/425 407/482/425 408/484/425
f 386/459/426 385/458/426 400/483/426 401/485/426
f 394/460/427 393/457/427 408/484/427 409/486/427
f 387/461/428 386/459/428 401/485/428 402/487/428
f 395/462/429 394/460/429 409/486/429 410/488/429
f 388/463/430 387/461/430 402/487/430 403/489/430
f 396/464/431 395/462/431 410/488/431 411/473/431
f 389/465/432 388/463/432 403/489/432 404/475/432
f 409/486/433 408/484/433 423/490/433 424/491/433
f 402/487/434 401/485/434 416/492/434 417/493/434
f 410/488/435 409/486/435 424/491/435 425/494/435
f 403/489/436 402/487/436 417/493/436 418/495/436
f 411/473/437 410/488/437 425/494/437 426/496/437
f 404/475/438 403/489/438 418/495/438 419/497/438
f 412/474/439 411/473/439 426/496/439 427/498/439
f 405/476/440 404/475/440 419/497/440 420/499/440
f 413/477/441 412/474/441 427/498/441 428/500/441
f 406/478/442 405/476/442 420/499/442 421/501/442
f 399/480/443 82/502/443 414/503/443
f 308/504/444 413/477/444 428/500/444
f 407/482/445 406/478/445 421/501/445 422/505/445
f 400/483/446 399/480/446 414/503/446 415/506/446
f 408/484/447 407/482/447 422/505/447 423/490/447
f 401/485/448 400/483/448 415/506/448 416/492/448
f 428/500/449 427/498/449 442/507/449 443/508/449
f 421/501/450 420/499/450 435/509/450 436/510/450
f 414/503/451 82/511/451 429/512/451
f 308/513/452 428/500/452 443/508/452
f 422/505/453 421/501/453 436/510/453 437/514/453
f 415/506/454 414/503/454 429/512/454 430/515/454
f 423/490/455 422/505/455 437/514/455 438/516/455
f 416/492/456 415/506/456 430/515/456 431/517/456
f 424/491/457 423/490/457 438/516/457 439/518/457
f 417/493/458 416/492/458 431/517/458 432/519/458
f 425/494/459 424/491/459 439/518/459 440/520/459
f 418/495/460 417/493/460 432/519/460 433/521/460
f 426/496/461 425/494/461 440/520/461 441/522/461
f 419/497/462 418/495/462 433/521/462 434/523/462
f 427/498/463 426/496/463 441/522/463 442/507/463
f 420/499/464 419/497/464 434/523/464 435/509/464
f 432/519/465 431/517/465 446/524/465 447/525/465
f 440/520/466 439/518/466 454/526/466 455/527/466
f 433/521/467 432/519/467 447/525/467 448/528/467
f 441/522/468 440/520/468 455/527/468 456/529/468
f 434/523/469 433/521/469 448/528/469 449/530/469
f 442/507/470 441/522/470 456/529/470 457/531/470
f 435/509/471 434/523/471 449/530/471 450/532/471
f 443/508/472 442/507/472 457/531/472 458/533/472
f 436/510/473 435/509/473 450/532/473 451/534/473
f 429/512/474 82/535/474 444/536/474
f 308/537/475 443/508/475 458/533/475
f 437/514/476 436/510/476 451/534/476 452/538/476
f 430/515/477 429/512/477 444/536/477 445/539/477
f 438/516/478 437/514/478 452/538/478 453/540/478
f 431/517/479 430/515/479 445/539/479 446/524/479
f 439/518/480 438/516/480 453/540/480 454/526/480
f 451/534/481 450/532/481 465/541/481 466/542/481
f 444/536/482 82/543/482 459/544/482
f 308/545/483 458/533/483 473/546/483
f 452/538/484 451/534/484 466/542/484 467/547/484
f 445/539/485 444/536/485 459/544/485 460/548/485
f 453/540/486 452/538/486 467/547/486 468/549/486
f 446/524/487 445/539/487 460/548/487 461/550/487
f 454/526/488 453/540/488 468/549/488 469/551/488
f 447/525/489 446/524/489 461/550/489 462/552/489
f 455/527/490 454/526/490 469/551/490 470/553/490
f 448/528/491 447/525/491 462/552/491 463/554/491
f 456/529/492 455/527/492 470/553/492 471/555/492
f 449/530/493 448/528/493 463/554/493 464/556/493
f 457/531/494 456/529/494 471/555/494 472/557/494
f 450/532/495 449/530/495 464/556/495 465/541/495
f 458/533/496 457/531/496 472/557/496 473/546/496
f 470/553/497 469/551/497 6/6/497 479/5/497
f 463/554/498 462/552/498 476/1/498 2/9/498
f 471/555/499 470/553/499 479/5/499 480/11/499
f 464/556/500 463/554/500 2/9/500 477/13/500
f 472/557/501 471/555/501 480/11/501 481/15/501
f 465/541/502 464/556/502 477/13/502 3/17/502
f 473/546/503 472/557/503 481/15/503 482/19/503
f 466/542/504 465/541/504 3/17/504 4/21/504
f 459/544/505 82/558/505 474/23/505
f 308/559/506 473/546/506 482/19/506
f 467/547/507 466/542/507 4/21/507 5/27/507
f 460/548/508 459/544/508 474/23/508 475/29/508
f 468/549/509 467/547/509 5/27/509 478/31/509
f 461/550/510 460/548/510 475/29/510 1/2/510
f 469/551/511 468/549/511 478/31/511 6/6/511
f 462/552/512 461/550/512 1/2/512 476/1/512
f 958/1/513 492/4/513 491/3/513 483/2/513
f 961/5/514 500/8/514 499/7/514 488/6/514
f 484/9/515 493/10/515 492/4/515 958/1/515
f 962/11/516 501/12/516 500/8/516 961/5/516
f 959/13/517 494/14/517 493/10/517 484/9/517
f 963/15/518 502/16/518 501/12/518 962/11/518
f 485/17/519 495/18/519 494/14/519 959/13/519
f 964/19/520 503/20/520 502/16/520 963/15/520
f 486/21/521 496/22/521 495/18/521 485/17/521
f 956/23/522 489/25/522 564/24/522
f 790/26/523 503/20/523 964/19/523
f 487/27/524 497/28/524 496/22/524 486/21/524
f 957/29/525 490/30/525 489/25/525 956/23/525
f 960/31/526 498/32/526 497/28/526 487/27/526
f 483/2/527 491/3/527 490/30/527 957/29/527
f 488/6/528 499/7/528 498/32/528 960/31/528
f 491/3/529 506/34/529 505/33/529 490/30/529
f 499/7/530 514/36/530 513/35/530 498/32/530
f 492/4/531 507/37/531 506/34/531 491/3/531
f 500/8/532 515/38/532 514/36/532 499/7/532
f 493/10/533 508/39/533 507/37/533 492/4/533
f 501/12/534 516/40/534 515/38/534 500/8/534
f 494/14/535 509/41/535 508/39/535 493/10/535
f 502/16/536 517/42/536 516/40/536 501/12/536
f 495/18/537 510/43/537 509/41/537 494/14/537
f 503/20/538 518/44/538 517/42/538 502/16/538
f 496/22/539 511/45/539 510/43/539 495/18/539
f 489/25/540 504/47/540 564/46/540
f 790/48/541 518/44/541 503/20/541
f 497/28/542 512/49/542 511/45/542 496/22/542
f 490/30/543 505/33/543 504/47/543 489/25/543
f 498/32/544 513/35/544 512/49/544 497/28/544
f 510/43/545 525/51/545 524/50/545 509/41/545
f 518/44/546 533/53/546 532/52/546 517/42/546
f 511/45/547 526/54/547 525/51/547 510/43/547
f 504/47/548 519/56/548 564/55/548
f 790/57/549 533/53/549 518/44/549
f 512/49/550 527/58/550 526/54/550 511/45/550
f 505/33/551 520/59/551 519/56/551 504/47/551
f 513/35/552 528/60/552 527/58/552 512/49/552
f 506/34/553 521/61/553 520/59/553 505/33/553
f 514/36/554 529/62/554 528/60/554 513/35/554
f 507/37/555 522/63/555 521/61/555 506/34/555
f 515/38/556 530/64/556 529/62/556 514/36/556
f 508/39/557 523/65/557 522/63/557 507/37/557
f 516/40/558 531/66/558 530/64/558 515/38/558
f 509/41/559 524/50/559 523/65/559 508/39/559
f 517/42/560 532/52/560 531/66/560 516/40/560
f 529/62/561 544/68/561 543/67/561 528/60/561
f 522/63/562 537/70/562 536/69/562 521/61/562
f 530/64/563 545/71/563 544/68/563 529/62/563
f 523/65/564 538/72/564 537/70/564 522/63/564
f 531/66/565 546/73/565 545/71/565 530/64/565
f 524/50/566 539/74/566 538/72/566 523/65/566
f 532/52/567 547/75/567 546/73/567 531/66/567
f 525/51/568 540/76/568 539/74/568 524/50/568
f 533/53/569 548/77/569 547/75/569 532/52/569
f 526/54/570 541/78/570 540/76/570 525/51/570
f 519/56/571 534/80/571 564/79/571
f 790/81/572 548/77/572 533/53/572
f 527/58/573 542/82/573 541/78/573 526/54/573
f 520/59/574 535/83/574 534/80/574 519/56/574
f 528/60/575 543/67/575 542/82/575 527/58/575
f 521/61/576 536/69/576 535/83/576 520/59/576
f 548/77/577 563/85/577 562/84/577 547/75/577
f 541/78/578 556/87/578 555/86/578 540/76/578
f 534/80/579 549/89/579 564/88/579
f 790/90/580 563/85/580 548/77/580
f 542/82/581 557/91/581 556/87/581 541/78/581
f 535/83/582 550/92/582 549/89/582 534/80/582
f 543/67/583 558/93/583 557/91/583 542/82/583
f 536/69/584 551/94/584 550/92/584 535/83/584
f 544/68/585 559/95/585 558/93/585 543/67/585
f 537/70/586 552/96/586 551/94/586 536/69/586
f 545/71/587 560/97/587 559/95/587 544/68/587
f 538/72/588 553/98/588 552/96/588 537/70/588
f 546/73/589 561/99/589 560/97/589 545/71/589
f 539/74/590 554/100/590 553/98/590 538/72/590
f 547/75/591 562/84/591 561/99/591 546/73/591
f 540/76/592 555/86/592 554/100/592 539/74/592
f 552/96/593 568/102/593 567/101/593 551/94/593
f 560/97/594 576/104/594 575/103/594 559/95/594
f 553/98/595 569/105/595 568/102/595 552/96/595
f 561/99/596 577/106/596 576/104/596 560/97/596
f 554/100/597 570/107/597 569/105/597 553/98/597
f 562/84/598 578/108/598 577/106/598 561/99/598
f 555/86/599 571/109/599 570/107/599 554/100/599
f 563/85/600 579/110/600 578/108/600 562/84/600
f 556/87/601 572/111/601 571/109/601 555/86/601
f 549/89/602 565/113/602 564/112/602
f 790/114/603 579/110/603 563/85/603
f 557/91/604 573/115/604 572/111/604 556/87/604
f 550/92/605 566/116/605 565/113/605 549/89/605
f 558/93/606 574/117/606 573/115/606 557/91/606
f 551/94/607 567/101/607 566/116/607 550/92/607
f 559/95/608 575/103/608 574/117/608 558/93/608
f 572/111/609 587/119/609 586/118/609 571/109/609
f 565/113/610 580/121/610 564/120/610
f 790/122/611 594/123/611 579/110/611
f 573/115/612 588/124/612 587/119/612 572/111/612
f 566/116/613 581/125/613 580/121/613 565/113/613
f 574/117/614 589/126/614 588/124/614 573/115/614
f 567/101/615 582/127/615 581/125/615 566/116/615
f 575/103/616 590/128/616 589/126/616 574/117/616
f 568/102/617 583/129/617 582/127/617 567/101/617
f 576/104/618 591/130/618 590/128/618 575/103/618
f 569/105/619 584/131/619 583/129/619 568/102/619
f 577/106/620 592/132/620 591/130/620 576/104/620
f 570/107/621 585/133/621 584/131/621 569/105/621
f 578/108/622 593/134/622 592/132/622 577/106/622
f 571/109/623 586/118/623 585/133/623 570/107/623
f 579/110/624 594/123/624 593/134/624 578/108/624
f 591/130/625 606/136/625 605/135/625 590/128/625
f 584/131/626 599/138/626 598/137/626 583/129/626
f 592/132/627 607/139/627 606/136/627 591/130/627
f 585/133/628 600/140/628 599/138/628 584/131/628
f 593/134/629 608/141/629 607/139/629 592/132/629
f 586/118/630 601/142/630 600/140/630 585/133/630
f 594/123/631 609/143/631 608/141/631 593/134/631
f 587/119/632 602/144/632 601/142/632 586/118/632
f 580/121/633 595/146/633 564/145/633
f 790/147/634 609/143/634 594/123/634
f 588/124/635 603/148/635 602/144/635 587/119/635
f 581/125/636 596/149/636 595/146/636 580/121/636
f 589/126/637 604/150/637 603/148/637 588/124/637
f 582/127/638 597/151/638 596/149/638 581/125/638
f 590/128/639 605/135/639 604/150/639 589/126/639
f 583/129/640 598/137/640 597/151/640 582/127/640
f 790/152/641 624/153/641 609/143/641
f 603/148/642 618/155/642 617/154/642 602/144/642
f 596/149/643 611/157/643 610/156/643 595/146/643
f 604/150/644 619/158/644 618/155/644 603/148/644
f 597/151/645 612/159/645 611/157/645 596/149/645
f 605/135/646 620/160/646 619/158/646 604/150/646
f 598/137/647 613/161/647 612/159/647 597/151/647
f 606/136/648 621/162/648 620/160/648 605/135/648
f 599/138/649 614/163/649 613/161/649 598/137/649
f 607/139/650 622/164/650 621/162/650 606/136/650
f 600/140/651 615/165/651 614/163/651 599/138/651
f 608/141/652 623/166/652 622/164/652 607/139/652
f 601/142/653 616/167/653 615/165/653 600/140/653
f 609/143/654 624/153/654 623/166/654 608/141/654
f 602/144/655 617/154/655 616/167/655 601/142/655
f 595/146/656 610/156/656 564/168/656
f 622/164/657 637/170/657 636/169/657 621/162/657
f 615/165/658 630/172/658 629/171/658 614/163/658
f 623/166/659 638/173/659 637/170/659 622/164/659
f 616/167/660 631/174/660 630/172/660 615/165/660
f 624/153/661 639/175/661 638/173/661 623/166/661
f 617/154/662 632/176/662 631/174/662 616/167/662
f 610/156/663 625/178/663 564/177/663
f 790/179/664 639/175/664 624/153/664
f 618/155/665 633/180/665 632/176/665 617/154/665
f 611/157/666 626/181/666 625/178/666 610/156/666
f 619/158/667 634/182/667 633/180/667 618/155/667
f 612/159/668 627/183/668 626/181/668 611/157/668
f 620/160/669 635/184/669 634/182/669 619/158/669
f 613/161/670 628/185/670 627/183/670 612/159/670
f 621/162/671 636/169/671 635/184/671 620/160/671
f 614/163/672 629/171/672 628/185/672 613/161/672
f 626/181/673 641/187/673 640/186/673 625/178/673
f 634/182/674 649/189/674 648/188/674 633/180/674
f 627/183/675 642/190/675 641/187/675 626/181/675
f 635/184/676 650/191/676 649/189/676 634/182/676
f 628/185/677 643/192/677 642/190/677 627/183/677
f 636/169/678 651/193/678 650/191/678 635/184/678
f 629/171/679 644/194/679 643/192/679 628/185/679
f 637/170/680 652/195/680 651/193/680 636/169/680
f 630/172/681 645/196/681 644/194/681 629/171/681
f 638/173/682 653/197/682 652/195/682 637/170/682
f 631/174/683 646/198/683 645/196/683 630/172/683
f 639/175/684 654/199/684 653/197/684 638/173/684
f 632/176/685 647/200/685 646/198/685 631/174/685
f 625/178/686 640/186/686 564/201/686
f 790/202/687 654/199/687 639/175/687
f 633/180/688 648/188/688 647/200/688 632/176/688
f 645/196/689 660/204/689 659/203/689 644/194/689
f 653/197/690 668/206/690 667/205/690 652/195/690
f 646/198/691 661/207/691 660/204/691 645/196/691
f 654/199/692 669/208/692 668/206/692 653/197/692
f 647/200/693 662/209/693 661/207/693 646/198/693
f 640/186/694 655/211/694 564/210/694
f 790/212/695 669/208/695 654/199/695
f 648/188/696 663/213/696 662/209/696 647/200/696
f 641/187/697 656/214/697 655/211/697 640/186/697
f 649/189/698 664/215/698 663/213/698 648/188/698
f 642/190/699 657/216/699 656/214/699 641/187/699
f 650/191/700 665/217/700 664/215/700 649/189/700
f 643/192/701 658/218/701 657/216/701 642/190/701
f 651/193/702 666/219/702 665/217/702 650/191/702
f 644/194/703 659/203/703 658/218/703 643/192/703
f 652/195/704 667/205/704 666/219/704 651/193/704
f 664/215/705 679/221/705 678/220/705 663/213/705
f 657/216/706 672/223/706 671/222/706 656/214/706
f 665/217/707 680/224/707 679/221/707 664/215/707
f 658/218/708 673/225/708 672/223/708 657/216/708
f 666/219/709 681/226/709 680/224/709 665/217/709
f 659/203/710 674/227/710 673/225/710 658/218/710
f 667/205/711 682/228/711 681/226/711 666/219/711
f 660/204/712 675/229/712 674/227/712 659/203/712
f 668/206/713 683/230/713 682/228/713 667/205/713
f 661/207/714 676/231/714 675/229/714 660/204/714
f 669/208/715 684/232/715 683/230/715 668/206/715
f 662/209/716 677/233/716 676/231/716 661/207/716
f 655/211/717 670/235/717 564/234/717
f 790/236/718 684/232/718 669/208/718
f 663/213/719 678/220/719 677/233/719 662/209/719
f 656/214/720 671/222/720 670/235/720 655/211/720
f 683/230/721 698/238/721 697/237/721 682/228/721
f 676/231/722 691/240/722 690/239/722 675/229/722
f 684/232/723 699/241/723 698/238/723 683/230/723
f 677/233/724 692/242/724 691/240/724 676/231/724
f 670/235/725 685/244/725 564/243/725
f 790/245/726 699/241/726 684/232/726
f 678/220/727 693/246/727 692/242/727 677/233/727
f 671/222/728 686/247/728 685/244/728 670/235/728
f 679/221/729 694/248/729 693/246/729 678/220/729
f 672/223/730 687/249/730 686/247/730 671/222/730
f 680/224/731 695/250/731 694/248/731 679/221/731
f 673/225/732 688/251/732 687/249/732 672/223/732
f 681/226/733 696/252/733 695/250/733 680/224/733
f 674/227/734 689/253/734 688/251/734 673/225/734
f 682/228/735 697/237/735 696/252/735 681/226/735
f 675/229/736 690/239/736 689/253/736 674/227/736
f 687/249/737 702/255/737 701/254/737 686/247/737
f 695/250/738 710/257/738 709/256/738 694/248/738
f 688/251/739 703/258/739 702/255/739 687/249/739
f 696/252/740 711/259/740 710/257/740 695/250/740
f 689/253/741 704/260/741 703/258/741 688/251/741
f 697/237/742 712/261/742 711/259/742 696/252/742
f 690/239/743 705/262/743 704/260/743 689/253/743
f 698/238/744 713/263/744 712/261/744 697/237/744
f 691/240/745 706/264/745 705/262/745 690/239/745
f 699/241/746 714/265/746 713/263/746 698/238/746
f 692/242/747 707/266/747 706/264/747 691/240/747
f 685/244/748 700/268/748 564/267/748
f 790/269/749 714/265/749 699/241/749
f 693/246/750 708/270/750 707/266/750 692/242/750
f 686/247/751 701/254/751 700/268/751 685/244/751
f 694/248/752 709/256/752 708/270/752 693/246/752
f 706/264/753 721/272/753 720/271/753 705/262/753
f 714/265/754 729/274/754 728/273/754 713/263/754
f 707/266/755 722/275/755 721/272/755 706/264/755
f 700/268/756 715/277/756 564/276/756
f 790/278/757 729/274/757 714/265/757
f 708/270/758 723/279/758 722/275/758 707/266/758
f 701/254/759 716/280/759 715/277/759 700/268/759
f 709/256/760 724/281/760 723/279/760 708/270/760
f 702/255/761 717/282/761 716/280/761 701/254/761
f 710/257/762 725/283/762 724/281/762 709/256/762
f 703/258/763 718/284/763 717/282/763 702/255/763
f 711/259/764 726/285/764 725/283/764 710/257/764
f 704/260/765 719/286/765 718/284/765 703/258/765
f 712/261/766 727/287/766 726/285/766 711/259/766
f 705/262/767 720/271/767 719/286/767 704/260/767
f 713/263/768 728/273/768 727/287/768 712/261/768
f 725/283/769 740/289/769 739/288/769 724/281/769
f 718/284/770 733/291/770 732/290/770 717/282/770
f 726/285/771 741/292/771 740/289/771 725/283/771
f 719/286/772 734/293/772 733/291/772 718/284/772
f 727/287/773 742/294/773 741/292/773 726/285/773
f 720/271/774 735/295/774 734/293/774 719/286/774
f 728/273/775 743/296/775 742/294/775 727/287/775
f 721/272/776 736/297/776 735/295/776 720/271/776
f 729/274/777 744/298/777 743/296/777 728/273/777
f 722/275/778 737/299/778 736/297/778 721/272/778
f 715/277/779 730/301/779 564/300/779
f 790/302/780 744/298/780 729/274/780
f 723/279/781 738/303/781 737/299/781 722/275/781
f 716/280/782 731/304/782 730/301/782 715/277/782
f 724/281/783 739/288/783 738/303/783 723/279/783
f 717/282/784 732/290/784 731/304/784 716/280/784
f 744/298/785 759/306/785 758/305/785 743/296/785
f 737/299/786 752/308/786 751/307/786 736/297/786
f 730/301/787 745/310/787 564/309/787
f 790/311/788 759/306/788 744/298/788
f 738/303/789 753/312/789 752/308/789 737/299/789
f 731/304/790 746/313/790 745/310/790 730/301/790
f 739/288/791 754/314/791 753/312/791 738/303/791
f 732/290/792 747/315/792 746/313/792 731/304/792
f 740/289/793 755/316/793 754/314/793 739/288/793
f 733/291/794 748/317/794 747/315/794 732/290/794
f 741/292/795 756/318/795 755/316/795 740/289/795
f 734/293/796 749/319/796 748/317/796 733/291/796
f 742/294/797 757/320/797 756/318/797 741/292/797
f 735/295/798 750/321/798 749/319/798 734/293/798
f 743/296/799 758/305/799 757/320/799 742/294/799
f 736/297/800 751/307/800 750/321/800 735/295/800
f 756/318/801 771/323/801 770/322/801 755/316/801
f 749/319/802 764/325/802 763/324/802 748/317/802
f 757/320/803 772/326/803 771/323/803 756/318/803
f 750/321/804 765/327/804 764/325/804 749/319/804
f 758/305/805 773/328/805 772/326/805 757/320/805
f 751/307/806 766/329/806 765/327/806 750/321/806
f 759/306/807 774/330/807 773/328/807 758/305/807
f 752/308/808 767/331/808 766/329/808 751/307/808
f 745/310/809 760/333/809 564/332/809
f 790/334/810 774/330/810 759/306/810
f 753/312/811 768/335/811 767/331/811 752/308/811
f 746/313/812 761/336/812 760/333/812 745/310/812
f 754/314/813 769/337/813 768/335/813 753/312/813
f 747/315/814 762/338/814 761/336/814 746/313/814
f 755/316/815 770/322/815 769/337/815 754/314/815
f 748/317/816 763/324/816 762/338/816 747/315/816
f 760/333/817 775/340/817 564/339/817
f 790/341/818 789/342/818 774/330/818
f 768/335/819 783/344/819 782/343/819 767/331/819
f 761/336/820 776/345/820 775/340/820 760/333/820
f 769/337/821 784/346/821 783/344/821 768/335/821
f 762/338/822 777/347/822 776/345/822 761/336/822
f 770/322/823 785/348/823 784/346/823 769/337/823
f 763/324/824 778/349/824 777/347/824 762/338/824
f 771/323/825 786/350/825 785/348/825 770/322/825
f 764/325/826 779/351/826 778/349/826 763/324/826
f 772/326/827 787/352/827 786/350/827 771/323/827
f 765/327/828 780/353/828 779/351/828 764/325/828
f 773/328/829 788/354/829 787/352/829 772/326/829
f 766/329/830 781/355/830 780/353/830 765/327/830
f 774/330/831 789/342/831 788/354/831 773/328/831
f 767/331/832 782/343/832 781/355/832 766/329/832
f 779/351/833 795/357/833 794/356/833 778/349/833
f 787/352/834 803/359/834 802/358/834 786/350/834
f 780/353/835 796/360/835 795/357/835 779/351/835
f 788/354/836 804/361/836 803/359/836 787/352/836
f 781/355/837 797/362/837 796/360/837 780/353/837
f 789/342/838 805/363/838 804/361/838 788/354/838
f 782/343/839 798/364/839 797/362/839 781/355/839
f 775/340/840 791/366/840 564/365/840
f 790/367/841 805/363/841 789/342/841
f 783/344/842 799/368/842 798/364/842 782/343/842
f 776/345/843 792/369/843 791/366/843 775/340/843
f 784/346/844 800/370/844 799/368/844 783/344/844
f 777/347/845 793/371/845 792/369/845 776/345/845
f 785/348/846 801/372/846 800/370/846 784/346/846
f 778/349/847 794/356/847 793/371/847 777/347/847
f 786/350/848 802/358/848 801/372/848 785/348/848
f 799/368/849 814/374/849 813/373/849 798/364/849
f 792/369/850 807/376/850 806/375/850 791/366/850
f 800/370/851 815/377/851 814/374/851 799/368/851
f 793/371/852 808/378/852 807/376/852 792/369/852
f 801/372/853 816/379/853 815/377/853 800/370/853
f 794/356/854 809/380/854 808/378/854 793/371/854
f 802/358/855 817/381/855 816/379/855 801/372/855
f 795/357/856 810/382/856 809/380/856 794/356/856
f 803/359/857 818/383/857 817/381/857 802/358/857
f 796/360/858 811/384/858 810/382/858 795/357/858
f 804/361/859 819/385/859 818/383/859 803/359/859
f 797/362/860 812/386/860 811/384/860 796/360/860
f 805/363/861 820/387/861 819/385/861 804/361/861
f 798/364/862 813/373/862 812/386/862 797/362/862
f 791/366/863 806/375/863 564/388/863
f 790/389/864 820/387/864 805/363/864
f 818/383/865 833/391/865 832/390/865 817/381/865
f 811/384/866 826/393/866 825/392/866 810/382/866
f 819/385/867 834/394/867 833/391/867 818/383/867
f 812/386/868 827/395/868 826/393/868 811/384/868
f 820/387/869 835/396/869 834/394/869 819/385/869
f 813/373/870 828/397/870 827/395/870 812/386/870
f 806/375/871 821/399/871 564/398/871
f 790/400/872 835/396/872 820/387/872
f 814/374/873 829/401/873 828/397/873 813/373/873
f 807/376/874 822/402/874 821/399/874 806/375/874
f 815/377/875 830/403/875 829/401/875 814/374/875
f 808/378/876 823/404/876 822/402/876 807/376/876
f 816/379/877 831/405/877 830/403/877 815/377/877
f 809/380/878 824/406/878 823/404/878 808/378/878
f 817/381/879 832/390/879 831/405/879 816/379/879
f 810/382/880 825/392/880 824/406/880 809/380/880
f 822/402/881 837/408/881 836/407/881 821/399/881
f 830/403/882 845/410/882 844/409/882 829/401/882
f 823/404/883 838/411/883 837/408/883 822/402/883
f 831/405/884 846/412/884 845/410/884 830/403/884
f 824/406/885 839/413/885 838/411/885 823/404/885
f 832/390/886 847/414/886 846/412/886 831/405/886
f 825/392/887 840/415/887 839/413/887 824/406/887
f 833/391/888 848/416/888 847/414/888 832/390/888
f 826/393/889 841/417/889 840/415/889 825/392/889
f 834/394/890 849/418/890 848/416/890 833/391/890
f 827/395/891 842/419/891 841/417/891 826/393/891
f 835/396/892 850/420/892 849/418/892 834/394/892
f 828/397/893 843/421/893 842/419/893 827/395/893
f 821/399/894 836/407/894 564/422/894
f 790/423/895 850/420/895 835/396/895
f 829/401/896 844/409/896 843/421/896 828/397/896
f 841/424/897 856/427/897 855/426/897 840/425/897
f 849/428/898 864/431/898 863/430/898 848/429/898
f 842/432/899 857/433/899 856/427/899 841/424/899
f 850/434/900 865/435/900 864/431/900 849/428/900
f 843/436/901 858/437/901 857/433/901 842/432/901
f 836/438/902 851/440/902 564/439/902
f 790/441/903 865/435/903 850/434/903
f 844/442/904 859/443/904 858/437/904 843/436/904
f 837/444/905 852/445/905 851/440/905 836/438/905
f 845/446/906 860/447/906 859/443/906 844/442/906
f 838/448/907 853/449/907 852/445/907 837/444/907
f 846/450/908 861/451/908 860/447/908 845/446/908
f 839/452/909 854/453/909 853/449/909 838/448/909
f 847/454/910 862/455/910 861/451/910 846/450/910
f 840/425/911 855/426/911 854/453/911 839/452/911
f 848/429/912 863/430/912 862/455/912 847/454/912
f 860/447/913 875/457/913 874/456/913 859/443/913
f 853/449/914 868/459/914 867/458/914 852/445/914
f 861/451/915 876/460/915 875/457/915 860/447/915
f 854/453/916 869/461/916 868/459/916 853/449/916
f 862/455/917 877/462/917 876/460/917 861/451/917
f 855/426/918 870/463/918 869/461/918 854/453/918
f 863/430/919 878/464/919 877/462/919 862/455/919
f 856/427/920 871/465/920 870/463/920 855/426/920
f 864/431/921 879/466/921 878/464/921 863/430/921
f 857/433/922 872/467/922 871/465/922 856/427/922
f 865/435/923 880/468/923 879/466/923 864/431/923
f 858/437/924 873/469/924 872/467/924 857/433/924
f 851/440/925 866/471/925 564/470/925
f 790/472/926 880/468/926 865/435/926
f 859/443/927 874/456/927 873/469/927 858/437/927
f 852/445/928 867/458/928 866/471/928 851/440/928
f 879/466/929 894/474/929 893/473/929 878/464/929
f 872/467/930 887/476/930 886/475/930 871/465/930
f 880/468/931 895/477/931 894/474/931 879/466/931
f 873/469/932 888/478/932 887/476/932 872/467/932
f 866/471/933 881/480/933 564/479/933
f 790/481/934 895/477/934 880/468/934
f 874/456/935 889/482/935 888/478/935 873/469/935
f 867/458/936 882/483/936 881/480/936 866/471/936
f 875/457/937 890/484/937 889/482/937 874/456/937
f 868/459/938 883/485/938 882/483/938 867/458/938
f 876/460/939 891/486/939 890/484/939 875/457/939
f 869/461/940 884/487/940 883/485/940 868/459/940
f 877/462/941 892/488/941 891/486/941 876/460/941
f 870/463/942 885/489/942 884/487/942 869/461/942
f 878/464/943 893/473/943 892/488/943 877/462/943
f 871/465/944 886/475/944 885/489/944 870/463/944
f 891/486/945 906/491/945 905/490/945 890/484/945
f 884/487/946 899/493/946 898/492/946 883/485/946
f 892/488/947 907/494/947 906/491/947 891/486/947
f 885/489/948 900/495/948 899/493/948 884/487/948
f 893/473/949 908/496/949 907/494/949 892/488/949
f 886/475/950 901/497/950 900/495/950 885/489/950
f 894/474/951 909/498/951 908/496/951 893/473/951
f 887/476/952 902/499/952 901/497/952 886/475/952
f 895/477/953 910/500/953 909/498/953 894/474/953
f 888/478/954 903/501/954 902/499/954 887/476/954
f 881/480/955 896/503/955 564/502/955
f 790/504/956 910/500/956 895/477/956
f 889/482/957 904/505/957 903/501/957 888/478/957
f 882/483/958 897/506/958 896/503/958 881/480/958
f 890/484/959 905/490/959 904/505/959 889/482/959
f 883/485/960 898/492/960 897/506/960 882/483/960
f 910/500/961 925/508/961 924/507/961 909/498/961
f 903/501/962 918/510/962 917/509/962 902/499/962
f 896/503/963 911/512/963 564/511/963
f 790/513/964 925/508/964 910/500/964
f 904/505/965 919/514/965 918/510/965 903/501/965
f 897/506/966 912/515/966 911/512/966 896/503/966
f 905/490/967 920/516/967 919/514/967 904/505/967
f 898/492/968 913/517/968 912/515/968 897/506/968
f 906/491/969 921/518/969 920/516/969 905/490/969
f 899/493/970 914/519/970 913/517/970 898/492/970
f 907/494/971 922/520/971 921/518/971 906/491/971
f 900/495/972 915/521/972 914/519/972 899/493/972
f 908/496/973 923/522/973 922/520/973 907/494/973
f 901/497/974 916/523/974 915/521/974 900/495/974
f 909/498/975 924/507/975 923/522/975 908/496/975
f 902/499/976 917/509/976 916/523/976 901/497/976
f 914/519/977 929/525/977 928/524/977 913/517/977
f 922/520/978 937/527/978 936/526/978 921/518/978
f 915/521/979 930/528/979 929/525/979 914/519/979
f 923/522/980 938/529/980 937/527/980 922/520/980
f 916/523/981 931/530/981 930/528/981 915/521/981
f 924/507/982 939/531/982 938/529/982 923/522/982
f 917/509/983 932/532/983 931/530/983 916/523/983
f 925/508/984 940/533/984 939/531/984 924/507/984
f 918/510/985 933/534/985 932/532/985 917/509/985
f 911/512/986 926/536/986 564/535/986
f 790/537/987 940/533/987 925/508/987
f 919/514/988 934/538/988 933/534/988 918/510/988
f 912/515/989 927/539/989 926/536/989 911/512/989
f 920/516/990 935/540/990 934/538/990 919/514/990
f 913/517/991 928/524/991 927/539/991 912/515/991
f 921/518/992 936/526/992 935/540/992 920/516/992
f 933/534/993 948/542/993 947/541/993 932/532/993
f 926/536/994 941/544/994 564/543/994
f 790/545/995 955/546/995 940/533/995
f 934/538/996 949/547/996 948/542/996 933/534/996
f 927/539/997 942/548/997 941/544/997 926/536/997
f 935/540/998 950/549/998 949/547/998 934/538/998
f 928/524/999 943/550/999 942/548/999 927/539/999
f 936/526/1000 951/551/1000 950/549/1000 935/540/1000
f 929/525/1001 944/552/1001 943/550/1001 928/524/1001
f 937/527/1002 952/553/1002 951/551/1002 936/526/1002
f 930/528/1003 945/554/1003 944/552/1003 929/525/1003
f 938/529/1004 953/555/1004 952/553/1004 937/527/1004
f 931/530/1005 946/556/1005 945/554/1005 930/528/1005
f 939/531/1006 954/557/1006 953/555/1006 938/529/1006
f 932/532/1007 947/541/1007 946/556/1007 931/530/1007
f 940/533/1008 955/546/1008 954/557/1008 939/531/1008
f 952/553/1009 961/5/1009 488/6/1009 951/551/1009
f 945/554/1010 484/9/1010 958/1/1010 944/552/1010
f 953/555/1011 962/11/1011 961/5/1011 952/553/1011
f 946/556/1012 959/13/1012 484/9/1012 945/554/1012
f 954/557/1013 963/15/1013 962/11/1013 953/555/1013
f 947/541/1014 485/17/1014 959/13/1014 946/556/1014
f 955/546/1015 964/19/1015 963/15/1015 954/557/1015
f 948/542/1016 486/21/1016 485/17/1016 947/541/1016
f 941/544/1017 956/23/1017 564/558/1017
f 790/559/1018 964/19/1018 955/546/1018
f 949/547/1019 487/27/1019 486/21/1019 948/542/1019
f 942/548/1020 957/29/1020 956/23/1020 941/544/1020
f 950/549/1021 960/31/1021 487/27/1021 949/547/1021
f 943/550/1022 483/2/1022 957/29/1022 942/548/1022
f 951/551/1023 488/6/1023 960/31/1023 950/549/1023
f 944/552/1024 958/1/1024 483/2/1024 943/550/1024
o Sphere.001
v 0.471567 0.434251 -0.746793
v 0.414481 0.445589 -0.755368
v 0.359515 0.450695 -0.747910
v 0.335492 0.450627 -0.738430
v 0.315039 0.448792 -0.725553
v 0.287823 0.440171 -0.691702
v 0.521690 0.414668 -0.724478
v 0.497393 0.419417 -0.738747
v 0.470445 0.423598 -0.749608
v 0.441881 0.427052 -0.756642
v 0.412801 0.429645 -0.759581
v 0.384320 0.431278 -0.758310
v 0.357534 0.431888 -0.752879
v 0.333471 0.431451 -0.743496
v 0.313057 0.429985 -0.730523
v 0.297077 0.427546 -0.714457
v 0.286143 0.424227 -0.695915
v 0.280677 0.420156 -0.675612
v 0.280888 0.415489 -0.654326
v 0.286769 0.410407 -0.632875
v 0.298093 0.405103 -0.612085
v 0.522007 0.410726 -0.724766
v 0.498016 0.411685 -0.739312
v 0.471349 0.412373 -0.750427
v 0.443033 0.412765 -0.757686
v 0.414154 0.412845 -0.760808
v 0.385824 0.412611 -0.759673
v 0.359130 0.412071 -0.754326
v 0.335099 0.411246 -0.744972
v 0.314654 0.410168 -0.731970
v 0.298581 0.408879 -0.715820
v 0.287497 0.407427 -0.697142
v 0.281828 0.405869 -0.676655
v 0.281793 0.404264 -0.655145
v 0.287392 0.402675 -0.633440
v 0.298411 0.401161 -0.612373
v 0.523025 0.406735 -0.724342
v 0.500011 0.403855 -0.738480
v 0.474246 0.401007 -0.749221
v 0.446720 0.398298 -0.756150
v 0.418490 0.395834 -0.759002
v 0.390641 0.393710 -0.757667
v 0.364245 0.392006 -0.752196
v 0.340314 0.390788 -0.742800
v 0.319768 0.390103 -0.729840
v 0.303398 0.389978 -0.713813
v 0.291833 0.390416 -0.695336
v 0.285515 0.391403 -0.675119
v 0.284690 0.392898 -0.653939
v 0.289388 0.394845 -0.632609
v 0.299428 0.397170 -0.611949
v 0.524702 0.402848 -0.723223
v 0.503302 0.396230 -0.736285
v 0.479024 0.389937 -0.746034
v 0.452801 0.384209 -0.752094
v 0.425640 0.379267 -0.754232
v 0.398587 0.375301 -0.752367
v 0.372679 0.372463 -0.746570
v 0.348913 0.370862 -0.737064
v 0.328203 0.370561 -0.724214
v 0.311344 0.371569 -0.708514
v 0.298983 0.373849 -0.690567
v 0.291597 0.377313 -0.671063
v 0.289468 0.381828 -0.650752
v 0.292679 0.387220 -0.630414
v 0.301106 0.393283 -0.610830
v 0.526976 0.399214 -0.721451
v 0.507762 0.389102 -0.732810
v 0.485499 0.379589 -0.740989
v 0.461042 0.371038 -0.745673
v 0.435331 0.363780 -0.746682
v 0.409354 0.358093 -0.743978
v 0.384110 0.354195 -0.737664
v 0.360568 0.352236 -0.727984
v 0.339634 0.352292 -0.715308
v 0.322111 0.354360 -0.700125
v 0.308674 0.358362 -0.683017
v 0.299838 0.364142 -0.664642
v 0.295943 0.371480 -0.645707
v 0.297139 0.380092 -0.626939
v 0.303380 0.389649 -0.609059
v 0.542402 0.409535 -0.707348
v 0.529759 0.395973 -0.719096
v 0.513220 0.382745 -0.728189
v 0.493423 0.370359 -0.734281
v 0.471127 0.359292 -0.737135
v 0.447190 0.349968 -0.736642
v 0.422531 0.342745 -0.732822
v 0.398098 0.337902 -0.725821
v 0.374831 0.335624 -0.715909
v 0.353622 0.335999 -0.703465
v 0.335288 0.339013 -0.688969
v 0.320532 0.344550 -0.672977
v 0.309923 0.352396 -0.656104
v 0.303867 0.362251 -0.638999
v 0.302597 0.373735 -0.622318
v 0.306162 0.386408 -0.606703
v 0.532943 0.393250 -0.716246
v 0.519466 0.377403 -0.722600
v 0.502490 0.362604 -0.726166
v 0.482668 0.349421 -0.726807
v 0.460761 0.338361 -0.724498
v 0.437610 0.329849 -0.719328
v 0.414106 0.324211 -0.711496
v 0.391152 0.321665 -0.701303
v 0.369630 0.322309 -0.689140
v 0.350367 0.326117 -0.675475
v 0.334103 0.332943 -0.660832
v 0.321464 0.342526 -0.645776
v 0.312934 0.354496 -0.630884
v 0.308843 0.368393 -0.616728
v 0.309346 0.383685 -0.603853
v 0.536406 0.391149 -0.713012
v 0.526260 0.373282 -0.716257
v 0.512354 0.356621 -0.716957
v 0.495221 0.341806 -0.715086
v 0.475522 0.329407 -0.710716
v 0.454012 0.319899 -0.704014
v 0.431518 0.313649 -0.695239
v 0.408906 0.310896 -0.684727
v 0.387042 0.311746 -0.672883
v 0.366769 0.316167 -0.660161
v 0.348865 0.323989 -0.647051
v 0.334017 0.334910 -0.634055
v 0.322798 0.348512 -0.621675
v 0.315637 0.364272 -0.610385
v 0.312810 0.381584 -0.600620
v 0.540016 0.389751 -0.709519
v 0.533341 0.370540 -0.709404
v 0.522633 0.352640 -0.707008
v 0.508305 0.336739 -0.702423
v 0.490907 0.323448 -0.695826
v 0.471107 0.313278 -0.687469
v 0.449666 0.306620 -0.677675
v 0.427409 0.303729 -0.666819
v 0.405190 0.304718 -0.655319
v 0.383863 0.309546 -0.643616
v 0.364249 0.318030 -0.632160
v 0.347101 0.329843 -0.621393
v 0.333077 0.344531 -0.611726
v 0.322717 0.361530 -0.603532
v 0.316419 0.380186 -0.597126
v 0.543633 0.389109 -0.705899
v 0.540436 0.369281 -0.702304
v 0.532935 0.350813 -0.696701
v 0.521416 0.334414 -0.689305
v 0.506323 0.320714 -0.680400
v 0.488237 0.310241 -0.670329
v 0.467851 0.303396 -0.659479
v 0.445950 0.300442 -0.648267
v 0.423375 0.301493 -0.637123
v 0.400994 0.306509 -0.626476
v 0.379666 0.315296 -0.616735
v 0.360212 0.327518 -0.608274
v 0.343378 0.342705 -0.601419
v 0.329813 0.360272 -0.596432
v 0.320037 0.379545 -0.593507
v 0.547119 0.389249 -0.702293
v 0.547274 0.369556 -0.695231
v 0.542861 0.351212 -0.686432
v 0.534050 0.334921 -0.676234
v 0.521180 0.321311 -0.665031
v 0.504745 0.310904 -0.653252
v 0.485376 0.304099 -0.641350
v 0.463818 0.301159 -0.629783
v 0.440900 0.302197 -0.618994
v 0.417502 0.307172 -0.609399
v 0.394523 0.315893 -0.601366
v 0.372846 0.328026 -0.595204
v 0.353305 0.343103 -0.591150
v 0.336651 0.360546 -0.589359
v 0.323523 0.379684 -0.589901
v 0.550339 0.390165 -0.698839
v 0.553591 0.371353 -0.688455
v 0.552032 0.353820 -0.676595
v 0.545723 0.338241 -0.663715
v 0.534905 0.325215 -0.650310
v 0.519995 0.315241 -0.636895
v 0.501566 0.308704 -0.623985
v 0.480325 0.305854 -0.612078
v 0.457090 0.306801 -0.601629
v 0.432752 0.311509 -0.593042
v 0.408248 0.319797 -0.586645
v 0.384519 0.331345 -0.582685
v 0.362476 0.345711 -0.581313
v 0.342968 0.362343 -0.582584
v 0.326743 0.380600 -0.586447
v 0.553171 0.391822 -0.695670
v 0.559145 0.374602 -0.682238
v 0.560095 0.358538 -0.667570
v 0.555985 0.344246 -0.652228
v 0.546972 0.332275 -0.636802
v 0.533403 0.323086 -0.621886
v 0.515799 0.317032 -0.608052
v 0.494837 0.314346 -0.595832
v 0.471323 0.315130 -0.585696
v 0.446160 0.319354 -0.578033
v 0.420314 0.326857 -0.573137
v 0.394780 0.337350 -0.571197
v 0.370539 0.350429 -0.572288
v 0.348521 0.365592 -0.576367
v 0.329574 0.382257 -0.583277
v 0.555504 0.394156 -0.692907
v 0.563722 0.379180 -0.676819
v 0.566739 0.365184 -0.659702
v 0.564441 0.352704 -0.642214
v 0.556916 0.342222 -0.625027
v 0.544452 0.334138 -0.608802
v 0.527529 0.328765 -0.594162
v 0.506797 0.326308 -0.581670
v 0.483053 0.326862 -0.571806
v 0.457209 0.330406 -0.564948
v 0.430258 0.336804 -0.561362
v 0.403237 0.345809 -0.561183
v 0.377183 0.357075 -0.564420
v 0.353098 0.370170 -0.570947
v 0.331907 0.384591 -0.580514
v 0.557249 0.397077 -0.690657
v 0.567146 0.384910 -0.672405
v 0.571710 0.373503 -0.653293
v 0.570768 0.363292 -0.634058
v 0.564355 0.354672 -0.615437
v 0.552719 0.347972 -0.598146
v 0.536305 0.343451 -0.582849
v 0.515745 0.341282 -0.570136
v 0.491828 0.341548 -0.560493
v 0.465475 0.344240 -0.554292
v 0.437698 0.349253 -0.551771
v 0.409564 0.356396 -0.553027
v 0.382154 0.365394 -0.558012
v 0.356522 0.375900 -0.566533
v 0.333653 0.387512 -0.578264
v 0.558340 0.400473 -0.689006
v 0.569285 0.391572 -0.669166
v 0.574817 0.383175 -0.648592
v 0.574722 0.375602 -0.628073
v 0.569004 0.369147 -0.608400
v 0.557884 0.364056 -0.590327
v 0.541789 0.360525 -0.574549
v 0.521336 0.358691 -0.561673
v 0.497312 0.358623 -0.552193
v 0.470641 0.360324 -0.546473
v 0.442347 0.363729 -0.544734
v 0.413518 0.368706 -0.547043
v 0.385261 0.375066 -0.553310
v 0.358662 0.382563 -0.563294
v 0.334744 0.390908 -0.576613
v 0.558734 0.404214 -0.688017
v 0.570058 0.398911 -0.667227
v 0.575939 0.393828 -0.645777
v 0.576150 0.389161 -0.624491
v 0.570684 0.385090 -0.604187
v 0.559751 0.381772 -0.585646
v 0.543770 0.379332 -0.569580
v 0.523356 0.377866 -0.556606
v 0.499294 0.377430 -0.547223
v 0.472508 0.378040 -0.541792
v 0.444027 0.379672 -0.540522
v 0.414946 0.382266 -0.543460
v 0.386383 0.385719 -0.550495
v 0.359435 0.389901 -0.561355
v 0.335138 0.394649 -0.575625
v 0.558417 0.408156 -0.687729
v 0.569435 0.406643 -0.666662
v 0.575034 0.405053 -0.644957
v 0.574999 0.403449 -0.623447
v 0.569331 0.401890 -0.602960
v 0.558246 0.400439 -0.584282
v 0.542173 0.399149 -0.568132
v 0.521728 0.398071 -0.555130
v 0.497697 0.397247 -0.545776
v 0.471003 0.396707 -0.540429
v 0.442673 0.396472 -0.539295
v 0.413795 0.396553 -0.542417
v 0.385478 0.396944 -0.549675
v 0.358812 0.397633 -0.560791
v 0.334820 0.398591 -0.575337
v 0.557400 0.412147 -0.688153
v 0.567440 0.414472 -0.667493
v 0.572138 0.416419 -0.646164
v 0.571312 0.417915 -0.624983
v 0.564995 0.418901 -0.604766
v 0.553429 0.419340 -0.586289
v 0.537059 0.419214 -0.570262
v 0.516514 0.418530 -0.557302
v 0.492583 0.417312 -0.547906
v 0.466186 0.415608 -0.542436
v 0.438338 0.413483 -0.541101
v 0.410108 0.411019 -0.543952
v 0.382582 0.408311 -0.550882
v 0.356817 0.405462 -0.561622
v 0.333803 0.402582 -0.575760
v 0.555722 0.416034 -0.689272
v 0.564149 0.422097 -0.669689
v 0.567360 0.427489 -0.649351
v 0.565231 0.432004 -0.629039
v 0.557844 0.435468 -0.609535
v 0.545484 0.437748 -0.591589
v 0.528625 0.438757 -0.575889
v 0.507914 0.438455 -0.563039
v 0.484148 0.436854 -0.553532
v 0.458241 0.434016 -0.547735
v 0.431187 0.430050 -0.545870
v 0.404027 0.425108 -0.548009
v 0.377804 0.419380 -0.554069
v 0.353526 0.413087 -0.563817
v 0.332125 0.406470 -0.576880
v 0.314425 0.399782 -0.592754
v 0.553448 0.419668 -0.691043
v 0.559689 0.429225 -0.673163
v 0.560885 0.437837 -0.654395
v 0.556990 0.445175 -0.635460
v 0.548154 0.450955 -0.617085
v 0.534716 0.454957 -0.599978
v 0.517193 0.457025 -0.584794
v 0.496259 0.457081 -0.572119
v 0.472717 0.455123 -0.562438
v 0.447473 0.451225 -0.556124
v 0.421496 0.445537 -0.553420
v 0.395786 0.438279 -0.554429
v 0.371329 0.429729 -0.559113
v 0.349065 0.420215 -0.567292
v 0.329851 0.410103 -0.578651
v 0.550666 0.422909 -0.693399
v 0.554231 0.435582 -0.677784
v 0.552961 0.447066 -0.661104
v 0.546905 0.456921 -0.643998
v 0.536295 0.464768 -0.627125
v 0.521540 0.470304 -0.611134
v 0.503205 0.473318 -0.596637
v 0.481997 0.473693 -0.584194
v 0.458729 0.471415 -0.574281
v 0.434297 0.466572 -0.567280
v 0.409638 0.459350 -0.563460
v 0.385701 0.450025 -0.562968
v 0.363405 0.438958 -0.565822
v 0.343608 0.426572 -0.571913
v 0.327069 0.413344 -0.581007
v 0.547481 0.425632 -0.696249
v 0.547985 0.440924 -0.683374
v 0.543893 0.454822 -0.669218
v 0.535364 0.466792 -0.654326
v 0.522724 0.476374 -0.639270
v 0.506461 0.483200 -0.624628
v 0.487198 0.487009 -0.610963
v 0.465675 0.487652 -0.598800
v 0.442721 0.485106 -0.588606
v 0.419218 0.479468 -0.580774
v 0.396067 0.470956 -0.575604
v 0.374160 0.459896 -0.573296
v 0.354337 0.446713 -0.573936
v 0.337362 0.431914 -0.577502
v 0.323885 0.416067 -0.583856
v 0.544018 0.427733 -0.699483
v 0.541191 0.445045 -0.689717
v 0.534030 0.460805 -0.678427
v 0.522810 0.474407 -0.666047
v 0.507963 0.485329 -0.653052
v 0.490059 0.493150 -0.639941
v 0.469785 0.497571 -0.627220
v 0.447922 0.498421 -0.615375
v 0.425309 0.495669 -0.604863
v 0.402816 0.489418 -0.596088
v 0.381306 0.479911 -0.589386
v 0.361606 0.467511 -0.585016
v 0.344474 0.452696 -0.583145
v 0.330568 0.436035 -0.583845
v 0.320421 0.418168 -0.587090
v 0.540408 0.429131 -0.702976
v 0.534110 0.447787 -0.696570
v 0.523750 0.464786 -0.688376
v 0.509727 0.479474 -0.678710
v 0.492578 0.491287 -0.667942
v 0.472964 0.499771 -0.656486
v 0.451638 0.504600 -0.644784
v 0.429419 0.505588 -0.633283
v 0.407162 0.502697 -0.622427
v 0.385721 0.496039 -0.612633
v 0.365921 0.485869 -0.604276
v 0.348523 0.472578 -0.597679
v 0.334194 0.456677 -0.593094
v 0.323487 0.438778 -0.590699
v 0.316812 0.419566 -0.590584
v 0.536791 0.429773 -0.706596
v 0.527014 0.449046 -0.703670
v 0.513449 0.466613 -0.698683
v 0.496616 0.481799 -0.691828
v 0.477161 0.494021 -0.683368
v 0.455834 0.502808 -0.673626
v 0.433452 0.507824 -0.662980
v 0.410877 0.508875 -0.651836
v 0.388976 0.505922 -0.640623
v 0.368591 0.499076 -0.629773
v 0.350504 0.488603 -0.619702
v 0.335412 0.474903 -0.610798
v 0.323893 0.458504 -0.603402
v 0.316391 0.440036 -0.597798
v 0.313194 0.420208 -0.594203
v 0.533305 0.429633 -0.710202
v 0.520177 0.448771 -0.710743
v 0.503522 0.466214 -0.708953
v 0.483981 0.481292 -0.704898
v 0.462305 0.493424 -0.698736
v 0.439326 0.502146 -0.690703
v 0.415928 0.507121 -0.681108
v 0.393010 0.508158 -0.670320
v 0.371452 0.505218 -0.658752
v 0.352083 0.498414 -0.646850
v 0.335648 0.488006 -0.635071
v 0.322777 0.474396 -0.623868
v 0.313966 0.458105 -0.613671
v 0.309553 0.439761 -0.604872
v 0.309708 0.420068 -0.597809
v 0.530085 0.428717 -0.713656
v 0.513860 0.446974 -0.717519
v 0.494351 0.463606 -0.718789
v 0.472309 0.477972 -0.717418
v 0.448580 0.489521 -0.713457
v 0.424075 0.497808 -0.707061
v 0.399738 0.502516 -0.698473
v 0.376502 0.503463 -0.688025
v 0.355262 0.500613 -0.676117
v 0.336832 0.494076 -0.663207
v 0.321922 0.484103 -0.649792
v 0.311105 0.471076 -0.636387
v 0.304795 0.455497 -0.623507
v 0.303236 0.437965 -0.611647
v 0.306488 0.419152 -0.601263
v 0.527254 0.427060 -0.716825
v 0.508306 0.443725 -0.723736
v 0.486289 0.458888 -0.727814
v 0.462047 0.471967 -0.728905
v 0.436513 0.482460 -0.726965
v 0.410668 0.489963 -0.722070
v 0.385505 0.494187 -0.714407
v 0.361990 0.494971 -0.704270
v 0.341028 0.492285 -0.692050
v 0.323425 0.486231 -0.678216
v 0.309856 0.477042 -0.663300
v 0.300843 0.465072 -0.647874
v 0.296733 0.450779 -0.632533
v 0.297683 0.434715 -0.617864
v 0.303657 0.417495 -0.604432
v 0.524920 0.424726 -0.719588
v 0.503730 0.439147 -0.729155
v 0.479644 0.452242 -0.735683
v 0.453591 0.463509 -0.738919
v 0.426569 0.472514 -0.738741
v 0.399619 0.478911 -0.735154
v 0.373775 0.482455 -0.728296
v 0.350031 0.483009 -0.718432
v 0.329299 0.480552 -0.705940
v 0.312376 0.475179 -0.691300
v 0.299912 0.467096 -0.675075
v 0.292386 0.456613 -0.657889
v 0.290088 0.444133 -0.640401
v 0.293106 0.430137 -0.623284
v 0.301324 0.415162 -0.607195
v 0.523175 0.421805 -0.721838
v 0.500305 0.433417 -0.733569
v 0.474673 0.443923 -0.742091
v 0.447264 0.452921 -0.747075
v 0.419130 0.460064 -0.748331
v 0.391352 0.465077 -0.745810
v 0.364999 0.467769 -0.739609
v 0.341083 0.468035 -0.729966
v 0.320523 0.465866 -0.717253
v 0.304109 0.461345 -0.701957
v 0.292472 0.454646 -0.684666
v 0.286060 0.446025 -0.666045
v 0.285117 0.435815 -0.646809
v 0.289682 0.424407 -0.627698
v 0.299578 0.412240 -0.609446
v 0.522084 0.418409 -0.723489
v 0.498166 0.426755 -0.736808
v 0.443310 0.440611 -0.753060
v 0.386187 0.448993 -0.753629
v 0.298943 0.445261 -0.709776
v 0.282106 0.433715 -0.672029
v 0.282011 0.426143 -0.651511
v 0.287542 0.417745 -0.630936
v 0.298487 0.408844 -0.611097
v 0.471567 0.434251 0.746793
v 0.414481 0.445589 0.755368
v 0.359515 0.450695 0.747910
v 0.335492 0.450627 0.738430
v 0.315039 0.448792 0.725553
v 0.287823 0.440171 0.691702
v 0.521690 0.414668 0.724478
v 0.497393 0.419417 0.738747
v 0.470445 0.423598 0.749608
v 0.441881 0.427052 0.756642
v 0.412801 0.429645 0.759581
v 0.384320 0.431278 0.758310
v 0.357534 0.431888 0.752879
v 0.333471 0.431451 0.743496
v 0.313057 0.429985 0.730523
v 0.297077 0.427546 0.714457
v 0.286143 0.424227 0.695915
v 0.280677 0.420156 0.675612
v 0.280888 0.415489 0.654326
v 0.286769 0.410407 0.632875
v 0.298093 0.405103 0.612085
v 0.522007 0.410726 0.724766
v 0.498016 0.411685 0.739312
v 0.471349 0.412373 0.750427
v 0.443033 0.412765 0.757686
v 0.414154 0.412845 0.760808
v 0.385824 0.412611 0.759673
v 0.359130 0.412071 0.754326
v 0.335099 0.411246 0.744972
v 0.314654 0.410168 0.731970
v 0.298581 0.408879 0.715820
v 0.287497 0.407427 0.697142
v 0.281828 0.405869 0.676655
v 0.281793 0.404264 0.655145
v 0.287392 0.402675 0.633440
v 0.298411 0.401161 0.612373
v 0.523025 0.406735 0.724342
v 0.500011 0.403855 0.738480
v 0.474246 0.401007 0.749221
v 0.446720 0.398298 0.756150
v 0.418490 0.395834 0.759002
v 0.390641 0.393710 0.757667
v 0.364245 0.392006 0.752196
v 0.340314 0.390788 0.742800
v 0.319768 0.390103 0.729840
v 0.303398 0.389978 0.713813
v 0.291833 0.390416 0.695336
v 0.285515 0.391403 0.675119
v 0.284690 0.392898 0.653939
v 0.289388 0.394845 0.632609
v 0.299428 0.397170 0.611949
v 0.524702 0.402848 0.723223
v 0.503302 0.396230 0.736285
v 0.479024 0.389937 0.746034
v 0.452801 0.384209 0.752094
v 0.425640 0.379267 0.754232
v 0.398587 0.375301 0.752367
v 0.372679 0.372463 0.746570
v 0.348913 0.370862 0.737064
v 0.328203 0.370561 0.724214
v 0.311344 0.371569 0.708514
v 0.298983 0.373849 0.690567
v 0.291597 0.377313 0.671063
v 0.289468 0.381828 0.650752
v 0.292679 0.387220 0.630414
v 0.301106 0.393283 0.610830
v 0.526976 0.399214 0.721451
v 0.507762 0.389102 0.732810
v 0.485499 0.379589 0.740989
v 0.461042 0.371038 0.745673
v 0.435331 0.363780 0.746682
v 0.409354 0.358093 0.743978
v 0.384110 0.354195 0.737664
v 0.360568 0.352236 0.727984
v 0.339634 0.352292 0.715308
v 0.322111 0.354360 0.700125
v 0.308674 0.358362 0.683017
v 0.299838 0.364142 0.664642
v 0.295943 0.371480 0.645707
v 0.297139 0.380092 0.626939
v 0.303380 0.389649 0.609059
v 0.542402 0.409535 0.707348
v 0.529759 0.395973 0.719096
v 0.513220 0.382745 0.728189
v 0.493423 0.370359 0.734281
v 0.471127 0.359292 0.737135
v 0.447190 0.349968 0.736642
v 0.422531 0.342745 0.732822
v 0.398098 0.337902 0.725821
v 0.374831 0.335624 0.715909
v 0.353622 0.335999 0.703465
v 0.335288 0.339013 0.688969
v 0.320532 0.344550 0.672977
v 0.309923 0.352396 0.656104
v 0.303867 0.362251 0.638999
v 0.302597 0.373735 0.622318
v 0.306162 0.386408 0.606703
v 0.532943 0.393250 0.716246
v 0.519466 0.377403 0.722600
v 0.502490 0.362604 0.726166
v 0.482668 0.349421 0.726807
v 0.460761 0.338361 0.724498
v 0.437610 0.329849 0.719328
v 0.414106 0.324211 0.711496
v 0.391152 0.321665 0.701303
v 0.369630 0.322309 0.689140
v 0.350367 0.326117 0.675475
v 0.334103 0.332943 0.660832
v 0.321464 0.342526 0.645776
v 0.312934 0.354496 0.630884
v 0.308843 0.368393 0.616728
v 0.309346 0.383685 0.603853
v 0.536406 0.391149 0.713012
v 0.526260 0.373282 0.716257
v 0.512354 0.356621 0.716957
v 0.495221 0.341806 0.715086
v 0.475522 0.329407 0.710716
v 0.454012 0.319899 0.704014
v 0.431518 0.313649 0.695239
v 0.408906 0.310896 0.684727
v 0.387042 0.311746 0.672883
v 0.366769 0.316167 0.660161
v 0.348865 0.323989 0.647051
v 0.334017 0.334910 0.634055
v 0.322798 0.348512 0.621675
v 0.315637 0.364272 0.610385
v 0.312810 0.381584 0.600620
v 0.540016 0.389751 0.709519
v 0.533341 0.370540 0.709404
v 0.522633 0.352640 0.707008
v 0.508305 0.336739 0.702423
v 0.490907 0.323448 0.695826
v 0.471107 0.313278 0.687469
v 0.449666 0.306620 0.677675
v 0.427409 0.303729 0.666819
v 0.405190 0.304718 0.655319
v 0.383863 0.309546 0.643616
v 0.364249 0.318030 0.632160
v 0.347101 0.329843 0.621393
v 0.333077 0.344531 0.611726
v 0.322717 0.361530 0.603532
v 0.316419 0.380186 0.597126
v 0.543633 0.389109 0.705899
v 0.540436 0.369281 0.702304
v 0.532935 0.350813 0.696701
v 0.521416 0.334414 0.689305
v 0.506323 0.320714 0.680400
v 0.488237 0.310241 0.670329
v 0.467851 0.303396 0.659479
v 0.445950 0.300442 0.648267
v 0.423375 0.301493 0.637123
v 0.400994 0.306509 0.626476
v 0.379666 0.315296 0.616735
v 0.360212 0.327518 0.608274
v 0.343378 0.342705 0.601419
v 0.329813 0.360272 0.596432
v 0.320037 0.379545 0.593507
v 0.547119 0.389249 0.702293
v 0.547274 0.369556 0.695231
v 0.542861 0.351212 0.686432
v 0.534050 0.334921 0.676234
v 0.521180 0.321311 0.665031
v 0.504745 0.310904 0.653252
v 0.485376 0.304099 0.641350
v 0.463818 0.301159 0.629783
v 0.440900 0.302197 0.618994
v 0.417502 0.307172 0.609399
v 0.394523 0.315893 0.601366
v 0.372846 0.328026 0.595204
v 0.353305 0.343103 0.591150
v 0.336651 0.360546 0.589359
v 0.323523 0.379684 0.589901
v 0.550339 0.390165 0.698839
v 0.553591 0.371353 0.688455
v 0.552032 0.353820 0.676595
v 0.545723 0.338241 0.663715
v 0.534905 0.325215 0.650310
v 0.519995 0.315241 0.636895
v 0.501566 0.308704 0.623985
v 0.480325 0.305854 0.612078
v 0.457090 0.306801 0.601629
v 0.432752 0.311509 0.593042
v 0.408248 0.319797 0.586645
v 0.384519 0.331345 0.582685
v 0.362476 0.345711 0.581313
v 0.342968 0.362343 0.582584
v 0.326743 0.380600 0.586447
v 0.553171 0.391822 0.695670
v 0.559145 0.374602 0.682238
v 0.560095 0.358538 0.667570
v 0.555985 0.344246 0.652228
v 0.546972 0.332275 0.636802
v 0.533403 0.323086 0.621886
v 0.515799 0.317032 0.608052
v 0.494837 0.314346 0.595832
v 0.471323 0.315130 0.585696
v 0.446160 0.319354 0.578033
v 0.420314 0.326857 0.573137
v 0.394780 0.337350 0.571197
v 0.370539 0.350429 0.572288
v 0.348521 0.365592 0.576367
v 0.329574 0.382257 0.583277
v 0.555504 0.394156 0.692907
v 0.563722 0.379180 0.676819
v 0.566739 0.365184 0.659702
v 0.564441 0.352704 0.642214
v 0.556916 0.342222 0.625027
v 0.544452 0.334138 0.608802
v 0.527529 0.328765 0.594162
v 0.506797 0.326308 0.581670
v 0.483053 0.326862 0.571806
v 0.457209 0.330406 0.564948
v 0.430258 0.336804 0.561362
v 0.403237 0.345809 0.561183
v 0.377183 0.357075 0.564420
v 0.353098 0.370170 0.570947
v 0.331907 0.384591 0.580514
v 0.557249 0.397077 0.690657
v 0.567146 0.384910 0.672405
v 0.571710 0.373503 0.653293
v 0.570768 0.363292 0.634058
v 0.564355 0.354672 0.615437
v 0.552719 0.347972 0.598146
v 0.536305 0.343451 0.582849
v 0.515745 0.341282 0.570136
v 0.491828 0.341548 0.560493
v 0.465475 0.344240 0.554292
v 0.437698 0.349253 0.551771
v 0.409564 0.356396 0.553027
v 0.382154 0.365394 0.558012
v 0.356522 0.375900 0.566533
v 0.333653 0.387512 0.578264
v 0.558340 0.400473 0.689006
v 0.569285 0.391572 0.669166
v 0.574817 0.383175 0.648592
v 0.574722 0.375602 0.628073
v 0.569004 0.369147 0.608400
v 0.557884 0.364056 0.590327
v 0.541789 0.360525 0.574549
v 0.521336 0.358691 0.561673
v 0.497312 0.358623 0.552193
v 0.470641 0.360324 0.546473
v 0.442347 0.363729 0.544734
v 0.413518 0.368706 0.547043
v 0.385261 0.375066 0.553310
v 0.358662 0.382563 0.563294
v 0.334744 0.390908 0.576613
v 0.558734 0.404214 0.688017
v 0.570058 0.398911 0.667227
v 0.575939 0.393828 0.645777
v 0.576150 0.389161 0.624491
v 0.570684 0.385090 0.604187
v 0.559751 0.381772 0.585646
v 0.543770 0.379332 0.569580
v 0.523356 0.377866 0.556606
v 0.499294 0.377430 0.547223
v 0.472508 0.378040 0.541792
v 0.444027 0.379672 0.540522
v 0.414946 0.382266 0.543460
v 0.386383 0.385719 0.550495
v 0.359435 0.389901 0.561355
v 0.335138 0.394649 0.575625
v 0.558417 0.408156 0.687729
v 0.569435 0.406643 0.666662
v 0.575034 0.405053 0.644957
v 0.574999 0.403449 0.623447
v 0.569331 0.401890 0.602960
v 0.558246 0.400439 0.584282
v 0.542173 0.399149 0.568132
v 0.521728 0.398071 0.555130
v 0.497697 0.397247 0.545776
v 0.471003 0.396707 0.540429
v 0.442673 0.396472 0.539295
v 0.413795 0.396553 0.542417
v 0.385478 0.396944 0.549675
v 0.358812 0.397633 0.560791
v 0.334820 0.398591 0.575337
v 0.557400 0.412147 0.688153
v 0.567440 0.414472 0.667493
v 0.572138 0.416419 0.646164
v 0.571312 0.417915 0.624983
v 0.564995 0.418901 0.604766
v 0.553429 0.419340 0.586289
v 0.537059 0.419214 0.570262
v 0.516514 0.418530 0.557302
v 0.492583 0.417312 0.547906
v 0.466186 0.415608 0.542436
v 0.438338 0.413483 0.541101
v 0.410108 0.411019 0.543952
v 0.382582 0.408311 0.550882
v 0.356817 0.405462 0.561622
v 0.333803 0.402582 0.575760
v 0.555722 0.416034 0.689272
v 0.564149 0.422097 0.669689
v 0.567360 0.427489 0.649351
v 0.565231 0.432004 0.629039
v 0.557844 0.435468 0.609535
v 0.545484 0.437748 0.591589
v 0.528625 0.438757 0.575889
v 0.507914 0.438455 0.563039
v 0.484148 0.436854 0.553532
v 0.458241 0.434016 0.547735
v 0.431187 0.430050 0.545870
v 0.404027 0.425108 0.548009
v 0.377804 0.419380 0.554069
v 0.353526 0.413087 0.563817
v 0.332125 0.406470 0.576880
v 0.314425 0.399782 0.592754
v 0.553448 0.419668 0.691043
v 0.559689 0.429225 0.673163
v 0.560885 0.437837 0.654395
v 0.556990 0.445175 0.635460
v 0.548154 0.450955 0.617085
v 0.534716 0.454957 0.599978
v 0.517193 0.457025 0.584794
v 0.496259 0.457081 0.572119
v 0.472717 0.455123 0.562438
v 0.447473 0.451225 0.556124
v 0.421496 0.445537 0.553420
v 0.395786 0.438279 0.554429
v 0.371329 0.429729 0.559113
v 0.349065 0.420215 0.567292
v 0.329851 0.410103 0.578651
v 0.550666 0.422909 0.693399
v 0.554231 0.435582 0.677784
v 0.552961 0.447066 0.661104
v 0.546905 0.456921 0.643998
v 0.536295 0.464768 0.627125
v 0.521540 0.470304 0.611134
v 0.503205 0.473318 0.596637
v 0.481997 0.473693 0.584194
v 0.458729 0.471415 0.574281
v 0.434297 0.466572 0.567280
v 0.409638 0.459350 0.563460
v 0.385701 0.450025 0.562968
v 0.363405 0.438958 0.565822
v 0.343608 0.426572 0.571913
v 0.327069 0.413344 0.581007
v 0.547481 0.425632 0.696249
v 0.547985 0.440924 0.683374
v 0.543893 0.454822 0.669218
v 0.535364 0.466792 0.654326
v 0.522724 0.476374 0.639270
v 0.506461 0.483200 0.624628
v 0.487198 0.487009 0.610963
v 0.465675 0.487652 0.598800
v 0.442721 0.485106 0.588606
v 0.419218 0.479468 0.580774
v 0.396067 0.470956 0.575604
v 0.374160 0.459896 0.573296
v 0.354337 0.446713 0.573936
v 0.337362 0.431914 0.577502
v 0.323885 0.416067 0.583856
v 0.544018 0.427733 0.699483
v 0.541191 0.445045 0.689717
v 0.534030 0.460805 0.678427
v 0.522810 0.474407 0.666047
v 0.507963 0.485329 0.653052
v 0.490059 0.493150 0.639941
v 0.469785 0.497571 0.627220
v 0.447922 0.498421 0.615375
v 0.425309 0.495669 0.604863
v 0.402816 0.489418 0.596088
v 0.381306 0.479911 0.589386
v 0.361606 0.467511 0.585016
v 0.344474 0.452696 0.583145
v 0.330568 0.436035 0.583845
v 0.320421 0.418168 0.587090
v 0.540408 0.429131 0.702976
v 0.534110 0.447787 0.696570
v 0.523750 0.464786 0.688376
v 0.509727 0.479474 0.678710
v 0.492578 0.491287 0.667942
v 0.472964 0.499771 0.656486
v 0.451638 0.504600 0.644784
v 0.429419 0.505588 0.633283
v 0.407162 0.502697 0.622427
v 0.385721 0.496039 0.612633
v 0.365921 0.485869 0.604276
v 0.348523 0.472578 0.597679
v 0.334194 0.456677 0.593094
v 0.323487 0.438778 0.590699
v 0.316812 0.419566 0.590584
v 0.536791 0.429773 0.706596
v 0.527014 0.449046 0.703670
v 0.513449 0.466613 0.698683
v 0.496616 0.481799 0.691828
v 0.477161 0.494021 0.683368
v 0.455834 0.502808 0.673626
v 0.433452 0.507824 0.662980
v 0.410877 0.508875 0.651836
v 0.388976 0.505922 0.640623
v 0.368591 0.499076 0.629773
v 0.350504 0.488603 0.619702
v 0.335412 0.474903 0.610798
v 0.323893 0.458504 0.603402
v 0.316391 0.440036 0.597798
v 0.313194 0.420208 0.594203
v 0.533305 0.429633 0.710202
v 0.520177 0.448771 0.710743
v 0.503522 0.466214 0.708953
v 0.483981 0.481292 0.704898
v 0.462305 0.493424 0.698736
v 0.439326 0.502146 0.690703
v 0.415928 0.507121 0.681108
v 0.393010 0.508158 0.670320
v 0.371452 0.505218 0.658752
v 0.352083 0.498414 0.646850
v 0.335648 0.488006 0.635071
v 0.322777 0.474396 0.623868
v 0.313966 0.458105 0.613671
v 0.309553 0.439761 0.604872
v 0.309708 0.420068 0.597809
v 0.530085 0.428717 0.713656
v 0.513860 0.446974 0.717519
v 0.494351 0.463606 0.718789
v 0.472309 0.477972 0.717418
v 0.448580 0.489521 0.713457
v 0.424075 0.497808 0.707061
v 0.399738 0.502516 0.698473
v 0.376502 0.503463 0.688025
v 0.355262 0.500613 0.676117
v 0.336832 0.494076 0.663207
v 0.321922 0.484103 0.649792
v 0.311105 0.471076 0.636387
v 0.304795 0.455497 0.623507
v 0.303236 0.437965 0.611647
v 0.306488 0.419152 0.601263
v 0.527254 0.427060 0.716825
v 0.508306 0.443725 0.723736
v 0.486289 0.458888 0.727814
v 0.462047 0.471967 0.728905
v 0.436513 0.482460 0.726965
v 0.410668 0.489963 0.722070
v 0.385505 0.494187 0.714407
v 0.361990 0.494971 0.704270
v 0.341028 0.492285 0.692050
v 0.323425 0.486231 0.678216
v 0.309856 0.477042 0.663300
v 0.300843 0.465072 0.647874
v 0.296733 0.450779 0.632533
v 0.297683 0.434715 0.617864
v 0.303657 0.417495 0.604432
v 0.524920 0.424726 0.719588
v 0.503730 0.439147 0.729155
v 0.479644 0.452242 0.735683
v 0.453591 0.463509 0.738919
v 0.426569 0.472514 0.738741
v 0.399619 0.478911 0.735154
v 0.373775 0.482455 0.728296
v 0.350031 0.483009 0.718432
v 0.329299 0.480552 0.705940
v 0.312376 0.475179 0.691300
v 0.299912 0.467096 0.675075
v 0.292386 0.456613 0.657889
v 0.290088 0.444133 0.640401
v 0.293106 0.430137 0.623284
v 0.301324 0.415162 0.607195
v 0.523175 0.421805 0.721838
v 0.500305 0.433417 0.733569
v 0.474673 0.443923 0.742091
v 0.447264 0.452921 0.747075
v 0.419130 0.460064 0.748331
v 0.391352 0.465077 0.745810
v 0.364999 0.467769 0.739609
v 0.341083 0.468035 0.729966
v 0.320523 0.465866 0.717253
v 0.304109 0.461345 0.701957
v 0.292472 0.454646 0.684666
v 0.286060 0.446025 0.666045
v 0.285117 0.435815 0.646809
v 0.289682 0.424407 0.627698
v 0.299578 0.412240 0.609446
v 0.522084 0.418409 0.723489
v 0.498166 0.426755 0.736808
v 0.443310 0.440611 0.753060
v 0.386187 0.448993 0.753629
v 0.298943 0.445261 0.709776
v 0.282106 0.433715 0.672029
v 0.282011 0.426143 0.651511
v 0.287542 0.417745 0.630936
v 0.298487 0.408844 0.611097
vn 0.2584 0.2213 -0.9404
vn -0.9606 0.1610 -0.2263
vn 0.1189 0.2419 -0.9630
vn -0.9948 0.0966 0.0311
vn -0.0283 0.2581 -0.9657
vn -0.9622 0.0298 0.2708
vn -0.1855 0.2693 -0.9450
vn -0.8811 -0.0318 0.4718
vn -0.3537 0.2736 -0.8944
vn 0.6508 0.1291 -0.7482
vn -0.7725 -0.0849 0.6293
vn -0.5304 0.2684 -0.8042
vn 0.5233 0.1657 -0.8359
vn -0.7052 0.2496 -0.6636
vn 0.3926 0.1961 -0.8986
vn -0.8577 0.2139 -0.4675
vn 0.3851 0.0981 -0.9177
vn -0.8585 -0.0318 -0.5119
vn 0.2485 0.0905 -0.9644
vn -0.9610 -0.0577 -0.2703
vn 0.1074 0.0810 -0.9909
vn -0.9968 -0.0798 -0.0076
vn -0.0405 0.0695 -0.9968
vn -0.9655 -0.0955 0.2421
vn -0.1972 0.0556 -0.9788
vn -0.8843 -0.1045 0.4550
vn -0.3636 0.0387 -0.9307
vn 0.6493 0.1073 -0.7529
vn -0.7739 -0.1079 0.6241
vn -0.5372 0.0183 -0.8432
vn 0.5187 0.1038 -0.8486
vn -0.7086 -0.0056 -0.7056
vn -0.1912 -0.1517 -0.9698
vn -0.8774 -0.1762 0.4462
vn -0.3508 -0.1868 -0.9176
vn 0.6499 0.0855 -0.7552
vn -0.7725 -0.1309 0.6214
vn -0.5153 -0.2193 -0.8285
vn 0.5192 0.0417 -0.8536
vn -0.6771 -0.2462 -0.6935
vn 0.3848 0.0001 -0.9230
vn -0.8206 -0.2630 -0.5074
vn 0.2476 -0.0397 -0.9681
vn -0.9240 -0.2648 -0.2758
vn 0.1069 -0.0780 -0.9912
vn -0.9683 -0.2489 -0.0202
vn -0.0388 -0.1153 -0.9926
vn -0.9488 -0.2175 0.2288
vn -0.7574 -0.4602 -0.4632
vn 0.2559 -0.1638 -0.9527
vn -0.8616 -0.4431 -0.2476
vn 0.1175 -0.2276 -0.9666
vn -0.9173 -0.3981 -0.0076
vn -0.0241 -0.2862 -0.9579
vn -0.9157 -0.3285 0.2317
vn -0.1698 -0.3396 -0.9251
vn -0.8613 -0.2434 0.4460
vn -0.3199 -0.3870 -0.8648
vn 0.6527 0.0644 -0.7549
vn -0.7685 -0.1528 0.6213
vn -0.4725 -0.4260 -0.7715
vn 0.5250 -0.0184 -0.8509
vn -0.6221 -0.4525 -0.6390
vn 0.3919 -0.0943 -0.9152
vn -0.8378 -0.3028 0.4543
vn -0.2764 -0.5553 -0.7844
vn 0.6576 0.0448 -0.7521
vn -0.7622 -0.1729 0.6238
vn -0.4172 -0.5957 -0.6864
vn 0.5362 -0.0744 -0.8408
vn -0.5550 -0.6185 -0.5563
vn 0.4067 -0.1820 -0.8953
vn -0.6822 -0.6176 -0.3914
vn 0.2735 -0.2778 -0.9209
vn -0.7864 -0.5865 -0.1937
vn 0.1385 -0.3626 -0.9216
vn -0.8532 -0.5210 0.0264
vn 0.0021 -0.4371 -0.8994
vn -0.8709 -0.4232 0.2497
vn -0.1362 -0.5017 -0.8543
vn 0.3001 -0.3788 -0.8755
vn -0.7078 -0.6959 -0.1214
vn 0.1693 -0.4802 -0.8607
vn -0.7836 -0.6163 0.0776
vn 0.0382 -0.5659 -0.8236
vn -0.8196 -0.4992 0.2813
vn -0.0932 -0.6365 -0.7656
vn -0.8089 -0.3524 0.4707
vn -0.2247 -0.6918 -0.6863
vn 0.6644 0.0275 -0.7469
vn -0.7539 -0.1901 0.6289
vn -0.3556 -0.7298 -0.5840
vn 0.5527 -0.1245 -0.8240
vn -0.4836 -0.7469 -0.4563
vn 0.4290 -0.2604 -0.8649
vn -0.6038 -0.7378 -0.3017
vn -0.1675 -0.7995 -0.5769
vn 0.6730 0.0131 -0.7395
vn -0.7439 -0.2040 0.6363
vn -0.2910 -0.8329 -0.4708
vn 0.5743 -0.1671 -0.8014
vn -0.4119 -0.8432 -0.3456
vn 0.4590 -0.3275 -0.8259
vn -0.5270 -0.8259 -0.2004
vn 0.3356 -0.4648 -0.8193
vn -0.6307 -0.7752 -0.0361
vn 0.2095 -0.5793 -0.7877
vn -0.7138 -0.6857 0.1423
vn 0.0830 -0.6725 -0.7355
vn -0.7655 -0.5557 0.3243
vn -0.0427 -0.7457 -0.6649
vn -0.7765 -0.3907 0.4944
vn -0.5575 -0.8281 0.0590
vn 0.2587 -0.6597 -0.7056
vn -0.6466 -0.7312 0.2174
vn 0.1361 -0.7578 -0.6382
vn -0.7115 -0.5932 0.3767
vn 0.0143 -0.8314 -0.5555
vn -0.7425 -0.4170 0.5243
vn -0.1062 -0.8819 -0.4593
vn 0.6832 0.0022 -0.7303
vn -0.7329 -0.2141 0.6458
vn -0.2249 -0.9094 -0.3499
vn 0.6008 -0.2007 -0.7738
vn -0.3414 -0.9121 -0.2270
vn 0.4965 -0.3816 -0.7797
vn -0.4535 -0.8867 -0.0904
vn 0.3801 -0.5349 -0.7546
vn -0.7211 -0.2200 0.6570
vn -0.1577 -0.9622 -0.2221
vn 0.6316 -0.2239 -0.7422
vn -0.2723 -0.9568 -0.1015
vn 0.5413 -0.4212 -0.7278
vn -0.3836 -0.9231 0.0269
vn 0.4336 -0.5877 -0.6831
vn -0.4888 -0.8572 0.1620
vn 0.3171 -0.7210 -0.6162
vn -0.5832 -0.7547 0.3006
vn 0.1975 -0.8226 -0.5332
vn -0.6594 -0.6122 0.4363
vn 0.0777 -0.8953 -0.4386
vn -0.7082 -0.4311 0.5592
vn -0.0409 -0.9415 -0.3345
vn 0.6945 -0.0048 -0.7195
vn -0.5243 -0.7571 0.3898
vn 0.2675 -0.8667 -0.4210
vn -0.6103 -0.6135 0.5012
vn 0.1478 -0.9379 -0.3139
vn -0.6748 -0.4330 0.5976
vn 0.0286 -0.9790 -0.2021
vn 0.7066 -0.0076 -0.7076
vn -0.7091 -0.2215 0.6694
vn -0.0891 -0.9922 -0.0868
vn 0.6662 -0.2357 -0.7076
vn -0.2045 -0.9784 0.0310
vn 0.5930 -0.4446 -0.6714
vn -0.3169 -0.9364 0.1508
vn 0.4961 -0.6218 -0.6060
vn -0.4246 -0.8638 0.2713
vn 0.3852 -0.7624 -0.5200
vn 0.7034 -0.2350 -0.6708
vn -0.1374 -0.9757 0.1707
vn 0.6508 -0.4499 -0.6116
vn -0.2532 -0.9258 0.2807
vn 0.5676 -0.6350 -0.5240
vn -0.3648 -0.8475 0.3855
vn 0.4633 -0.7817 -0.4175
vn -0.4699 -0.7389 0.4829
vn 0.3469 -0.8883 -0.3009
vn -0.5647 -0.5976 0.5691
vn 0.2253 -0.9574 -0.1807
vn -0.6432 -0.4231 0.6382
vn 0.1028 -0.9928 -0.0608
vn 0.7191 -0.0060 -0.6949
vn -0.6973 -0.2187 0.6826
vn -0.0185 -0.9982 0.0566
vn 0.4359 -0.8833 -0.1722
vn -0.5233 -0.5651 0.6378
vn 0.3105 -0.9498 -0.0377
vn -0.6141 -0.4020 0.6792
vn 0.1819 -0.9792 0.0901
vn 0.7314 0.0001 -0.6819
vn -0.6862 -0.2118 0.6959
vn 0.0540 -0.9765 0.2086
vn 0.7419 -0.2212 -0.6330
vn -0.0711 -0.9457 0.3170
vn 0.7132 -0.4352 -0.5496
vn -0.1924 -0.8892 0.4151
vn 0.6471 -0.6241 -0.4379
vn -0.3092 -0.8075 0.5024
vn 0.5513 -0.7752 -0.3084
vn -0.4203 -0.7000 0.5774
vn -0.0060 -0.8840 0.4675
vn 0.7776 -0.3982 -0.4865
vn -0.1347 -0.8236 0.5509
vn 0.7324 -0.5848 -0.3486
vn -0.2580 -0.7422 0.6185
vn 0.6477 -0.7369 -0.1934
vn -0.3756 -0.6402 0.6701
vn 0.5337 -0.8450 -0.0351
vn -0.4864 -0.5167 0.7046
vn 0.4027 -0.9081 0.1150
vn -0.5881 -0.3705 0.7190
vn 0.2651 -0.9313 0.2500
vn 0.7430 0.0105 -0.6692
vn -0.6760 -0.2010 0.7089
vn 0.1277 -0.9212 0.3675
vn 0.7798 -0.1938 -0.5953
vn -0.4544 -0.4535 0.7668
vn 0.4983 -0.8226 0.2740
vn -0.5656 -0.3295 0.7560
vn 0.3494 -0.8402 0.4146
vn 0.7534 0.0248 -0.6571
vn -0.6671 -0.1867 0.7211
vn 0.2001 -0.8253 0.5281
vn 0.8150 -0.1532 -0.5589
vn 0.0558 -0.7855 0.6163
vn 0.8402 -0.3377 -0.4243
vn -0.0816 -0.7264 0.6825
vn 0.8188 -0.5128 -0.2583
vn -0.2121 -0.6509 0.7289
vn 0.7480 -0.6594 -0.0747
vn -0.3363 -0.5601 0.7571
vn 0.6362 -0.7640 0.1081
vn 0.8956 -0.2537 -0.3654
vn -0.0349 -0.5967 0.8017
vn 0.8982 -0.4050 -0.1710
vn -0.1726 -0.5343 0.8275
vn 0.8430 -0.5362 0.0421
vn -0.3031 -0.4613 0.8339
vn 0.7344 -0.6312 0.2497
vn -0.4277 -0.3772 0.8215
vn 0.5894 -0.6837 0.4304
vn -0.5470 -0.2806 0.7887
vn 0.4284 -0.6980 0.5738
vn 0.7620 0.0424 -0.6462
vn -0.6599 -0.1696 0.7320
vn 0.2665 -0.6831 0.6800
vn 0.8451 -0.1005 -0.5251
vn 0.1113 -0.6473 0.7540
vn 0.6631 -0.4886 0.5671
vn -0.5328 -0.2254 0.8156
vn 0.4922 -0.5033 0.7102
vn 0.7685 0.0627 -0.6368
vn -0.6543 -0.1502 0.7412
vn 0.3201 -0.4954 0.8076
vn 0.8677 -0.0377 -0.4956
vn 0.1560 -0.4719 0.8677
vn 0.9380 -0.1491 -0.3130
vn 0.0026 -0.4379 0.8990
vn 0.9602 -0.2633 -0.0927
vn -0.1410 -0.3958 0.9074
vn 0.9188 -0.3664 0.1468
vn -0.2768 -0.3468 0.8962
vn 0.8136 -0.4439 0.3756
vn -0.4069 -0.2903 0.8661
vn 0.0283 -0.2581 0.9657
vn 0.9948 -0.0966 -0.0311
vn -0.1189 -0.2419 0.9630
vn 0.9606 -0.1610 0.2263
vn -0.2584 -0.2213 0.9404
vn 0.8577 -0.2139 0.4675
vn -0.3926 -0.1961 0.8986
vn 0.7052 -0.2496 0.6636
vn -0.5233 -0.1657 0.8359
vn 0.5304 -0.2684 0.8042
vn 0.7725 0.0849 -0.6293
vn -0.6508 -0.1291 0.7482
vn 0.3537 -0.2736 0.8944
vn 0.8811 0.0318 -0.4718
vn 0.1855 -0.2693 0.9450
vn 0.9622 -0.0298 -0.2708
vn -0.5187 -0.1038 0.8486
vn 0.5372 -0.0183 0.8432
vn 0.7739 0.1079 -0.6241
vn -0.6493 -0.1073 0.7529
vn 0.3636 -0.0387 0.9307
vn 0.8843 0.1045 -0.4550
vn 0.1972 -0.0556 0.9788
vn 0.9655 0.0955 -0.2421
vn 0.0405 -0.0695 0.9968
vn 0.9968 0.0798 0.0076
vn -0.1074 -0.0810 0.9909
vn 0.9610 0.0577 0.2703
vn -0.2485 -0.0905 0.9644
vn 0.8585 0.0318 0.5119
vn -0.3851 -0.0981 0.9177
vn 0.7086 0.0056 0.7056
vn -0.1069 0.0780 0.9912
vn 0.9240 0.2648 0.2758
vn -0.2476 0.0397 0.9681
vn 0.8206 0.2630 0.5074
vn -0.3848 -0.0001 0.9230
vn 0.6771 0.2462 0.6935
vn -0.5192 -0.0417 0.8536
vn 0.5153 0.2193 0.8285
vn 0.7725 0.1309 -0.6214
vn -0.6499 -0.0855 0.7552
vn 0.3508 0.1868 0.9176
vn 0.8774 0.1762 -0.4462
vn 0.1912 0.1517 0.9698
vn 0.9488 0.2175 -0.2288
vn 0.0388 0.1153 0.9926
vn 0.9683 0.2489 0.0202
vn 0.7685 0.1529 -0.6213
vn -0.6527 -0.0644 0.7549
vn 0.3199 0.3870 0.8648
vn 0.8613 0.2434 -0.4460
vn 0.1698 0.3396 0.9251
vn 0.9157 0.3285 -0.2317
vn 0.0241 0.2862 0.9579
vn 0.9173 0.3981 0.0076
vn -0.1175 0.2276 0.9666
vn 0.8616 0.4431 0.2476
vn -0.2559 0.1638 0.9527
vn 0.7574 0.4602 0.4632
vn -0.3919 0.0943 0.9152
vn 0.6221 0.4525 0.6390
vn -0.5250 0.0183 0.8509
vn 0.4725 0.4260 0.7715
vn 0.7864 0.5865 0.1937
vn -0.2735 0.2778 0.9209
vn 0.6822 0.6176 0.3914
vn -0.4067 0.1820 0.8953
vn 0.5550 0.6185 0.5563
vn -0.5362 0.0744 0.8408
vn 0.4172 0.5957 0.6864
vn 0.7622 0.1728 -0.6238
vn -0.6576 -0.0448 0.7521
vn 0.2764 0.5553 0.7844
vn 0.8378 0.3028 -0.4543
vn 0.1362 0.5017 0.8543
vn 0.8709 0.4232 -0.2497
vn -0.0021 0.4371 0.8994
vn 0.8532 0.5210 -0.0264
vn -0.1385 0.3626 0.9216
vn 0.2247 0.6918 0.6863
vn 0.8089 0.3524 -0.4707
vn 0.0932 0.6365 0.7656
vn 0.8196 0.4992 -0.2813
vn -0.0382 0.5659 0.8236
vn 0.7836 0.6164 -0.0777
vn -0.1694 0.4802 0.8607
vn 0.7078 0.6959 0.1214
vn -0.3001 0.3788 0.8755
vn 0.6039 0.7378 0.3017
vn -0.4290 0.2604 0.8650
vn 0.4836 0.7469 0.4564
vn -0.5527 0.1245 0.8240
vn 0.3555 0.7298 0.5840
vn 0.7539 0.1901 -0.6289
vn -0.6644 -0.0275 0.7469
vn -0.3356 0.4648 0.8193
vn 0.5270 0.8259 0.2004
vn -0.4590 0.3275 0.8259
vn 0.4119 0.8432 0.3456
vn -0.5743 0.1671 0.8014
vn 0.2910 0.8329 0.4708
vn 0.7439 0.2040 -0.6363
vn -0.6730 -0.0131 0.7395
vn 0.1675 0.7995 0.5769
vn 0.7765 0.3907 -0.4944
vn 0.0427 0.7457 0.6649
vn 0.7655 0.5557 -0.3243
vn -0.0830 0.6725 0.7355
vn 0.7138 0.6857 -0.1423
vn -0.2095 0.5793 0.7877
vn 0.6307 0.7752 0.0361
vn 0.7425 0.4170 -0.5243
vn -0.0143 0.8314 0.5555
vn 0.7115 0.5932 -0.3767
vn -0.1361 0.7578 0.6382
vn 0.6466 0.7312 -0.2174
vn -0.2587 0.6597 0.7056
vn 0.5575 0.8281 -0.0590
vn -0.3801 0.5349 0.7546
vn 0.4535 0.8867 0.0904
vn -0.4965 0.3816 0.7797
vn 0.3414 0.9121 0.2270
vn -0.6008 0.2007 0.7738
vn 0.2249 0.9094 0.3499
vn 0.7329 0.2141 -0.6458
vn -0.6831 -0.0022 0.7303
vn 0.1062 0.8819 0.4593
vn 0.3836 0.9231 -0.0269
vn -0.5412 0.4212 0.7278
vn 0.2723 0.9568 0.1015
vn -0.6316 0.2239 0.7422
vn 0.1577 0.9622 0.2221
vn 0.7211 0.2200 -0.6570
vn -0.6945 0.0048 0.7195
vn 0.0409 0.9415 0.3345
vn 0.7082 0.4311 -0.5592
vn -0.0777 0.8953 0.4386
vn 0.6594 0.6122 -0.4363
vn -0.1975 0.8226 0.5332
vn 0.5832 0.7547 -0.3006
vn -0.3171 0.7210 0.6162
vn 0.4888 0.8572 -0.1620
vn -0.4336 0.5877 0.6831
vn -0.1478 0.9379 0.3139
vn 0.6103 0.6135 -0.5012
vn -0.2675 0.8667 0.4210
vn 0.5243 0.7571 -0.3898
vn -0.3852 0.7624 0.5200
vn 0.4246 0.8638 -0.2713
vn -0.4961 0.6218 0.6060
vn 0.3169 0.9364 -0.1508
vn -0.5930 0.4446 0.6714
vn 0.2045 0.9784 -0.0310
vn -0.6662 0.2357 0.7076
vn 0.0891 0.9922 0.0868
vn 0.7091 0.2215 -0.6694
vn -0.7066 0.0076 0.7076
vn -0.0286 0.9790 0.2021
vn 0.6748 0.4330 -0.5977
vn -0.6508 0.4499 0.6116
vn 0.1374 0.9757 -0.1707
vn -0.7034 0.2350 0.6708
vn 0.0185 0.9982 -0.0566
vn 0.6973 0.2187 -0.6826
vn -0.7191 0.0060 0.6949
vn -0.1028 0.9928 0.0608
vn 0.6432 0.4231 -0.6382
vn -0.2253 0.9574 0.1807
vn 0.5647 0.5976 -0.5691
vn -0.3469 0.8883 0.3009
vn 0.4699 0.7389 -0.4829
vn -0.4633 0.7817 0.4175
vn 0.3648 0.8475 -0.3855
vn -0.5676 0.6350 0.5240
vn 0.2532 0.9258 -0.2807
vn -0.4359 0.8833 0.1722
vn 0.4203 0.7000 -0.5774
vn -0.5513 0.7752 0.3084
vn 0.3092 0.8075 -0.5024
vn -0.6471 0.6241 0.4379
vn 0.1924 0.8892 -0.4151
vn -0.7132 0.4352 0.5496
vn 0.0711 0.9457 -0.3170
vn -0.7419 0.2212 0.6330
vn -0.0540 0.9765 -0.2086
vn 0.6862 0.2118 -0.6959
vn -0.7314 -0.0001 0.6819
vn -0.1819 0.9792 -0.0901
vn 0.6141 0.4020 -0.6792
vn -0.3105 0.9498 0.0377
vn 0.5233 0.5651 -0.6378
vn -0.7798 0.1938 0.5953
vn -0.1277 0.9212 -0.3675
vn 0.6760 0.2010 -0.7089
vn -0.7430 -0.0105 0.6692
vn -0.2651 0.9313 -0.2500
vn 0.5881 0.3705 -0.7190
vn -0.4027 0.9081 -0.1150
vn 0.4864 0.5167 -0.7046
vn -0.5337 0.8450 0.0351
vn 0.3756 0.6402 -0.6701
vn -0.6477 0.7369 0.1934
vn 0.2580 0.7422 -0.6185
vn -0.7324 0.5848 0.3486
vn 0.1348 0.8236 -0.5509
vn -0.7776 0.3982 0.4865
vn 0.0060 0.8840 -0.4675
vn 0.3363 0.5601 -0.7571
vn -0.7480 0.6594 0.0747
vn 0.2121 0.6509 -0.7289
vn -0.8188 0.5128 0.2583
vn 0.0816 0.7264 -0.6825
vn -0.8402 0.3377 0.4243
vn -0.0558 0.7855 -0.6163
vn -0.8150 0.1532 0.5589
vn -0.2001 0.8253 -0.5281
vn 0.6671 0.1867 -0.7212
vn -0.7534 -0.0247 0.6571
vn -0.3494 0.8402 -0.4146
vn 0.5656 0.3295 -0.7560
vn -0.4983 0.8226 -0.2740
vn 0.4544 0.4535 -0.7667
vn -0.6362 0.7640 -0.1081
vn -0.2665 0.6831 -0.6800
vn 0.6598 0.1696 -0.7320
vn -0.7620 -0.0424 0.6462
vn -0.4284 0.6980 -0.5738
vn 0.5470 0.2806 -0.7887
vn -0.5894 0.6837 -0.4304
vn 0.4277 0.3772 -0.8215
vn -0.7344 0.6312 -0.2497
vn 0.3031 0.4613 -0.8339
vn -0.8430 0.5362 -0.0421
vn 0.1726 0.5343 -0.8275
vn -0.8982 0.4050 0.1710
vn 0.0349 0.5967 -0.8017
vn -0.8956 0.2537 0.3654
vn -0.1113 0.6473 -0.7540
vn -0.8451 0.1004 0.5251
vn -0.9188 0.3664 -0.1468
vn 0.1410 0.3958 -0.9074
vn -0.9602 0.2633 0.0927
vn -0.0026 0.4379 -0.8990
vn -0.9380 0.1491 0.3130
vn -0.1560 0.4719 -0.8677
vn -0.8677 0.0377 0.4956
vn -0.3201 0.4954 -0.8076
vn 0.6543 0.1502 -0.7411
vn -0.7685 -0.0627 0.6368
vn -0.4922 0.5033 -0.7102
vn 0.5328 0.2254 -0.8157
vn -0.6631 0.4886 -0.5671
vn 0.4069 0.2903 -0.8661
vn -0.8136 0.4439 -0.3756
vn 0.2768 0.3468 -0.8962
vn 0.2584 0.2213 0.9404
vn -0.9606 0.1610 0.2263
vn 0.1189 0.2419 0.9630
vn -0.9948 0.0966 -0.0311
vn -0.0283 0.2581 0.9657
vn -0.9622 0.0298 -0.2708
vn -0.1855 0.2693 0.9450
vn -0.8811 -0.0318 -0.4718
vn -0.3537 0.2736 0.8944
vn 0.6508 0.1291 0.7482
vn -0.7725 -0.0849 -0.6293
vn -0.5304 0.2684 0.8042
vn 0.5233 0.1657 0.8359
vn -0.7052 0.2496 0.6636
vn 0.3926 0.1961 0.8986
vn -0.8577 0.2139 0.4675
vn 0.3851 0.0981 0.9177
vn -0.8585 -0.0318 0.5119
vn 0.2485 0.0905 0.9644
vn -0.9610 -0.0577 0.2703
vn 0.1074 0.0810 0.9909
vn -0.9968 -0.0798 0.0076
vn -0.0405 0.0695 0.9968
vn -0.9655 -0.0955 -0.2421
vn -0.1972 0.0556 0.9788
vn -0.8843 -0.1045 -0.4550
vn -0.3636 0.0387 0.9307
vn 0.6493 0.1073 0.7529
vn -0.7739 -0.1079 -0.6241
vn -0.5372 0.0183 0.8432
vn 0.5187 0.1038 0.8486
vn -0.7086 -0.0056 0.7056
vn -0.1912 -0.1517 0.9698
vn -0.8774 -0.1762 -0.4462
vn -0.3508 -0.1868 0.9176
vn 0.6499 0.0855 0.7552
vn -0.7725 -0.1309 -0.6214
vn -0.5153 -0.2193 0.8285
vn 0.5192 0.0417 0.8536
vn -0.6771 -0.2462 0.6935
vn 0.3848 0.0001 0.9230
vn -0.8206 -0.2630 0.5074
vn 0.2476 -0.0397 0.9681
vn -0.9240 -0.2648 0.2758
vn 0.1069 -0.0780 0.9912
vn -0.9683 -0.2489 0.0202
vn -0.0388 -0.1153 0.9926
vn -0.9488 -0.2175 -0.2288
vn -0.7574 -0.4602 0.4632
vn 0.2559 -0.1638 0.9527
vn -0.8616 -0.4431 0.2476
vn 0.1175 -0.2276 0.9666
vn -0.9173 -0.3981 0.0076
vn -0.0241 -0.2862 0.9579
vn -0.9157 -0.3285 -0.2317
vn -0.1698 -0.3396 0.9251
vn -0.8613 -0.2434 -0.4460
vn -0.3199 -0.3870 0.8648
vn 0.6527 0.0644 0.7549
vn -0.7685 -0.1528 -0.6213
vn -0.4725 -0.4260 0.7715
vn 0.5250 -0.0184 0.8509
vn -0.6221 -0.4525 0.6390
vn 0.3919 -0.0943 0.9152
vn -0.8378 -0.3028 -0.4543
vn -0.2764 -0.5553 0.7844
vn 0.6576 0.0448 0.7521
vn -0.7622 -0.1729 -0.6238
vn -0.4172 -0.5957 0.6864
vn 0.5362 -0.0744 0.8408
vn -0.5550 -0.6185 0.5563
vn 0.4067 -0.1820 0.8953
vn -0.6822 -0.6176 0.3914
vn 0.2735 -0.2778 0.9209
vn -0.7864 -0.5865 0.1937
vn 0.1385 -0.3626 0.9216
vn -0.8532 -0.5210 -0.0264
vn 0.0021 -0.4371 0.8994
vn -0.8709 -0.4232 -0.2497
vn -0.1362 -0.5017 0.8543
vn 0.3001 -0.3788 0.8755
vn -0.7078 -0.6959 0.1214
vn 0.1694 -0.4802 0.8607
vn -0.7836 -0.6163 -0.0776
vn 0.0382 -0.5659 0.8236
vn -0.8196 -0.4992 -0.2813
vn -0.0932 -0.6365 0.7656
vn -0.8089 -0.3524 -0.4707
vn -0.2247 -0.6918 0.6863
vn 0.6644 0.0275 0.7469
vn -0.7539 -0.1901 -0.6289
vn -0.3556 -0.7298 0.5840
vn 0.5527 -0.1245 0.8240
vn -0.4836 -0.7469 0.4563
vn 0.4290 -0.2604 0.8649
vn -0.6038 -0.7378 0.3017
vn -0.1675 -0.7995 0.5769
vn 0.6730 0.0131 0.7395
vn -0.7439 -0.2040 -0.6363
vn -0.2910 -0.8329 0.4708
vn 0.5743 -0.1671 0.8014
vn -0.4119 -0.8432 0.3456
vn 0.4590 -0.3275 0.8259
vn -0.5270 -0.8259 0.2004
vn 0.3356 -0.4648 0.8193
vn -0.6307 -0.7752 0.0361
vn 0.2095 -0.5793 0.7877
vn -0.7138 -0.6857 -0.1423
vn 0.0830 -0.6725 0.7355
vn -0.7655 -0.5557 -0.3243
vn -0.0427 -0.7457 0.6649
vn -0.7765 -0.3907 -0.4944
vn -0.5575 -0.8281 -0.0590
vn 0.2587 -0.6597 0.7056
vn -0.6466 -0.7312 -0.2174
vn 0.1361 -0.7578 0.6382
vn -0.7115 -0.5932 -0.3767
vn 0.0143 -0.8314 0.5555
vn -0.7425 -0.4170 -0.5243
vn -0.1062 -0.8819 0.4593
vn 0.6832 0.0022 0.7303
vn -0.7329 -0.2141 -0.6458
vn -0.2249 -0.9094 0.3499
vn 0.6008 -0.2007 0.7738
vn -0.3414 -0.9121 0.2270
vn 0.4965 -0.3816 0.7797
vn -0.4535 -0.8867 0.0904
vn 0.3801 -0.5349 0.7546
vn -0.7211 -0.2200 -0.6570
vn -0.1577 -0.9622 0.2221
vn 0.6316 -0.2239 0.7422
vn -0.2723 -0.9568 0.1015
vn 0.5413 -0.4212 0.7278
vn -0.3836 -0.9231 -0.0269
vn 0.4336 -0.5877 0.6831
vn -0.4888 -0.8572 -0.1620
vn 0.3171 -0.7210 0.6162
vn -0.5832 -0.7547 -0.3006
vn 0.1975 -0.8226 0.5332
vn -0.6594 -0.6122 -0.4363
vn 0.0777 -0.8953 0.4386
vn -0.7082 -0.4311 -0.5592
vn -0.0409 -0.9415 0.3345
vn 0.6945 -0.0048 0.7195
vn -0.5243 -0.7571 -0.3898
vn 0.2675 -0.8667 0.4210
vn -0.6103 -0.6135 -0.5012
vn 0.1478 -0.9379 0.3139
vn -0.6748 -0.4330 -0.5977
vn 0.0286 -0.9790 0.2021
vn 0.7066 -0.0076 0.7076
vn -0.7091 -0.2215 -0.6694
vn -0.0891 -0.9922 0.0868
vn 0.6662 -0.2357 0.7076
vn -0.2045 -0.9784 -0.0310
vn 0.5930 -0.4446 0.6714
vn -0.3169 -0.9364 -0.1508
vn 0.4961 -0.6218 0.6060
vn -0.4246 -0.8638 -0.2713
vn 0.3852 -0.7624 0.5200
vn 0.7034 -0.2350 0.6708
vn -0.1374 -0.9757 -0.1707
vn 0.6508 -0.4499 0.6116
vn -0.2532 -0.9258 -0.2807
vn 0.5676 -0.6350 0.5240
vn -0.3648 -0.8475 -0.3855
vn 0.4633 -0.7817 0.4175
vn -0.4699 -0.7389 -0.4829
vn 0.3469 -0.8883 0.3009
vn -0.5647 -0.5976 -0.5691
vn 0.2253 -0.9574 0.1807
vn -0.6432 -0.4231 -0.6382
vn 0.1028 -0.9928 0.0608
vn 0.7191 -0.0060 0.6949
vn -0.6973 -0.2187 -0.6826
vn -0.0185 -0.9982 -0.0566
vn 0.4359 -0.8833 0.1722
vn -0.5233 -0.5651 -0.6378
vn 0.3105 -0.9498 0.0377
vn -0.6141 -0.4020 -0.6792
vn 0.1819 -0.9792 -0.0901
vn 0.7314 0.0001 0.6819
vn -0.6862 -0.2118 -0.6959
vn 0.0540 -0.9765 -0.2086
vn 0.7419 -0.2212 0.6330
vn -0.0711 -0.9457 -0.3170
vn 0.7132 -0.4352 0.5496
vn -0.1924 -0.8892 -0.4151
vn 0.6471 -0.6241 0.4379
vn -0.3092 -0.8075 -0.5024
vn 0.5513 -0.7752 0.3084
vn -0.4203 -0.7000 -0.5774
vn -0.0060 -0.8840 -0.4675
vn 0.7776 -0.3982 0.4865
vn -0.1347 -0.8236 -0.5509
vn 0.7324 -0.5848 0.3486
vn -0.2580 -0.7422 -0.6185
vn 0.6477 -0.7369 0.1934
vn -0.3756 -0.6402 -0.6701
vn 0.5337 -0.8450 0.0351
vn -0.4864 -0.5167 -0.7046
vn 0.4027 -0.9081 -0.1150
vn -0.5881 -0.3705 -0.7190
vn 0.2651 -0.9313 -0.2500
vn 0.7430 0.0105 0.6692
vn -0.6760 -0.2010 -0.7089
vn 0.1277 -0.9212 -0.3675
vn 0.7798 -0.1938 0.5953
vn -0.4544 -0.4535 -0.7668
vn 0.4983 -0.8226 -0.2740
vn -0.5656 -0.3295 -0.7560
vn 0.3494 -0.8402 -0.4146
vn 0.7534 0.0248 0.6571
vn -0.6671 -0.1867 -0.7211
vn 0.2001 -0.8253 -0.5281
vn 0.8150 -0.1532 0.5589
vn 0.0558 -0.7855 -0.6163
vn 0.8402 -0.3377 0.4243
vn -0.0816 -0.7264 -0.6825
vn 0.8188 -0.5128 0.2583
vn -0.2121 -0.6509 -0.7289
vn 0.7480 -0.6594 0.0747
vn -0.3363 -0.5601 -0.7571
vn 0.6362 -0.7640 -0.1081
vn 0.8956 -0.2537 0.3654
vn -0.0349 -0.5967 -0.8017
vn 0.8982 -0.4050 0.1710
vn -0.1726 -0.5343 -0.8275
vn 0.8430 -0.5362 -0.0421
vn -0.3031 -0.4613 -0.8339
vn 0.7344 -0.6312 -0.2497
vn -0.4277 -0.3772 -0.8215
vn 0.5894 -0.6837 -0.4304
vn -0.5470 -0.2806 -0.7887
vn 0.4284 -0.6980 -0.5738
vn 0.7620 0.0424 0.6462
vn -0.6599 -0.1696 -0.7320
vn 0.2665 -0.6831 -0.6800
vn 0.8451 -0.1004 0.5251
vn 0.1113 -0.6473 -0.7540
vn 0.6631 -0.4886 -0.5671
vn -0.5328 -0.2254 -0.8156
vn 0.4922 -0.5033 -0.7102
vn 0.7685 0.0627 0.6368
vn -0.6543 -0.1502 -0.7412
vn 0.3201 -0.4954 -0.8076
vn 0.8677 -0.0377 0.4956
vn 0.1560 -0.4719 -0.8677
vn 0.9380 -0.1491 0.3130
vn 0.0026 -0.4379 -0.8990
vn 0.9602 -0.2633 0.0927
vn -0.1410 -0.3958 -0.9074
vn 0.9188 -0.3664 -0.1468
vn -0.2768 -0.3468 -0.8962
vn 0.8136 -0.4439 -0.3756
vn -0.4069 -0.2903 -0.8661
vn 0.0283 -0.2581 -0.9657
vn 0.9948 -0.0966 0.0311
vn -0.1189 -0.2419 -0.9630
vn 0.9606 -0.1610 -0.2263
vn -0.2584 -0.2213 -0.9404
vn 0.8577 -0.2139 -0.4675
vn -0.3926 -0.1961 -0.8986
vn 0.7052 -0.2496 -0.6636
vn -0.5233 -0.1657 -0.8359
vn 0.5304 -0.2684 -0.8042
vn 0.7725 0.0849 0.6293
vn -0.6508 -0.1291 -0.7482
vn 0.3537 -0.2736 -0.8944
vn 0.8811 0.0318 0.4718
vn 0.1855 -0.2693 -0.9450
vn 0.9622 -0.0298 0.2708
vn -0.5187 -0.1038 -0.8486
vn 0.5372 -0.0183 -0.8432
vn 0.7739 0.1079 0.6241
vn -0.6493 -0.1073 -0.7529
vn 0.3636 -0.0387 -0.9307
vn 0.8843 0.1045 0.4550
vn 0.1972 -0.0556 -0.9788
vn 0.9655 0.0955 0.2421
vn 0.0405 -0.0695 -0.9968
vn 0.9968 0.0798 -0.0076
vn -0.1074 -0.0810 -0.9909
vn 0.9610 0.0577 -0.2703
vn -0.2485 -0.0905 -0.9644
vn 0.8585 0.0318 -0.5119
vn -0.3851 -0.0981 -0.9177
vn 0.7086 0.0056 -0.7056
vn -0.1069 0.0780 -0.9912
vn 0.9240 0.2648 -0.2758
vn -0.2476 0.0397 -0.9681
vn 0.8206 0.2630 -0.5074
vn -0.3848 -0.0001 -0.9230
vn 0.6771 0.2462 -0.6935
vn -0.5192 -0.0417 -0.8536
vn 0.5153 0.2193 -0.8285
vn 0.7725 0.1309 0.6214
vn -0.6499 -0.0855 -0.7552
vn 0.3508 0.1868 -0.9176
vn 0.8774 0.1763 0.4462
vn 0.1912 0.1517 -0.9698
vn 0.9488 0.2175 0.2288
vn 0.0388 0.1153 -0.9926
vn 0.9683 0.2489 -0.0202
vn 0.7685 0.1529 0.6213
vn -0.6527 -0.0644 -0.7549
vn 0.3199 0.3870 -0.8648
vn 0.8613 0.2434 0.4460
vn 0.1698 0.3396 -0.9251
vn 0.9157 0.3285 0.2317
vn 0.0241 0.2862 -0.9579
vn 0.9173 0.3981 -0.0076
vn -0.1175 0.2276 -0.9666
vn 0.8616 0.4431 -0.2476
vn -0.2559 0.1638 -0.9527
vn 0.7574 0.4602 -0.4632
vn -0.3919 0.0943 -0.9152
vn 0.6221 0.4525 -0.6390
vn -0.5250 0.0183 -0.8509
vn 0.4725 0.4260 -0.7715
vn 0.7864 0.5865 -0.1937
vn -0.2735 0.2778 -0.9209
vn 0.6822 0.6176 -0.3914
vn -0.4067 0.1820 -0.8953
vn 0.5550 0.6185 -0.5563
vn -0.5362 0.0744 -0.8408
vn 0.4172 0.5957 -0.6864
vn 0.7622 0.1728 0.6238
vn -0.6576 -0.0448 -0.7521
vn 0.2764 0.5553 -0.7844
vn 0.8378 0.3028 0.4543
vn 0.1362 0.5017 -0.8543
vn 0.8709 0.4232 0.2497
vn -0.0021 0.4371 -0.8994
vn 0.8532 0.5210 0.0264
vn -0.1385 0.3626 -0.9216
vn 0.2247 0.6918 -0.6863
vn 0.8089 0.3524 0.4707
vn 0.0932 0.6365 -0.7656
vn 0.8196 0.4992 0.2813
vn -0.0382 0.5659 -0.8236
vn 0.7836 0.6164 0.0777
vn -0.1694 0.4802 -0.8607
vn 0.7078 0.6959 -0.1214
vn -0.3001 0.3788 -0.8755
vn 0.6039 0.7378 -0.3017
vn -0.4290 0.2604 -0.8650
vn 0.4836 0.7469 -0.4564
vn -0.5527 0.1245 -0.8240
vn 0.3555 0.7298 -0.5840
vn 0.7539 0.1901 0.6289
vn -0.6644 -0.0275 -0.7469
vn -0.3356 0.4648 -0.8193
vn 0.5270 0.8259 -0.2004
vn -0.4590 0.3275 -0.8259
vn 0.4118 0.8432 -0.3456
vn -0.5743 0.1671 -0.8014
vn 0.2910 0.8329 -0.4708
vn 0.7439 0.2040 0.6363
vn -0.6730 -0.0131 -0.7395
vn 0.1675 0.7995 -0.5769
vn 0.7765 0.3907 0.4944
vn 0.0427 0.7457 -0.6649
vn 0.7655 0.5557 0.3243
vn -0.0830 0.6725 -0.7355
vn 0.7138 0.6857 0.1423
vn -0.2095 0.5793 -0.7877
vn 0.6307 0.7752 -0.0361
vn 0.7425 0.4170 0.5243
vn -0.0143 0.8314 -0.5555
vn 0.7115 0.5932 0.3767
vn -0.1361 0.7578 -0.6382
vn 0.6466 0.7312 0.2174
vn -0.2587 0.6597 -0.7056
vn 0.5575 0.8281 0.0590
vn -0.3801 0.5349 -0.7546
vn 0.4535 0.8867 -0.0904
vn -0.4965 0.3816 -0.7797
vn 0.3414 0.9121 -0.2270
vn -0.6008 0.2007 -0.7738
vn 0.2249 0.9094 -0.3499
vn 0.7329 0.2141 0.6458
vn -0.6831 -0.0022 -0.7303
vn 0.1062 0.8819 -0.4593
vn 0.3836 0.9231 0.0269
vn -0.5412 0.4212 -0.7278
vn 0.2723 0.9568 -0.1015
vn -0.6316 0.2239 -0.7422
vn 0.1577 0.9622 -0.2221
vn 0.7211 0.2200 0.6570
vn -0.6945 0.0048 -0.7195
vn 0.0409 0.9415 -0.3345
vn 0.7082 0.4311 0.5592
vn -0.0777 0.8953 -0.4386
vn 0.6594 0.6122 0.4363
vn -0.1975 0.8226 -0.5332
vn 0.5832 0.7547 0.3006
vn -0.3171 0.7210 -0.6162
vn 0.4888 0.8572 0.1620
vn -0.4336 0.5877 -0.6831
vn -0.1478 0.9379 -0.3139
vn 0.6103 0.6135 0.5012
vn -0.2675 0.8667 -0.4210
vn 0.5243 0.7571 0.3898
vn -0.3852 0.7624 -0.5200
vn 0.4246 0.8638 0.2713
vn -0.4961 0.6218 -0.6060
vn 0.3169 0.9364 0.1508
vn -0.5930 0.4446 -0.6714
vn 0.2045 0.9784 0.0310
vn -0.6662 0.2357 -0.7076
vn 0.0891 0.9922 -0.0868
vn 0.7091 0.2215 0.6694
vn -0.7066 0.0076 -0.7076
vn -0.0286 0.9790 -0.2021
vn 0.6748 0.4330 0.5977
vn -0.6508 0.4499 -0.6116
vn 0.1374 0.9757 0.1707
vn -0.7034 0.2350 -0.6708
vn 0.0185 0.9982 0.0566
vn 0.6973 0.2187 0.6826
vn -0.7191 0.0060 -0.6949
vn -0.1028 0.9928 -0.0608
vn 0.6432 0.4231 0.6382
vn -0.2253 0.9574 -0.1807
vn 0.5647 0.5976 0.5691
vn -0.3469 0.8883 -0.3009
vn 0.4699 0.7389 0.4829
vn -0.4633 0.7817 -0.4175
vn 0.3648 0.8475 0.3855
vn -0.5676 0.6350 -0.5240
vn 0.2532 0.9258 0.2807
vn -0.4359 0.8833 -0.1722
vn 0.4203 0.7000 0.5774
vn -0.5513 0.7752 -0.3084
vn 0.3092 0.8075 0.5024
vn -0.6471 0.6241 -0.4379
vn 0.1924 0.8892 0.4151
vn -0.7132 0.4352 -0.5496
vn 0.0711 0.9457 0.3170
vn -0.7419 0.2212 -0.6330
vn -0.0540 0.9765 0.2086
vn 0.6862 0.2118 0.6959
vn -0.7314 -0.0001 -0.6819
vn -0.1819 0.9792 0.0901
vn 0.6141 0.4020 0.6792
vn -0.3105 0.9498 -0.0377
vn 0.5233 0.5651 0.6378
vn -0.7798 0.1938 -0.5953
vn -0.1277 0.9212 0.3675
vn 0.6760 0.2010 0.7089
vn -0.7430 -0.0105 -0.6692
vn -0.2651 0.9313 0.2500
vn 0.5881 0.3705 0.7190
vn -0.4027 0.9081 0.1150
vn 0.4864 0.5167 0.7046
vn -0.5337 0.8450 -0.0351
vn 0.3756 0.6402 0.6701
vn -0.6477 0.7369 -0.1934
vn 0.2580 0.7422 0.6185
vn -0.7324 0.5848 -0.3486
vn 0.1348 0.8236 0.5509
vn -0.7776 0.3982 -0.4865
vn 0.0060 0.8840 0.4675
vn 0.3363 0.5601 0.7571
vn -0.7480 0.6594 -0.0747
vn 0.2121 0.6509 0.7289
vn -0.8188 0.5128 -0.2583
vn 0.0816 0.7264 0.6825
vn -0.8402 0.3377 -0.4243
vn -0.0558 0.7855 0.6163
vn -0.8150 0.1532 -0.5589
vn -0.2001 0.8253 0.5281
vn 0.6671 0.1867 0.7212
vn -0.7534 -0.0247 -0.6571
vn -0.3494 0.8402 0.4146
vn 0.5656 0.3295 0.7560
vn -0.4983 0.8226 0.2740
vn 0.4544 0.4535 0.7667
vn -0.6362 0.7640 0.1081
vn -0.2665 0.6831 0.6800
vn 0.6598 0.1696 0.7320
vn -0.7620 -0.0424 -0.6462
vn -0.4284 0.6980 0.5738
vn 0.5470 0.2806 0.7887
vn -0.5894 0.6837 0.4304
vn 0.4277 0.3772 0.8215
vn -0.7344 0.6312 0.2497
vn 0.3031 0.4613 0.8339
vn -0.8430 0.5362 0.0421
vn 0.1726 0.5343 0.8275
vn -0.8982 0.4050 -0.1710
vn 0.0349 0.5967 0.8017
vn -0.8956 0.2537 -0.3654
vn -0.1113 0.6473 0.7540
vn -0.8451 0.1004 -0.5251
vn -0.9188 0.3664 0.1468
vn 0.1410 0.3958 0.9074
vn -0.9602 0.2633 -0.0927
vn -0.0026 0.4379 0.8990
vn -0.9380 0.1491 -0.3130
vn -0.1560 0.4719 0.8677
vn -0.8677 0.0377 -0.4956
vn -0.3201 0.4954 0.8076
vn 0.6543 0.1502 0.7411
vn -0.7685 -0.0627 -0.6368
vn -0.4922 0.5033 0.7102
vn 0.5328 0.2254 0.8157
vn -0.6631 0.4886 0.5671
vn 0.4069 0.2903 0.8661
vn -0.8136 0.4439 0.3756
vn 0.2768 0.3468 0.8962
vt 0.750000 0.750000
vt 0.750000 0.812500
vt 0.718750 0.812500
vt 0.718750 0.750000
vt 0.750000 0.250000
vt 0.750000 0.312500
vt 0.718750 0.312500
vt 0.718750 0.250000
vt 0.750000 0.687500
vt 0.718750 0.687500
vt 0.750000 0.187500
vt 0.718750 0.187500
vt 0.750000 0.625000
vt 0.718750 0.625000
vt 0.750000 0.125000
vt 0.718750 0.125000
vt 0.750000 0.562500
vt 0.718750 0.562500
vt 0.750000 0.062500
vt 0.718750 0.062500
vt 0.750000 0.500000
vt 0.718750 0.500000
vt 0.750000 0.937500
vt 0.734375 1.000000
vt 0.718750 0.937500
vt 0.734375 0.000000
vt 0.750000 0.437500
vt 0.718750 0.437500
vt 0.750000 0.875000
vt 0.718750 0.875000
vt 0.750000 0.375000
vt 0.718750 0.375000
vt 0.687500 0.875000
vt 0.687500 0.812500
vt 0.687500 0.375000
vt 0.687500 0.312500
vt 0.687500 0.750000
vt 0.687500 0.250000
vt 0.687500 0.687500
vt 0.687500 0.187500
vt 0.687500 0.625000
vt 0.687500 0.125000
vt 0.687500 0.562500
vt 0.687500 0.062500
vt 0.687500 0.500000
vt 0.703125 1.000000
vt 0.687500 0.937500
vt 0.703125 0.000000
vt 0.687500 0.437500
vt 0.656250 0.625000
vt 0.656250 0.562500
vt 0.656250 0.125000
vt 0.656250 0.062500
vt 0.656250 0.500000
vt 0.671875 1.000000
vt 0.656250 0.937500
vt 0.671875 0.000000
vt 0.656250 0.437500
vt 0.656250 0.875000
vt 0.656250 0.375000
vt 0.656250 0.812500
vt 0.656250 0.312500
vt 0.656250 0.750000
vt 0.656250 0.250000
vt 0.656250 0.687500
vt 0.656250 0.187500
vt 0.625000 0.375000
vt 0.625000 0.312500
vt 0.625000 0.812500
vt 0.625000 0.750000
vt 0.625000 0.250000
vt 0.625000 0.687500
vt 0.625000 0.187500
vt 0.625000 0.625000
vt 0.625000 0.125000
vt 0.625000 0.562500
vt 0.625000 0.062500
vt 0.625000 0.500000
vt 0.640625 1.000000
vt 0.625000 0.937500
vt 0.640625 0.000000
vt 0.625000 0.437500
vt 0.625000 0.875000
vt 0.593750 0.125000
vt 0.593750 0.062500
vt 0.593750 0.562500
vt 0.593750 0.500000
vt 0.609375 1.000000
vt 0.593750 0.937500
vt 0.609375 0.000000
vt 0.593750 0.437500
vt 0.593750 0.875000
vt 0.593750 0.375000
vt 0.593750 0.812500
vt 0.593750 0.312500
vt 0.593750 0.750000
vt 0.593750 0.250000
vt 0.593750 0.687500
vt 0.593750 0.187500
vt 0.593750 0.625000
vt 0.562500 0.812500
vt 0.562500 0.750000
vt 0.562500 0.312500
vt 0.562500 0.250000
vt 0.562500 0.687500
vt 0.562500 0.187500
vt 0.562500 0.625000
vt 0.562500 0.125000
vt 0.562500 0.562500
vt 0.562500 0.062500
vt 0.562500 0.500000
vt 0.578125 1.000000
vt 0.562500 0.937500
vt 0.578125 0.000000
vt 0.562500 0.437500
vt 0.562500 0.875000
vt 0.562500 0.375000
vt 0.531250 0.562500
vt 0.531250 0.500000
vt 0.546875 1.000000
vt 0.531250 0.937500
vt 0.546875 0.000000
vt 0.531250 0.062500
vt 0.531250 0.437500
vt 0.531250 0.875000
vt 0.531250 0.375000
vt 0.531250 0.812500
vt 0.531250 0.312500
vt 0.531250 0.750000
vt 0.531250 0.250000
vt 0.531250 0.687500
vt 0.531250 0.187500
vt 0.531250 0.625000
vt 0.531250 0.125000
vt 0.500000 0.312500
vt 0.500000 0.250000
vt 0.500000 0.750000
vt 0.500000 0.687500
vt 0.500000 0.187500
vt 0.500000 0.625000
vt 0.500000 0.125000
vt 0.500000 0.562500
vt 0.500000 0.062500
vt 0.500000 0.500000
vt 0.515625 1.000000
vt 0.500000 0.937500
vt 0.515625 0.000000
vt 0.500000 0.437500
vt 0.500000 0.875000
vt 0.500000 0.375000
vt 0.500000 0.812500
vt 0.484375 0.000000
vt 0.468750 0.062500
vt 0.468750 0.500000
vt 0.468750 0.437500
vt 0.468750 0.937500
vt 0.468750 0.875000
vt 0.468750 0.375000
vt 0.468750 0.812500
vt 0.468750 0.312500
vt 0.468750 0.750000
vt 0.468750 0.250000
vt 0.468750 0.687500
vt 0.468750 0.187500
vt 0.468750 0.625000
vt 0.468750 0.125000
vt 0.468750 0.562500
vt 0.484375 1.000000
vt 0.437500 0.250000
vt 0.437500 0.187500
vt 0.437500 0.687500
vt 0.437500 0.625000
vt 0.437500 0.125000
vt 0.437500 0.562500
vt 0.437500 0.062500
vt 0.437500 0.500000
vt 0.453125 1.000000
vt 0.437500 0.937500
vt 0.453125 0.000000
vt 0.437500 0.437500
vt 0.437500 0.875000
vt 0.437500 0.375000
vt 0.437500 0.812500
vt 0.437500 0.312500
vt 0.437500 0.750000
vt 0.406250 0.937500
vt 0.406250 0.875000
vt 0.406250 0.437500
vt 0.406250 0.375000
vt 0.406250 0.812500
vt 0.406250 0.312500
vt 0.406250 0.750000
vt 0.406250 0.250000
vt 0.406250 0.687500
vt 0.406250 0.187500
vt 0.406250 0.625000
vt 0.406250 0.125000
vt 0.406250 0.562500
vt 0.406250 0.062500
vt 0.406250 0.500000
vt 0.421875 1.000000
vt 0.421875 0.000000
vt 0.375000 0.687500
vt 0.375000 0.625000
vt 0.375000 0.187500
vt 0.375000 0.125000
vt 0.375000 0.562500
vt 0.375000 0.062500
vt 0.375000 0.500000
vt 0.390625 1.000000
vt 0.375000 0.937500
vt 0.390625 0.000000
vt 0.375000 0.437500
vt 0.375000 0.875000
vt 0.375000 0.375000
vt 0.375000 0.812500
vt 0.375000 0.312500
vt 0.375000 0.750000
vt 0.375000 0.250000
vt 0.343750 0.437500
vt 0.343750 0.375000
vt 0.343750 0.875000
vt 0.343750 0.812500
vt 0.343750 0.312500
vt 0.343750 0.750000
vt 0.343750 0.250000
vt 0.343750 0.687500
vt 0.343750 0.187500
vt 0.343750 0.625000
vt 0.343750 0.125000
vt 0.343750 0.562500
vt 0.343750 0.062500
vt 0.343750 0.500000
vt 0.359375 1.000000
vt 0.343750 0.937500
vt 0.359375 0.000000
vt 0.312500 0.187500
vt 0.312500 0.125000
vt 0.312500 0.625000
vt 0.312500 0.562500
vt 0.312500 0.062500
vt 0.312500 0.500000
vt 0.328125 1.000000
vt 0.312500 0.937500
vt 0.328125 0.000000
vt 0.312500 0.437500
vt 0.312500 0.875000
vt 0.312500 0.375000
vt 0.312500 0.812500
vt 0.312500 0.312500
vt 0.312500 0.750000
vt 0.312500 0.250000
vt 0.312500 0.687500
vt 0.281250 0.875000
vt 0.281250 0.812500
vt 0.281250 0.375000
vt 0.281250 0.312500
vt 0.281250 0.750000
vt 0.281250 0.250000
vt 0.281250 0.687500
vt 0.281250 0.187500
vt 0.281250 0.625000
vt 0.281250 0.125000
vt 0.281250 0.562500
vt 0.281250 0.062500
vt 0.281250 0.500000
vt 0.296875 1.000000
vt 0.281250 0.937500
vt 0.296875 0.000000
vt 0.281250 0.437500
vt 0.250000 0.625000
vt 0.250000 0.562500
vt 0.250000 0.125000
vt 0.250000 0.062500
vt 0.250000 0.500000
vt 0.265625 1.000000
vt 0.250000 0.937500
vt 0.265625 0.000000
vt 0.250000 0.437500
vt 0.250000 0.875000
vt 0.250000 0.375000
vt 0.250000 0.812500
vt 0.250000 0.312500
vt 0.250000 0.750000
vt 0.250000 0.250000
vt 0.250000 0.687500
vt 0.250000 0.187500
vt 0.218750 0.375000
vt 0.218750 0.312500
vt 0.218750 0.812500
vt 0.218750 0.750000
vt 0.218750 0.250000
vt 0.218750 0.687500
vt 0.218750 0.187500
vt 0.218750 0.625000
vt 0.218750 0.125000
vt 0.218750 0.562500
vt 0.218750 0.062500
vt 0.218750 0.500000
vt 0.234375 1.000000
vt 0.218750 0.937500
vt 0.234375 0.000000
vt 0.218750 0.437500
vt 0.218750 0.875000
vt 0.187500 0.125000
vt 0.187500 0.062500
vt 0.187500 0.562500
vt 0.187500 0.500000
vt 0.203125 1.000000
vt 0.187500 0.937500
vt 0.203125 0.000000
vt 0.187500 0.437500
vt 0.187500 0.875000
vt 0.187500 0.375000
vt 0.187500 0.812500
vt 0.187500 0.312500
vt 0.187500 0.750000
vt 0.187500 0.250000
vt 0.187500 0.687500
vt 0.187500 0.187500
vt 0.187500 0.625000
vt 0.156250 0.312500
vt 0.156250 0.250000
vt 0.156250 0.750000
vt 0.156250 0.687500
vt 0.156250 0.187500
vt 0.156250 0.625000
vt 0.156250 0.125000
vt 0.156250 0.562500
vt 0.156250 0.062500
vt 0.156250 0.500000
vt 0.171875 1.000000
vt 0.156250 0.937500
vt 0.171875 0.000000
vt 0.156250 0.437500
vt 0.156250 0.875000
vt 0.156250 0.375000
vt 0.156250 0.812500
vt 0.140625 1.000000
vt 0.125000 0.937500
vt 0.140625 0.000000
vt 0.125000 0.062500
vt 0.125000 0.500000
vt 0.125000 0.437500
vt 0.125000 0.875000
vt 0.125000 0.375000
vt 0.125000 0.812500
vt 0.125000 0.312500
vt 0.125000 0.750000
vt 0.125000 0.250000
vt 0.125000 0.687500
vt 0.125000 0.187500
vt 0.125000 0.625000
vt 0.125000 0.125000
vt 0.125000 0.562500
vt 0.093750 0.750000
vt 0.093750 0.687500
vt 0.093750 0.250000
vt 0.093750 0.187500
vt 0.093750 0.625000
vt 0.093750 0.125000
vt 0.093750 0.562500
vt 0.093750 0.062500
vt 0.093750 0.500000
vt 0.109375 1.000000
vt 0.093750 0.937500
vt 0.109375 0.000000
vt 0.093750 0.437500
vt 0.093750 0.875000
vt 0.093750 0.375000
vt 0.093750 0.812500
vt 0.093750 0.312500
vt 0.062500 0.500000
vt 0.062500 0.437500
vt 0.062500 0.937500
vt 0.062500 0.875000
vt 0.062500 0.375000
vt 0.062500 0.812500
vt 0.062500 0.312500
vt 0.062500 0.750000
vt 0.062500 0.250000
vt 0.062500 0.687500
vt 0.062500 0.187500
vt 0.062500 0.625000
vt 0.062500 0.125000
vt 0.062500 0.562500
vt 0.062500 0.062500
vt 0.078125 1.000000
vt 0.078125 0.000000
vt 0.031250 0.250000
vt 0.031250 0.187500
vt 0.031250 0.687500
vt 0.031250 0.625000
vt 0.031250 0.125000
vt 0.031250 0.562500
vt 0.031250 0.062500
vt 0.031250 0.500000
vt 0.046875 1.000000
vt 0.031250 0.937500
vt 0.046875 0.000000
vt 0.031250 0.437500
vt 0.031250 0.875000
vt 0.031250 0.375000
vt 0.031250 0.812500
vt 0.031250 0.312500
vt 0.031250 0.750000
vt 0.000000 0.937500
vt 0.000000 0.875000
vt 0.000000 0.437500
vt 0.000000 0.375000
vt 0.000000 0.812500
vt 0.000000 0.312500
vt 0.000000 0.750000
vt 0.000000 0.250000
vt 0.000000 0.687500
vt 0.000000 0.187500
vt 0.000000 0.625000
vt 0.000000 0.125000
vt 0.000000 0.562500
vt 0.000000 0.062500
vt 0.000000 0.500000
vt 0.015625 1.000000
vt 0.015625 0.000000
vt 1.000000 0.625000
vt 1.000000 0.687500
vt 0.968750 0.687500
vt 0.968750 0.625000
vt 1.000000 0.125000
vt 1.000000 0.187500
vt 0.968750 0.187500
vt 0.968750 0.125000
vt 1.000000 0.562500
vt 0.968750 0.562500
vt 1.000000 0.062500
vt 0.968750 0.062500
vt 1.000000 0.500000
vt 0.968750 0.500000
vt 1.000000 0.937500
vt 0.984375 1.000000
vt 0.968750 0.937500
vt 0.984375 0.000000
vt 1.000000 0.437500
vt 0.968750 0.437500
vt 1.000000 0.875000
vt 0.968750 0.875000
vt 1.000000 0.375000
vt 0.968750 0.375000
vt 1.000000 0.812500
vt 0.968750 0.812500
vt 1.000000 0.312500
vt 0.968750 0.312500
vt 1.000000 0.750000
vt 0.968750 0.750000
vt 1.000000 0.250000
vt 0.968750 0.250000
vt 0.937500 0.437500
vt 0.937500 0.375000
vt 0.937500 0.875000
vt 0.937500 0.812500
vt 0.937500 0.312500
vt 0.937500 0.750000
vt 0.937500 0.250000
vt 0.937500 0.687500
vt 0.937500 0.187500
vt 0.937500 0.625000
vt 0.937500 0.125000
vt 0.937500 0.562500
vt 0.937500 0.062500
vt 0.937500 0.500000
vt 0.953125 1.000000
vt 0.937500 0.937500
vt 0.953125 0.000000
vt 0.906250 0.187500
vt 0.906250 0.125000
vt 0.906250 0.625000
vt 0.906250 0.562500
vt 0.906250 0.062500
vt 0.906250 0.500000
vt 0.921875 1.000000
vt 0.906250 0.937500
vt 0.921875 0.000000
vt 0.906250 0.437500
vt 0.906250 0.875000
vt 0.906250 0.375000
vt 0.906250 0.812500
vt 0.906250 0.312500
vt 0.906250 0.750000
vt 0.906250 0.250000
vt 0.906250 0.687500
vt 0.875000 0.375000
vt 0.875000 0.312500
vt 0.875000 0.812500
vt 0.875000 0.750000
vt 0.875000 0.250000
vt 0.875000 0.687500
vt 0.875000 0.187500
vt 0.875000 0.625000
vt 0.875000 0.125000
vt 0.875000 0.562500
vt 0.875000 0.062500
vt 0.875000 0.500000
vt 0.890625 1.000000
vt 0.875000 0.937500
vt 0.890625 0.000000
vt 0.875000 0.437500
vt 0.875000 0.875000
vt 0.843750 0.125000
vt 0.843750 0.062500
vt 0.843750 0.562500
vt 0.843750 0.500000
vt 0.859375 1.000000
vt 0.843750 0.937500
vt 0.859375 0.000000
vt 0.843750 0.437500
vt 0.843750 0.875000
vt 0.843750 0.375000
vt 0.843750 0.812500
vt 0.843750 0.312500
vt 0.843750 0.750000
vt 0.843750 0.250000
vt 0.843750 0.687500
vt 0.843750 0.187500
vt 0.843750 0.625000
vt 0.812500 0.812500
vt 0.812500 0.750000
vt 0.812500 0.312500
vt 0.812500 0.250000
vt 0.812500 0.687500
vt 0.812500 0.187500
vt 0.812500 0.625000
vt 0.812500 0.125000
vt 0.812500 0.562500
vt 0.812500 0.062500
vt 0.812500 0.500000
vt 0.828125 1.000000
vt 0.812500 0.937500
vt 0.828125 0.000000
vt 0.812500 0.437500
vt 0.812500 0.875000
vt 0.812500 0.375000
vt 0.781250 0.562500
vt 0.781250 0.500000
vt 0.796875 1.000000
vt 0.781250 0.937500
vt 0.796875 0.000000
vt 0.781250 0.062500
vt 0.781250 0.437500
vt 0.781250 0.875000
vt 0.781250 0.375000
vt 0.781250 0.812500
vt 0.781250 0.312500
vt 0.781250 0.750000
vt 0.781250 0.250000
vt 0.781250 0.687500
vt 0.781250 0.187500
vt 0.781250 0.625000
vt 0.781250 0.125000
vt 0.765625 1.000000
vt 0.765625 0.000000
s 0
f 1440/560/1025 965/561/1025 973/562/1025 974/563/1025
f 1443/564/1026 970/565/1026 981/566/1026 982/567/1026
f 966/568/1027 1440/560/1027 974/563/1027 975/569/1027
f 1444/570/1028 1443/564/1028 982/567/1028 983/571/1028
f 1441/572/1029 966/568/1029 975/569/1029 976/573/1029
f 1445/574/1030 1444/570/1030 983/571/1030 984/575/1030
f 967/576/1031 1441/572/1031 976/573/1031 977/577/1031
f 1446/578/1032 1445/574/1032 984/575/1032 985/579/1032
f 968/580/1033 967/576/1033 977/577/1033 978/581/1033
f 1438/582/1034 1046/583/1034 971/584/1034
f 1272/585/1035 1446/578/1035 985/579/1035
f 969/586/1036 968/580/1036 978/581/1036 979/587/1036
f 1439/588/1037 1438/582/1037 971/584/1037 972/589/1037
f 1442/590/1038 969/586/1038 979/587/1038 980/591/1038
f 965/561/1039 1439/588/1039 972/589/1039 973/562/1039
f 970/565/1040 1442/590/1040 980/591/1040 981/566/1040
f 973/562/1041 972/589/1041 987/592/1041 988/593/1041
f 981/566/1042 980/591/1042 995/594/1042 996/595/1042
f 974/563/1043 973/562/1043 988/593/1043 989/596/1043
f 982/567/1044 981/566/1044 996/595/1044 997/597/1044
f 975/569/1045 974/563/1045 989/596/1045 990/598/1045
f 983/571/1046 982/567/1046 997/597/1046 998/599/1046
f 976/573/1047 975/569/1047 990/598/1047 991/600/1047
f 984/575/1048 983/571/1048 998/599/1048 999/601/1048
f 977/577/1049 976/573/1049 991/600/1049 992/602/1049
f 985/579/1050 984/575/1050 999/601/1050 1000/603/1050
f 978/581/1051 977/577/1051 992/602/1051 993/604/1051
f 971/584/1052 1046/605/1052 986/606/1052
f 1272/607/1053 985/579/1053 1000/603/1053
f 979/587/1054 978/581/1054 993/604/1054 994/608/1054
f 972/589/1055 971/584/1055 986/606/1055 987/592/1055
f 980/591/1056 979/587/1056 994/608/1056 995/594/1056
f 992/602/1057 991/600/1057 1006/609/1057 1007/610/1057
f 1000/603/1058 999/601/1058 1014/611/1058 1015/612/1058
f 993/604/1059 992/602/1059 1007/610/1059 1008/613/1059
f 986/606/1060 1046/614/1060 1001/615/1060
f 1272/616/1061 1000/603/1061 1015/612/1061
f 994/608/1062 993/604/1062 1008/613/1062 1009/617/1062
f 987/592/1063 986/606/1063 1001/615/1063 1002/618/1063
f 995/594/1064 994/608/1064 1009/617/1064 1010/619/1064
f 988/593/1065 987/592/1065 1002/618/1065 1003/620/1065
f 996/595/1066 995/594/1066 1010/619/1066 1011/621/1066
f 989/596/1067 988/593/1067 1003/620/1067 1004/622/1067
f 997/597/1068 996/595/1068 1011/621/1068 1012/623/1068
f 990/598/1069 989/596/1069 1004/622/1069 1005/624/1069
f 998/599/1070 997/597/1070 1012/623/1070 1013/625/1070
f 991/600/1071 990/598/1071 1005/624/1071 1006/609/1071
f 999/601/1072 998/599/1072 1013/625/1072 1014/611/1072
f 1011/621/1073 1010/619/1073 1025/626/1073 1026/627/1073
f 1004/622/1074 1003/620/1074 1018/628/1074 1019/629/1074
f 1012/623/1075 1011/621/1075 1026/627/1075 1027/630/1075
f 1005/624/1076 1004/622/1076 1019/629/1076 1020/631/1076
f 1013/625/1077 1012/623/1077 1027/630/1077 1028/632/1077
f 1006/609/1078 1005/624/1078 1020/631/1078 1021/633/1078
f 1014/611/1079 1013/625/1079 1028/632/1079 1029/634/1079
f 1007/610/1080 1006/609/1080 1021/633/1080 1022/635/1080
f 1015/612/1081 1014/611/1081 1029/634/1081 1030/636/1081
f 1008/613/1082 1007/610/1082 1022/635/1082 1023/637/1082
f 1001/615/1083 1046/638/1083 1016/639/1083
f 1272/640/1084 1015/612/1084 1030/636/1084
f 1009/617/1085 1008/613/1085 1023/637/1085 1024/641/1085
f 1002/618/1086 1001/615/1086 1016/639/1086 1017/642/1086
f 1010/619/1087 1009/617/1087 1024/641/1087 1025/626/1087
f 1003/620/1088 1002/618/1088 1017/642/1088 1018/628/1088
f 1030/636/1089 1029/634/1089 1044/643/1089 1045/644/1089
f 1023/637/1090 1022/635/1090 1037/645/1090 1038/646/1090
f 1016/639/1091 1046/647/1091 1031/648/1091
f 1272/649/1092 1030/636/1092 1045/644/1092
f 1024/641/1093 1023/637/1093 1038/646/1093 1039/650/1093
f 1017/642/1094 1016/639/1094 1031/648/1094 1032/651/1094
f 1025/626/1095 1024/641/1095 1039/650/1095 1040/652/1095
f 1018/628/1096 1017/642/1096 1032/651/1096 1033/653/1096
f 1026/627/1097 1025/626/1097 1040/652/1097 1041/654/1097
f 1019/629/1098 1018/628/1098 1033/653/1098 1034/655/1098
f 1027/630/1099 1026/627/1099 1041/654/1099 1042/656/1099
f 1020/631/1100 1019/629/1100 1034/655/1100 1035/657/1100
f 1028/632/1101 1027/630/1101 1042/656/1101 1043/658/1101
f 1021/633/1102 1020/631/1102 1035/657/1102 1036/659/1102
f 1029/634/1103 1028/632/1103 1043/658/1103 1044/643/1103
f 1022/635/1104 1021/633/1104 1036/659/1104 1037/645/1104
f 1034/655/1105 1033/653/1105 1049/660/1105 1050/661/1105
f 1042/656/1106 1041/654/1106 1057/662/1106 1058/663/1106
f 1035/657/1107 1034/655/1107 1050/661/1107 1051/664/1107
f 1043/658/1108 1042/656/1108 1058/663/1108 1059/665/1108
f 1036/659/1109 1035/657/1109 1051/664/1109 1052/666/1109
f 1044/643/1110 1043/658/1110 1059/665/1110 1060/667/1110
f 1037/645/1111 1036/659/1111 1052/666/1111 1053/668/1111
f 1045/644/1112 1044/643/1112 1060/667/1112 1061/669/1112
f 1038/646/1113 1037/645/1113 1053/668/1113 1054/670/1113
f 1031/648/1114 1046/671/1114 1047/672/1114
f 1272/673/1115 1045/644/1115 1061/669/1115
f 1039/650/1116 1038/646/1116 1054/670/1116 1055/674/1116
f 1032/651/1117 1031/648/1117 1047/672/1117 1048/675/1117
f 1040/652/1118 1039/650/1118 1055/674/1118 1056/676/1118
f 1033/653/1119 1032/651/1119 1048/675/1119 1049/660/1119
f 1041/654/1120 1040/652/1120 1056/676/1120 1057/662/1120
f 1054/670/1121 1053/668/1121 1068/677/1121 1069/678/1121
f 1047/672/1122 1046/679/1122 1062/680/1122
f 1272/681/1123 1061/669/1123 1076/682/1123
f 1055/674/1124 1054/670/1124 1069/678/1124 1070/683/1124
f 1048/675/1125 1047/672/1125 1062/680/1125 1063/684/1125
f 1056/676/1126 1055/674/1126 1070/683/1126 1071/685/1126
f 1049/660/1127 1048/675/1127 1063/684/1127 1064/686/1127
f 1057/662/1128 1056/676/1128 1071/685/1128 1072/687/1128
f 1050/661/1129 1049/660/1129 1064/686/1129 1065/688/1129
f 1058/663/1130 1057/662/1130 1072/687/1130 1073/689/1130
f 1051/664/1131 1050/661/1131 1065/688/1131 1066/690/1131
f 1059/665/1132 1058/663/1132 1073/689/1132 1074/691/1132
f 1052/666/1133 1051/664/1133 1066/690/1133 1067/692/1133
f 1060/667/1134 1059/665/1134 1074/691/1134 1075/693/1134
f 1053/668/1135 1052/666/1135 1067/692/1135 1068/677/1135
f 1061/669/1136 1060/667/1136 1075/693/1136 1076/682/1136
f 1073/689/1137 1072/687/1137 1087/694/1137 1088/695/1137
f 1066/690/1138 1065/688/1138 1080/696/1138 1081/697/1138
f 1074/691/1139 1073/689/1139 1088/695/1139 1089/698/1139
f 1067/692/1140 1066/690/1140 1081/697/1140 1082/699/1140
f 1075/693/1141 1074/691/1141 1089/698/1141 1090/700/1141
f 1068/677/1142 1067/692/1142 1082/699/1142 1083/701/1142
f 1076/682/1143 1075/693/1143 1090/700/1143 1091/702/1143
f 1069/678/1144 1068/677/1144 1083/701/1144 1084/703/1144
f 1062/680/1145 1046/704/1145 1077/705/1145
f 1272/706/1146 1076/682/1146 1091/702/1146
f 1070/683/1147 1069/678/1147 1084/703/1147 1085/707/1147
f 1063/684/1148 1062/680/1148 1077/705/1148 1078/708/1148
f 1071/685/1149 1070/683/1149 1085/707/1149 1086/709/1149
f 1064/686/1150 1063/684/1150 1078/708/1150 1079/710/1150
f 1072/687/1151 1071/685/1151 1086/709/1151 1087/694/1151
f 1065/688/1152 1064/686/1152 1079/710/1152 1080/696/1152
f 1272/711/1153 1091/702/1153 1106/712/1153
f 1085/707/1154 1084/703/1154 1099/713/1154 1100/714/1154
f 1078/708/1155 1077/705/1155 1092/715/1155 1093/716/1155
f 1086/709/1156 1085/707/1156 1100/714/1156 1101/717/1156
f 1079/710/1157 1078/708/1157 1093/716/1157 1094/718/1157
f 1087/694/1158 1086/709/1158 1101/717/1158 1102/719/1158
f 1080/696/1159 1079/710/1159 1094/718/1159 1095/720/1159
f 1088/695/1160 1087/694/1160 1102/719/1160 1103/721/1160
f 1081/697/1161 1080/696/1161 1095/720/1161 1096/722/1161
f 1089/698/1162 1088/695/1162 1103/721/1162 1104/723/1162
f 1082/699/1163 1081/697/1163 1096/722/1163 1097/724/1163
f 1090/700/1164 1089/698/1164 1104/723/1164 1105/725/1164
f 1083/701/1165 1082/699/1165 1097/724/1165 1098/726/1165
f 1091/702/1166 1090/700/1166 1105/725/1166 1106/712/1166
f 1084/703/1167 1083/701/1167 1098/726/1167 1099/713/1167
f 1077/705/1168 1046/727/1168 1092/715/1168
f 1104/723/1169 1103/721/1169 1118/728/1169 1119/729/1169
f 1097/724/1170 1096/722/1170 1111/730/1170 1112/731/1170
f 1105/725/1171 1104/723/1171 1119/729/1171 1120/732/1171
f 1098/726/1172 1097/724/1172 1112/731/1172 1113/733/1172
f 1106/712/1173 1105/725/1173 1120/732/1173 1121/734/1173
f 1099/713/1174 1098/726/1174 1113/733/1174 1114/735/1174
f 1092/715/1175 1046/736/1175 1107/737/1175
f 1272/738/1176 1106/712/1176 1121/734/1176
f 1100/714/1177 1099/713/1177 1114/735/1177 1115/739/1177
f 1093/716/1178 1092/715/1178 1107/737/1178 1108/740/1178
f 1101/717/1179 1100/714/1179 1115/739/1179 1116/741/1179
f 1094/718/1180 1093/716/1180 1108/740/1180 1109/742/1180
f 1102/719/1181 1101/717/1181 1116/741/1181 1117/743/1181
f 1095/720/1182 1094/718/1182 1109/742/1182 1110/744/1182
f 1103/721/1183 1102/719/1183 1117/743/1183 1118/728/1183
f 1096/722/1184 1095/720/1184 1110/744/1184 1111/730/1184
f 1108/740/1185 1107/737/1185 1122/745/1185 1123/746/1185
f 1116/741/1186 1115/739/1186 1130/747/1186 1131/748/1186
f 1109/742/1187 1108/740/1187 1123/746/1187 1124/749/1187
f 1117/743/1188 1116/741/1188 1131/748/1188 1132/750/1188
f 1110/744/1189 1109/742/1189 1124/749/1189 1125/751/1189
f 1118/728/1190 1117/743/1190 1132/750/1190 1133/752/1190
f 1111/730/1191 1110/744/1191 1125/751/1191 1126/753/1191
f 1119/729/1192 1118/728/1192 1133/752/1192 1134/754/1192
f 1112/731/1193 1111/730/1193 1126/753/1193 1127/755/1193
f 1120/732/1194 1119/729/1194 1134/754/1194 1135/756/1194
f 1113/733/1195 1112/731/1195 1127/755/1195 1128/757/1195
f 1121/734/1196 1120/732/1196 1135/756/1196 1136/758/1196
f 1114/735/1197 1113/733/1197 1128/757/1197 1129/759/1197
f 1107/737/1198 1046/760/1198 1122/745/1198
f 1272/761/1199 1121/734/1199 1136/758/1199
f 1115/739/1200 1114/735/1200 1129/759/1200 1130/747/1200
f 1127/755/1201 1126/753/1201 1141/762/1201 1142/763/1201
f 1135/756/1202 1134/754/1202 1149/764/1202 1150/765/1202
f 1128/757/1203 1127/755/1203 1142/763/1203 1143/766/1203
f 1136/758/1204 1135/756/1204 1150/765/1204 1151/767/1204
f 1129/759/1205 1128/757/1205 1143/766/1205 1144/768/1205
f 1122/745/1206 1046/769/1206 1137/770/1206
f 1272/771/1207 1136/758/1207 1151/767/1207
f 1130/747/1208 1129/759/1208 1144/768/1208 1145/772/1208
f 1123/746/1209 1122/745/1209 1137/770/1209 1138/773/1209
f 1131/748/1210 1130/747/1210 1145/772/1210 1146/774/1210
f 1124/749/1211 1123/746/1211 1138/773/1211 1139/775/1211
f 1132/750/1212 1131/748/1212 1146/774/1212 1147/776/1212
f 1125/751/1213 1124/749/1213 1139/775/1213 1140/777/1213
f 1133/752/1214 1132/750/1214 1147/776/1214 1148/778/1214
f 1126/753/1215 1125/751/1215 1140/777/1215 1141/762/1215
f 1134/754/1216 1133/752/1216 1148/778/1216 1149/764/1216
f 1146/774/1217 1145/772/1217 1160/779/1217 1161/780/1217
f 1139/775/1218 1138/773/1218 1153/781/1218 1154/782/1218
f 1147/776/1219 1146/774/1219 1161/780/1219 1162/783/1219
f 1140/777/1220 1139/775/1220 1154/782/1220 1155/784/1220
f 1148/778/1221 1147/776/1221 1162/783/1221 1163/785/1221
f 1141/762/1222 1140/777/1222 1155/784/1222 1156/786/1222
f 1149/764/1223 1148/778/1223 1163/785/1223 1164/787/1223
f 1142/763/1224 1141/762/1224 1156/786/1224 1157/788/1224
f 1150/765/1225 1149/764/1225 1164/787/1225 1165/789/1225
f 1143/766/1226 1142/763/1226 1157/788/1226 1158/790/1226
f 1151/767/1227 1150/765/1227 1165/789/1227 1166/791/1227
f 1144/768/1228 1143/766/1228 1158/790/1228 1159/792/1228
f 1137/770/1229 1046/793/1229 1152/794/1229
f 1272/795/1230 1151/767/1230 1166/791/1230
f 1145/772/1231 1144/768/1231 1159/792/1231 1160/779/1231
f 1138/773/1232 1137/770/1232 1152/794/1232 1153/781/1232
f 1165/789/1233 1164/787/1233 1179/796/1233 1180/797/1233
f 1158/790/1234 1157/788/1234 1172/798/1234 1173/799/1234
f 1166/791/1235 1165/789/1235 1180/797/1235 1181/800/1235
f 1159/792/1236 1158/790/1236 1173/799/1236 1174/801/1236
f 1152/794/1237 1046/802/1237 1167/803/1237
f 1272/804/1238 1166/791/1238 1181/800/1238
f 1160/779/1239 1159/792/1239 1174/801/1239 1175/805/1239
f 1153/781/1240 1152/794/1240 1167/803/1240 1168/806/1240
f 1161/780/1241 1160/779/1241 1175/805/1241 1176/807/1241
f 1154/782/1242 1153/781/1242 1168/806/1242 1169/808/1242
f 1162/783/1243 1161/780/1243 1176/807/1243 1177/809/1243
f 1155/784/1244 1154/782/1244 1169/808/1244 1170/810/1244
f 1163/785/1245 1162/783/1245 1177/809/1245 1178/811/1245
f 1156/786/1246 1155/784/1246 1170/810/1246 1171/812/1246
f 1164/787/1247 1163/785/1247 1178/811/1247 1179/796/1247
f 1157/788/1248 1156/786/1248 1171/812/1248 1172/798/1248
f 1169/808/1249 1168/806/1249 1183/813/1249 1184/814/1249
f 1177/809/1250 1176/807/1250 1191/815/1250 1192/816/1250
f 1170/810/1251 1169/808/1251 1184/814/1251 1185/817/1251
f 1178/811/1252 1177/809/1252 1192/816/1252 1193/818/1252
f 1171/812/1253 1170/810/1253 1185/817/1253 1186/819/1253
f 1179/796/1254 1178/811/1254 1193/818/1254 1194/820/1254
f 1172/798/1255 1171/812/1255 1186/819/1255 1187/821/1255
f 1180/797/1256 1179/796/1256 1194/820/1256 1195/822/1256
f 1173/799/1257 1172/798/1257 1187/821/1257 1188/823/1257
f 1181/800/1258 1180/797/1258 1195/822/1258 1196/824/1258
f 1174/801/1259 1173/799/1259 1188/823/1259 1189/825/1259
f 1167/803/1260 1046/826/1260 1182/827/1260
f 1272/828/1261 1181/800/1261 1196/824/1261
f 1175/805/1262 1174/801/1262 1189/825/1262 1190/829/1262
f 1168/806/1263 1167/803/1263 1182/827/1263 1183/813/1263
f 1176/807/1264 1175/805/1264 1190/829/1264 1191/815/1264
f 1188/823/1265 1187/821/1265 1202/830/1265 1203/831/1265
f 1196/824/1266 1195/822/1266 1210/832/1266 1211/833/1266
f 1189/825/1267 1188/823/1267 1203/831/1267 1204/834/1267
f 1182/827/1268 1046/835/1268 1197/836/1268
f 1272/837/1269 1196/824/1269 1211/833/1269
f 1190/829/1270 1189/825/1270 1204/834/1270 1205/838/1270
f 1183/813/1271 1182/827/1271 1197/836/1271 1198/839/1271
f 1191/815/1272 1190/829/1272 1205/838/1272 1206/840/1272
f 1184/814/1273 1183/813/1273 1198/839/1273 1199/841/1273
f 1192/816/1274 1191/815/1274 1206/840/1274 1207/842/1274
f 1185/817/1275 1184/814/1275 1199/841/1275 1200/843/1275
f 1193/818/1276 1192/816/1276 1207/842/1276 1208/844/1276
f 1186/819/1277 1185/817/1277 1200/843/1277 1201/845/1277
f 1194/820/1278 1193/818/1278 1208/844/1278 1209/846/1278
f 1187/821/1279 1186/819/1279 1201/845/1279 1202/830/1279
f 1195/822/1280 1194/820/1280 1209/846/1280 1210/832/1280
f 1207/842/1281 1206/840/1281 1221/847/1281 1222/848/1281
f 1200/843/1282 1199/841/1282 1214/849/1282 1215/850/1282
f 1208/844/1283 1207/842/1283 1222/848/1283 1223/851/1283
f 1201/845/1284 1200/843/1284 1215/850/1284 1216/852/1284
f 1209/846/1285 1208/844/1285 1223/851/1285 1224/853/1285
f 1202/830/1286 1201/845/1286 1216/852/1286 1217/854/1286
f 1210/832/1287 1209/846/1287 1224/853/1287 1225/855/1287
f 1203/831/1288 1202/830/1288 1217/854/1288 1218/856/1288
f 1211/833/1289 1210/832/1289 1225/855/1289 1226/857/1289
f 1204/834/1290 1203/831/1290 1218/856/1290 1219/858/1290
f 1197/836/1291 1046/859/1291 1212/860/1291
f 1272/861/1292 1211/833/1292 1226/857/1292
f 1205/838/1293 1204/834/1293 1219/858/1293 1220/862/1293
f 1198/839/1294 1197/836/1294 1212/860/1294 1213/863/1294
f 1206/840/1295 1205/838/1295 1220/862/1295 1221/847/1295
f 1199/841/1296 1198/839/1296 1213/863/1296 1214/849/1296
f 1226/857/1297 1225/855/1297 1240/864/1297 1241/865/1297
f 1219/858/1298 1218/856/1298 1233/866/1298 1234/867/1298
f 1212/860/1299 1046/868/1299 1227/869/1299
f 1272/870/1300 1226/857/1300 1241/865/1300
f 1220/862/1301 1219/858/1301 1234/867/1301 1235/871/1301
f 1213/863/1302 1212/860/1302 1227/869/1302 1228/872/1302
f 1221/847/1303 1220/862/1303 1235/871/1303 1236/873/1303
f 1214/849/1304 1213/863/1304 1228/872/1304 1229/874/1304
f 1222/848/1305 1221/847/1305 1236/873/1305 1237/875/1305
f 1215/850/1306 1214/849/1306 1229/874/1306 1230/876/1306
f 1223/851/1307 1222/848/1307 1237/875/1307 1238/877/1307
f 1216/852/1308 1215/850/1308 1230/876/1308 1231/878/1308
f 1224/853/1309 1223/851/1309 1238/877/1309 1239/879/1309
f 1217/854/1310 1216/852/1310 1231/878/1310 1232/880/1310
f 1225/855/1311 1224/853/1311 1239/879/1311 1240/864/1311
f 1218/856/1312 1217/854/1312 1232/880/1312 1233/866/1312
f 1238/877/1313 1237/875/1313 1252/881/1313 1253/882/1313
f 1231/878/1314 1230/876/1314 1245/883/1314 1246/884/1314
f 1239/879/1315 1238/877/1315 1253/882/1315 1254/885/1315
f 1232/880/1316 1231/878/1316 1246/884/1316 1247/886/1316
f 1240/864/1317 1239/879/1317 1254/885/1317 1255/887/1317
f 1233/866/1318 1232/880/1318 1247/886/1318 1248/888/1318
f 1241/865/1319 1240/864/1319 1255/887/1319 1256/889/1319
f 1234/867/1320 1233/866/1320 1248/888/1320 1249/890/1320
f 1227/869/1321 1046/891/1321 1242/892/1321
f 1272/893/1322 1241/865/1322 1256/889/1322
f 1235/871/1323 1234/867/1323 1249/890/1323 1250/894/1323
f 1228/872/1324 1227/869/1324 1242/892/1324 1243/895/1324
f 1236/873/1325 1235/871/1325 1250/894/1325 1251/896/1325
f 1229/874/1326 1228/872/1326 1243/895/1326 1244/897/1326
f 1237/875/1327 1236/873/1327 1251/896/1327 1252/881/1327
f 1230/876/1328 1229/874/1328 1244/897/1328 1245/883/1328
f 1242/892/1329 1046/898/1329 1257/899/1329
f 1272/900/1330 1256/889/1330 1271/901/1330
f 1250/894/1331 1249/890/1331 1264/902/1331 1265/903/1331
f 1243/895/1332 1242/892/1332 1257/899/1332 1258/904/1332
f 1251/896/1333 1250/894/1333 1265/903/1333 1266/905/1333
f 1244/897/1334 1243/895/1334 1258/904/1334 1259/906/1334
f 1252/881/1335 1251/896/1335 1266/905/1335 1267/907/1335
f 1245/883/1336 1244/897/1336 1259/906/1336 1260/908/1336
f 1253/882/1337 1252/881/1337 1267/907/1337 1268/909/1337
f 1246/884/1338 1245/883/1338 1260/908/1338 1261/910/1338
f 1254/885/1339 1253/882/1339 1268/909/1339 1269/911/1339
f 1247/886/1340 1246/884/1340 1261/910/1340 1262/912/1340
f 1255/887/1341 1254/885/1341 1269/911/1341 1270/913/1341
f 1248/888/1342 1247/886/1342 1262/912/1342 1263/914/1342
f 1256/889/1343 1255/887/1343 1270/913/1343 1271/901/1343
f 1249/890/1344 1248/888/1344 1263/914/1344 1264/902/1344
f 1261/910/1345 1260/908/1345 1276/915/1345 1277/916/1345
f 1269/911/1346 1268/909/1346 1284/917/1346 1285/918/1346
f 1262/912/1347 1261/910/1347 1277/916/1347 1278/919/1347
f 1270/913/1348 1269/911/1348 1285/918/1348 1286/920/1348
f 1263/914/1349 1262/912/1349 1278/919/1349 1279/921/1349
f 1271/901/1350 1270/913/1350 1286/920/1350 1287/922/1350
f 1264/902/1351 1263/914/1351 1279/921/1351 1280/923/1351
f 1257/899/1352 1046/924/1352 1273/925/1352
f 1272/926/1353 1271/901/1353 1287/922/1353
f 1265/903/1354 1264/902/1354 1280/923/1354 1281/927/1354
f 1258/904/1355 1257/899/1355 1273/925/1355 1274/928/1355
f 1266/905/1356 1265/903/1356 1281/927/1356 1282/929/1356
f 1259/906/1357 1258/904/1357 1274/928/1357 1275/930/1357
f 1267/907/1358 1266/905/1358 1282/929/1358 1283/931/1358
f 1260/908/1359 1259/906/1359 1275/930/1359 1276/915/1359
f 1268/909/1360 1267/907/1360 1283/931/1360 1284/917/1360
f 1281/927/1361 1280/923/1361 1295/932/1361 1296/933/1361
f 1274/928/1362 1273/925/1362 1288/934/1362 1289/935/1362
f 1282/929/1363 1281/927/1363 1296/933/1363 1297/936/1363
f 1275/930/1364 1274/928/1364 1289/935/1364 1290/937/1364
f 1283/931/1365 1282/929/1365 1297/936/1365 1298/938/1365
f 1276/915/1366 1275/930/1366 1290/937/1366 1291/939/1366
f 1284/917/1367 1283/931/1367 1298/938/1367 1299/940/1367
f 1277/916/1368 1276/915/1368 1291/939/1368 1292/941/1368
f 1285/918/1369 1284/917/1369 1299/940/1369 1300/942/1369
f 1278/919/1370 1277/916/1370 1292/941/1370 1293/943/1370
f 1286/920/1371 1285/918/1371 1300/942/1371 1301/944/1371
f 1279/921/1372 1278/919/1372 1293/943/1372 1294/945/1372
f 1287/922/1373 1286/920/1373 1301/944/1373 1302/946/1373
f 1280/923/1374 1279/921/1374 1294/945/1374 1295/932/1374
f 1273/925/1375 1046/947/1375 1288/934/1375
f 1272/948/1376 1287/922/1376 1302/946/1376
f 1300/942/1377 1299/940/1377 1314/949/1377 1315/950/1377
f 1293/943/1378 1292/941/1378 1307/951/1378 1308/952/1378
f 1301/944/1379 1300/942/1379 1315/950/1379 1316/953/1379
f 1294/945/1380 1293/943/1380 1308/952/1380 1309/954/1380
f 1302/946/1381 1301/944/1381 1316/953/1381 1317/955/1381
f 1295/932/1382 1294/945/1382 1309/954/1382 1310/956/1382
f 1288/934/1383 1046/957/1383 1303/958/1383
f 1272/959/1384 1302/946/1384 1317/955/1384
f 1296/933/1385 1295/932/1385 1310/956/1385 1311/960/1385
f 1289/935/1386 1288/934/1386 1303/958/1386 1304/961/1386
f 1297/936/1387 1296/933/1387 1311/960/1387 1312/962/1387
f 1290/937/1388 1289/935/1388 1304/961/1388 1305/963/1388
f 1298/938/1389 1297/936/1389 1312/962/1389 1313/964/1389
f 1291/939/1390 1290/937/1390 1305/963/1390 1306/965/1390
f 1299/940/1391 1298/938/1391 1313/964/1391 1314/949/1391
f 1292/941/1392 1291/939/1392 1306/965/1392 1307/951/1392
f 1304/961/1393 1303/958/1393 1318/966/1393 1319/967/1393
f 1312/962/1394 1311/960/1394 1326/968/1394 1327/969/1394
f 1305/963/1395 1304/961/1395 1319/967/1395 1320/970/1395
f 1313/964/1396 1312/962/1396 1327/969/1396 1328/971/1396
f 1306/965/1397 1305/963/1397 1320/970/1397 1321/972/1397
f 1314/949/1398 1313/964/1398 1328/971/1398 1329/973/1398
f 1307/951/1399 1306/965/1399 1321/972/1399 1322/974/1399
f 1315/950/1400 1314/949/1400 1329/973/1400 1330/975/1400
f 1308/952/1401 1307/951/1401 1322/974/1401 1323/976/1401
f 1316/953/1402 1315/950/1402 1330/975/1402 1331/977/1402
f 1309/954/1403 1308/952/1403 1323/976/1403 1324/978/1403
f 1317/955/1404 1316/953/1404 1331/977/1404 1332/979/1404
f 1310/956/1405 1309/954/1405 1324/978/1405 1325/980/1405
f 1303/958/1406 1046/981/1406 1318/966/1406
f 1272/982/1407 1317/955/1407 1332/979/1407
f 1311/960/1408 1310/956/1408 1325/980/1408 1326/968/1408
f 1323/983/1409 1322/984/1409 1337/985/1409 1338/986/1409
f 1331/987/1410 1330/988/1410 1345/989/1410 1346/990/1410
f 1324/991/1411 1323/983/1411 1338/986/1411 1339/992/1411
f 1332/993/1412 1331/987/1412 1346/990/1412 1347/994/1412
f 1325/995/1413 1324/991/1413 1339/992/1413 1340/996/1413
f 1318/997/1414 1046/998/1414 1333/999/1414
f 1272/1000/1415 1332/993/1415 1347/994/1415
f 1326/1001/1416 1325/995/1416 1340/996/1416 1341/1002/1416
f 1319/1003/1417 1318/997/1417 1333/999/1417 1334/1004/1417
f 1327/1005/1418 1326/1001/1418 1341/1002/1418 1342/1006/1418
f 1320/1007/1419 1319/1003/1419 1334/1004/1419 1335/1008/1419
f 1328/1009/1420 1327/1005/1420 1342/1006/1420 1343/1010/1420
f 1321/1011/1421 1320/1007/1421 1335/1008/1421 1336/1012/1421
f 1329/1013/1422 1328/1009/1422 1343/1010/1422 1344/1014/1422
f 1322/984/1423 1321/1011/1423 1336/1012/1423 1337/985/1423
f 1330/988/1424 1329/1013/1424 1344/1014/1424 1345/989/1424
f 1342/1006/1425 1341/1002/1425 1356/1015/1425 1357/1016/1425
f 1335/1008/1426 1334/1004/1426 1349/1017/1426 1350/1018/1426
f 1343/1010/1427 1342/1006/1427 1357/1016/1427 1358/1019/1427
f 1336/1012/1428 1335/1008/1428 1350/1018/1428 1351/1020/1428
f 1344/1014/1429 1343/1010/1429 1358/1019/1429 1359/1021/1429
f 1337/985/1430 1336/1012/1430 1351/1020/1430 1352/1022/1430
f 1345/989/1431 1344/1014/1431 1359/1021/1431 1360/1023/1431
f 1338/986/1432 1337/985/1432 1352/1022/1432 1353/1024/1432
f 1346/990/1433 1345/989/1433 1360/1023/1433 1361/1025/1433
f 1339/992/1434 1338/986/1434 1353/1024/1434 1354/1026/1434
f 1347/994/1435 1346/990/1435 1361/1025/1435 1362/1027/1435
f 1340/996/1436 1339/992/1436 1354/1026/1436 1355/1028/1436
f 1333/999/1437 1046/1029/1437 1348/1030/1437
f 1272/1031/1438 1347/994/1438 1362/1027/1438
f 1341/1002/1439 1340/996/1439 1355/1028/1439 1356/1015/1439
f 1334/1004/1440 1333/999/1440 1348/1030/1440 1349/1017/1440
f 1361/1025/1441 1360/1023/1441 1375/1032/1441 1376/1033/1441
f 1354/1026/1442 1353/1024/1442 1368/1034/1442 1369/1035/1442
f 1362/1027/1443 1361/1025/1443 1376/1033/1443 1377/1036/1443
f 1355/1028/1444 1354/1026/1444 1369/1035/1444 1370/1037/1444
f 1348/1030/1445 1046/1038/1445 1363/1039/1445
f 1272/1040/1446 1362/1027/1446 1377/1036/1446
f 1356/1015/1447 1355/1028/1447 1370/1037/1447 1371/1041/1447
f 1349/1017/1448 1348/1030/1448 1363/1039/1448 1364/1042/1448
f 1357/1016/1449 1356/1015/1449 1371/1041/1449 1372/1043/1449
f 1350/1018/1450 1349/1017/1450 1364/1042/1450 1365/1044/1450
f 1358/1019/1451 1357/1016/1451 1372/1043/1451 1373/1045/1451
f 1351/1020/1452 1350/1018/1452 1365/1044/1452 1366/1046/1452
f 1359/1021/1453 1358/1019/1453 1373/1045/1453 1374/1047/1453
f 1352/1022/1454 1351/1020/1454 1366/1046/1454 1367/1048/1454
f 1360/1023/1455 1359/1021/1455 1374/1047/1455 1375/1032/1455
f 1353/1024/1456 1352/1022/1456 1367/1048/1456 1368/1034/1456
f 1373/1045/1457 1372/1043/1457 1387/1049/1457 1388/1050/1457
f 1366/1046/1458 1365/1044/1458 1380/1051/1458 1381/1052/1458
f 1374/1047/1459 1373/1045/1459 1388/1050/1459 1389/1053/1459
f 1367/1048/1460 1366/1046/1460 1381/1052/1460 1382/1054/1460
f 1375/1032/1461 1374/1047/1461 1389/1053/1461 1390/1055/1461
f 1368/1034/1462 1367/1048/1462 1382/1054/1462 1383/1056/1462
f 1376/1033/1463 1375/1032/1463 1390/1055/1463 1391/1057/1463
f 1369/1035/1464 1368/1034/1464 1383/1056/1464 1384/1058/1464
f 1377/1036/1465 1376/1033/1465 1391/1057/1465 1392/1059/1465
f 1370/1037/1466 1369/1035/1466 1384/1058/1466 1385/1060/1466
f 1363/1039/1467 1046/1061/1467 1378/1062/1467
f 1272/1063/1468 1377/1036/1468 1392/1059/1468
f 1371/1041/1469 1370/1037/1469 1385/1060/1469 1386/1064/1469
f 1364/1042/1470 1363/1039/1470 1378/1062/1470 1379/1065/1470
f 1372/1043/1471 1371/1041/1471 1386/1064/1471 1387/1049/1471
f 1365/1044/1472 1364/1042/1472 1379/1065/1472 1380/1051/1472
f 1392/1059/1473 1391/1057/1473 1406/1066/1473 1407/1067/1473
f 1385/1060/1474 1384/1058/1474 1399/1068/1474 1400/1069/1474
f 1378/1062/1475 1046/1070/1475 1393/1071/1475
f 1272/1072/1476 1392/1059/1476 1407/1067/1476
f 1386/1064/1477 1385/1060/1477 1400/1069/1477 1401/1073/1477
f 1379/1065/1478 1378/1062/1478 1393/1071/1478 1394/1074/1478
f 1387/1049/1479 1386/1064/1479 1401/1073/1479 1402/1075/1479
f 1380/1051/1480 1379/1065/1480 1394/1074/1480 1395/1076/1480
f 1388/1050/1481 1387/1049/1481 1402/1075/1481 1403/1077/1481
f 1381/1052/1482 1380/1051/1482 1395/1076/1482 1396/1078/1482
f 1389/1053/1483 1388/1050/1483 1403/1077/1483 1404/1079/1483
f 1382/1054/1484 1381/1052/1484 1396/1078/1484 1397/1080/1484
f 1390/1055/1485 1389/1053/1485 1404/1079/1485 1405/1081/1485
f 1383/1056/1486 1382/1054/1486 1397/1080/1486 1398/1082/1486
f 1391/1057/1487 1390/1055/1487 1405/1081/1487 1406/1066/1487
f 1384/1058/1488 1383/1056/1488 1398/1082/1488 1399/1068/1488
f 1396/1078/1489 1395/1076/1489 1410/1083/1489 1411/1084/1489
f 1404/1079/1490 1403/1077/1490 1418/1085/1490 1419/1086/1490
f 1397/1080/1491 1396/1078/1491 1411/1084/1491 1412/1087/1491
f 1405/1081/1492 1404/1079/1492 1419/1086/1492 1420/1088/1492
f 1398/1082/1493 1397/1080/1493 1412/1087/1493 1413/1089/1493
f 1406/1066/1494 1405/1081/1494 1420/1088/1494 1421/1090/1494
f 1399/1068/1495 1398/1082/1495 1413/1089/1495 1414/1091/1495
f 1407/1067/1496 1406/1066/1496 1421/1090/1496 1422/1092/1496
f 1400/1069/1497 1399/1068/1497 1414/1091/1497 1415/1093/1497
f 1393/1071/1498 1046/1094/1498 1408/1095/1498
f 1272/1096/1499 1407/1067/1499 1422/1092/1499
f 1401/1073/1500 1400/1069/1500 1415/1093/1500 1416/1097/1500
f 1394/1074/1501 1393/1071/1501 1408/1095/1501 1409/1098/1501
f 1402/1075/1502 1401/1073/1502 1416/1097/1502 1417/1099/1502
f 1395/1076/1503 1394/1074/1503 1409/1098/1503 1410/1083/1503
f 1403/1077/1504 1402/1075/1504 1417/1099/1504 1418/1085/1504
f 1415/1093/1505 1414/1091/1505 1429/1100/1505 1430/1101/1505
f 1408/1095/1506 1046/1102/1506 1423/1103/1506
f 1272/1104/1507 1422/1092/1507 1437/1105/1507
f 1416/1097/1508 1415/1093/1508 1430/1101/1508 1431/1106/1508
f 1409/1098/1509 1408/1095/1509 1423/1103/1509 1424/1107/1509
f 1417/1099/1510 1416/1097/1510 1431/1106/1510 1432/1108/1510
f 1410/1083/1511 1409/1098/1511 1424/1107/1511 1425/1109/1511
f 1418/1085/1512 1417/1099/1512 1432/1108/1512 1433/1110/1512
f 1411/1084/1513 1410/1083/1513 1425/1109/1513 1426/1111/1513
f 1419/1086/1514 1418/1085/1514 1433/1110/1514 1434/1112/1514
f 1412/1087/1515 1411/1084/1515 1426/1111/1515 1427/1113/1515
f 1420/1088/1516 1419/1086/1516 1434/1112/1516 1435/1114/1516
f 1413/1089/1517 1412/1087/1517 1427/1113/1517 1428/1115/1517
f 1421/1090/1518 1420/1088/1518 1435/1114/1518 1436/1116/1518
f 1414/1091/1519 1413/1089/1519 1428/1115/1519 1429/1100/1519
f 1422/1092/1520 1421/1090/1520 1436/1116/1520 1437/1105/1520
f 1434/1112/1521 1433/1110/1521 970/565/1521 1443/564/1521
f 1427/1113/1522 1426/1111/1522 1440/560/1522 966/568/1522
f 1435/1114/1523 1434/1112/1523 1443/564/1523 1444/570/1523
f 1428/1115/1524 1427/1113/1524 966/568/1524 1441/572/1524
f 1436/1116/1525 1435/1114/1525 1444/570/1525 1445/574/1525
f 1429/1100/1526 1428/1115/1526 1441/572/1526 967/576/1526
f 1437/1105/1527 1436/1116/1527 1445/574/1527 1446/578/1527
f 1430/1101/1528 1429/1100/1528 967/576/1528 968/580/1528
f 1423/1103/1529 1046/1117/1529 1438/582/1529
f 1272/1118/1530 1437/1105/1530 1446/578/1530
f 1431/1106/1531 1430/1101/1531 968/580/1531 969/586/1531
f 1424/1107/1532 1423/1103/1532 1438/582/1532 1439/588/1532
f 1432/1108/1533 1431/1106/1533 969/586/1533 1442/590/1533
f 1425/1109/1534 1424/1107/1534 1439/588/1534 965/561/1534
f 1433/1110/1535 1432/1108/1535 1442/590/1535 970/565/1535
f 1426/1111/1536 1425/1109/1536 965/561/1536 1440/560/1536
f 1922/560/1537 1456/563/1537 1455/562/1537 1447/561/1537
f 1925/564/1538 1464/567/1538 1463/566/1538 1452/565/1538
f 1448/568/1539 1457/569/1539 1456/563/1539 1922/560/1539
f 1926/570/1540 1465/571/1540 1464/567/1540 1925/564/1540
f 1923/572/1541 1458/573/1541 1457/569/1541 1448/568/1541
f 1927/574/1542 1466/575/1542 1465/571/1542 1926/570/1542
f 1449/576/1543 1459/577/1543 1458/573/1543 1923/572/1543
f 1928/578/1544 1467/579/1544 1466/575/1544 1927/574/1544
f 1450/580/1545 1460/581/1545 1459/577/1545 1449/576/1545
f 1920/582/1546 1453/584/1546 1528/583/1546
f 1754/585/1547 1467/579/1547 1928/578/1547
f 1451/586/1548 1461/587/1548 1460/581/1548 1450/580/1548
f 1921/588/1549 1454/589/1549 1453/584/1549 1920/582/1549
f 1924/590/1550 1462/591/1550 1461/587/1550 1451/586/1550
f 1447/561/1551 1455/562/1551 1454/589/1551 1921/588/1551
f 1452/565/1552 1463/566/1552 1462/591/1552 1924/590/1552
f 1455/562/1553 1470/593/1553 1469/592/1553 1454/589/1553
f 1463/566/1554 1478/595/1554 1477/594/1554 1462/591/1554
f 1456/563/1555 1471/596/1555 1470/593/1555 1455/562/1555
f 1464/567/1556 1479/597/1556 1478/595/1556 1463/566/1556
f 1457/569/1557 1472/598/1557 1471/596/1557 1456/563/1557
f 1465/571/1558 1480/599/1558 1479/597/1558 1464/567/1558
f 1458/573/1559 1473/600/1559 1472/598/1559 1457/569/1559
f 1466/575/1560 1481/601/1560 1480/599/1560 1465/571/1560
f 1459/577/1561 1474/602/1561 1473/600/1561 1458/573/1561
f 1467/579/1562 1482/603/1562 1481/601/1562 1466/575/1562
f 1460/581/1563 1475/604/1563 1474/602/1563 1459/577/1563
f 1453/584/1564 1468/606/1564 1528/605/1564
f 1754/607/1565 1482/603/1565 1467/579/1565
f 1461/587/1566 1476/608/1566 1475/604/1566 1460/581/1566
f 1454/589/1567 1469/592/1567 1468/606/1567 1453/584/1567
f 1462/591/1568 1477/594/1568 1476/608/1568 1461/587/1568
f 1474/602/1569 1489/610/1569 1488/609/1569 1473/600/1569
f 1482/603/1570 1497/612/1570 1496/611/1570 1481/601/1570
f 1475/604/1571 1490/613/1571 1489/610/1571 1474/602/1571
f 1468/606/1572 1483/615/1572 1528/614/1572
f 1754/616/1573 1497/612/1573 1482/603/1573
f 1476/608/1574 1491/617/1574 1490/613/1574 1475/604/1574
f 1469/592/1575 1484/618/1575 1483/615/1575 1468/606/1575
f 1477/594/1576 1492/619/1576 1491/617/1576 1476/608/1576
f 1470/593/1577 1485/620/1577 1484/618/1577 1469/592/1577
f 1478/595/1578 1493/621/1578 1492/619/1578 1477/594/1578
f 1471/596/1579 1486/622/1579 1485/620/1579 1470/593/1579
f 1479/597/1580 1494/623/1580 1493/621/1580 1478/595/1580
f 1472/598/1581 1487/624/1581 1486/622/1581 1471/596/1581
f 1480/599/1582 1495/625/1582 1494/623/1582 1479/597/1582
f 1473/600/1583 1488/609/1583 1487/624/1583 1472/598/1583
f 1481/601/1584 1496/611/1584 1495/625/1584 1480/599/1584
f 1493/621/1585 1508/627/1585 1507/626/1585 1492/619/1585
f 1486/622/1586 1501/629/1586 1500/628/1586 1485/620/1586
f 1494/623/1587 1509/630/1587 1508/627/1587 1493/621/1587
f 1487/624/1588 1502/631/1588 1501/629/1588 1486/622/1588
f 1495/625/1589 1510/632/1589 1509/630/1589 1494/623/1589
f 1488/609/1590 1503/633/1590 1502/631/1590 1487/624/1590
f 1496/611/1591 1511/634/1591 1510/632/1591 1495/625/1591
f 1489/610/1592 1504/635/1592 1503/633/1592 1488/609/1592
f 1497/612/1593 1512/636/1593 1511/634/1593 1496/611/1593
f 1490/613/1594 1505/637/1594 1504/635/1594 1489/610/1594
f 1483/615/1595 1498/639/1595 1528/638/1595
f 1754/640/1596 1512/636/1596 1497/612/1596
f 1491/617/1597 1506/641/1597 1505/637/1597 1490/613/1597
f 1484/618/1598 1499/642/1598 1498/639/1598 1483/615/1598
f 1492/619/1599 1507/626/1599 1506/641/1599 1491/617/1599
f 1485/620/1600 1500/628/1600 1499/642/1600 1484/618/1600
f 1512/636/1601 1527/644/1601 1526/643/1601 1511/634/1601
f 1505/637/1602 1520/646/1602 1519/645/1602 1504/635/1602
f 1498/639/1603 1513/648/1603 1528/647/1603
f 1754/649/1604 1527/644/1604 1512/636/1604
f 1506/641/1605 1521/650/1605 1520/646/1605 1505/637/1605
f 1499/642/1606 1514/651/1606 1513/648/1606 1498/639/1606
f 1507/626/1607 1522/652/1607 1521/650/1607 1506/641/1607
f 1500/628/1608 1515/653/1608 1514/651/1608 1499/642/1608
f 1508/627/1609 1523/654/1609 1522/652/1609 1507/626/1609
f 1501/629/1610 1516/655/1610 1515/653/1610 1500/628/1610
f 1509/630/1611 1524/656/1611 1523/654/1611 1508/627/1611
f 1502/631/1612 1517/657/1612 1516/655/1612 1501/629/1612
f 1510/632/1613 1525/658/1613 1524/656/1613 1509/630/1613
f 1503/633/1614 1518/659/1614 1517/657/1614 1502/631/1614
f 1511/634/1615 1526/643/1615 1525/658/1615 1510/632/1615
f 1504/635/1616 1519/645/1616 1518/659/1616 1503/633/1616
f 1516/655/1617 1532/661/1617 1531/660/1617 1515/653/1617
f 1524/656/1618 1540/663/1618 1539/662/1618 1523/654/1618
f 1517/657/1619 1533/664/1619 1532/661/1619 1516/655/1619
f 1525/658/1620 1541/665/1620 1540/663/1620 1524/656/1620
f 1518/659/1621 1534/666/1621 1533/664/1621 1517/657/1621
f 1526/643/1622 1542/667/1622 1541/665/1622 1525/658/1622
f 1519/645/1623 1535/668/1623 1534/666/1623 1518/659/1623
f 1527/644/1624 1543/669/1624 1542/667/1624 1526/643/1624
f 1520/646/1625 1536/670/1625 1535/668/1625 1519/645/1625
f 1513/648/1626 1529/672/1626 1528/671/1626
f 1754/673/1627 1543/669/1627 1527/644/1627
f 1521/650/1628 1537/674/1628 1536/670/1628 1520/646/1628
f 1514/651/1629 1530/675/1629 1529/672/1629 1513/648/1629
f 1522/652/1630 1538/676/1630 1537/674/1630 1521/650/1630
f 1515/653/1631 1531/660/1631 1530/675/1631 1514/651/1631
f 1523/654/1632 1539/662/1632 1538/676/1632 1522/652/1632
f 1536/670/1633 1551/678/1633 1550/677/1633 1535/668/1633
f 1529/672/1634 1544/680/1634 1528/679/1634
f 1754/681/1635 1558/682/1635 1543/669/1635
f 1537/674/1636 1552/683/1636 1551/678/1636 1536/670/1636
f 1530/675/1637 1545/684/1637 1544/680/1637 1529/672/1637
f 1538/676/1638 1553/685/1638 1552/683/1638 1537/674/1638
f 1531/660/1639 1546/686/1639 1545/684/1639 1530/675/1639
f 1539/662/1640 1554/687/1640 1553/685/1640 1538/676/1640
f 1532/661/1641 1547/688/1641 1546/686/1641 1531/660/1641
f 1540/663/1642 1555/689/1642 1554/687/1642 1539/662/1642
f 1533/664/1643 1548/690/1643 1547/688/1643 1532/661/1643
f 1541/665/1644 1556/691/1644 1555/689/1644 1540/663/1644
f 1534/666/1645 1549/692/1645 1548/690/1645 1533/664/1645
f 1542/667/1646 1557/693/1646 1556/691/1646 1541/665/1646
f 1535/668/1647 1550/677/1647 1549/692/1647 1534/666/1647
f 1543/669/1648 1558/682/1648 1557/693/1648 1542/667/1648
f 1555/689/1649 1570/695/1649 1569/694/1649 1554/687/1649
f 1548/690/1650 1563/697/1650 1562/696/1650 1547/688/1650
f 1556/691/1651 1571/698/1651 1570/695/1651 1555/689/1651
f 1549/692/1652 1564/699/1652 1563/697/1652 1548/690/1652
f 1557/693/1653 1572/700/1653 1571/698/1653 1556/691/1653
f 1550/677/1654 1565/701/1654 1564/699/1654 1549/692/1654
f 1558/682/1655 1573/702/1655 1572/700/1655 1557/693/1655
f 1551/678/1656 1566/703/1656 1565/701/1656 1550/677/1656
f 1544/680/1657 1559/705/1657 1528/704/1657
f 1754/706/1658 1573/702/1658 1558/682/1658
f 1552/683/1659 1567/707/1659 1566/703/1659 1551/678/1659
f 1545/684/1660 1560/708/1660 1559/705/1660 1544/680/1660
f 1553/685/1661 1568/709/1661 1567/707/1661 1552/683/1661
f 1546/686/1662 1561/710/1662 1560/708/1662 1545/684/1662
f 1554/687/1663 1569/694/1663 1568/709/1663 1553/685/1663
f 1547/688/1664 1562/696/1664 1561/710/1664 1546/686/1664
f 1754/711/1665 1588/712/1665 1573/702/1665
f 1567/707/1666 1582/714/1666 1581/713/1666 1566/703/1666
f 1560/708/1667 1575/716/1667 1574/715/1667 1559/705/1667
f 1568/709/1668 1583/717/1668 1582/714/1668 1567/707/1668
f 1561/710/1669 1576/718/1669 1575/716/1669 1560/708/1669
f 1569/694/1670 1584/719/1670 1583/717/1670 1568/709/1670
f 1562/696/1671 1577/720/1671 1576/718/1671 1561/710/1671
f 1570/695/1672 1585/721/1672 1584/719/1672 1569/694/1672
f 1563/697/1673 1578/722/1673 1577/720/1673 1562/696/1673
f 1571/698/1674 1586/723/1674 1585/721/1674 1570/695/1674
f 1564/699/1675 1579/724/1675 1578/722/1675 1563/697/1675
f 1572/700/1676 1587/725/1676 1586/723/1676 1571/698/1676
f 1565/701/1677 1580/726/1677 1579/724/1677 1564/699/1677
f 1573/702/1678 1588/712/1678 1587/725/1678 1572/700/1678
f 1566/703/1679 1581/713/1679 1580/726/1679 1565/701/1679
f 1559/705/1680 1574/715/1680 1528/727/1680
f 1586/723/1681 1601/729/1681 1600/728/1681 1585/721/1681
f 1579/724/1682 1594/731/1682 1593/730/1682 1578/722/1682
f 1587/725/1683 1602/732/1683 1601/729/1683 1586/723/1683
f 1580/726/1684 1595/733/1684 1594/731/1684 1579/724/1684
f 1588/712/1685 1603/734/1685 1602/732/1685 1587/725/1685
f 1581/713/1686 1596/735/1686 1595/733/1686 1580/726/1686
f 1574/715/1687 1589/737/1687 1528/736/1687
f 1754/738/1688 1603/734/1688 1588/712/1688
f 1582/714/1689 1597/739/1689 1596/735/1689 1581/713/1689
f 1575/716/1690 1590/740/1690 1589/737/1690 1574/715/1690
f 1583/717/1691 1598/741/1691 1597/739/1691 1582/714/1691
f 1576/718/1692 1591/742/1692 1590/740/1692 1575/716/1692
f 1584/719/1693 1599/743/1693 1598/741/1693 1583/717/1693
f 1577/720/1694 1592/744/1694 1591/742/1694 1576/718/1694
f 1585/721/1695 1600/728/1695 1599/743/1695 1584/719/1695
f 1578/722/1696 1593/730/1696 1592/744/1696 1577/720/1696
f 1590/740/1697 1605/746/1697 1604/745/1697 1589/737/1697
f 1598/741/1698 1613/748/1698 1612/747/1698 1597/739/1698
f 1591/742/1699 1606/749/1699 1605/746/1699 1590/740/1699
f 1599/743/1700 1614/750/1700 1613/748/1700 1598/741/1700
f 1592/744/1701 1607/751/1701 1606/749/1701 1591/742/1701
f 1600/728/1702 1615/752/1702 1614/750/1702 1599/743/1702
f 1593/730/1703 1608/753/1703 1607/751/1703 1592/744/1703
f 1601/729/1704 1616/754/1704 1615/752/1704 1600/728/1704
f 1594/731/1705 1609/755/1705 1608/753/1705 1593/730/1705
f 1602/732/1706 1617/756/1706 1616/754/1706 1601/729/1706
f 1595/733/1707 1610/757/1707 1609/755/1707 1594/731/1707
f 1603/734/1708 1618/758/1708 1617/756/1708 1602/732/1708
f 1596/735/1709 1611/759/1709 1610/757/1709 1595/733/1709
f 1589/737/1710 1604/745/1710 1528/760/1710
f 1754/761/1711 1618/758/1711 1603/734/1711
f 1597/739/1712 1612/747/1712 1611/759/1712 1596/735/1712
f 1609/755/1713 1624/763/1713 1623/762/1713 1608/753/1713
f 1617/756/1714 1632/765/1714 1631/764/1714 1616/754/1714
f 1610/757/1715 1625/766/1715 1624/763/1715 1609/755/1715
f 1618/758/1716 1633/767/1716 1632/765/1716 1617/756/1716
f 1611/759/1717 1626/768/1717 1625/766/1717 1610/757/1717
f 1604/745/1718 1619/770/1718 1528/769/1718
f 1754/771/1719 1633/767/1719 1618/758/1719
f 1612/747/1720 1627/772/1720 1626/768/1720 1611/759/1720
f 1605/746/1721 1620/773/1721 1619/770/1721 1604/745/1721
f 1613/748/1722 1628/774/1722 1627/772/1722 1612/747/1722
f 1606/749/1723 1621/775/1723 1620/773/1723 1605/746/1723
f 1614/750/1724 1629/776/1724 1628/774/1724 1613/748/1724
f 1607/751/1725 1622/777/1725 1621/775/1725 1606/749/1725
f 1615/752/1726 1630/778/1726 1629/776/1726 1614/750/1726
f 1608/753/1727 1623/762/1727 1622/777/1727 1607/751/1727
f 1616/754/1728 1631/764/1728 1630/778/1728 1615/752/1728
f 1628/774/1729 1643/780/1729 1642/779/1729 1627/772/1729
f 1621/775/1730 1636/782/1730 1635/781/1730 1620/773/1730
f 1629/776/1731 1644/783/1731 1643/780/1731 1628/774/1731
f 1622/777/1732 1637/784/1732 1636/782/1732 1621/775/1732
f 1630/778/1733 1645/785/1733 1644/783/1733 1629/776/1733
f 1623/762/1734 1638/786/1734 1637/784/1734 1622/777/1734
f 1631/764/1735 1646/787/1735 1645/785/1735 1630/778/1735
f 1624/763/1736 1639/788/1736 1638/786/1736 1623/762/1736
f 1632/765/1737 1647/789/1737 1646/787/1737 1631/764/1737
f 1625/766/1738 1640/790/1738 1639/788/1738 1624/763/1738
f 1633/767/1739 1648/791/1739 1647/789/1739 1632/765/1739
f 1626/768/1740 1641/792/1740 1640/790/1740 1625/766/1740
f 1619/770/1741 1634/794/1741 1528/793/1741
f 1754/795/1742 1648/791/1742 1633/767/1742
f 1627/772/1743 1642/779/1743 1641/792/1743 1626/768/1743
f 1620/773/1744 1635/781/1744 1634/794/1744 1619/770/1744
f 1647/789/1745 1662/797/1745 1661/796/1745 1646/787/1745
f 1640/790/1746 1655/799/1746 1654/798/1746 1639/788/1746
f 1648/791/1747 1663/800/1747 1662/797/1747 1647/789/1747
f 1641/792/1748 1656/801/1748 1655/799/1748 1640/790/1748
f 1634/794/1749 1649/803/1749 1528/802/1749
f 1754/804/1750 1663/800/1750 1648/791/1750
f 1642/779/1751 1657/805/1751 1656/801/1751 1641/792/1751
f 1635/781/1752 1650/806/1752 1649/803/1752 1634/794/1752
f 1643/780/1753 1658/807/1753 1657/805/1753 1642/779/1753
f 1636/782/1754 1651/808/1754 1650/806/1754 1635/781/1754
f 1644/783/1755 1659/809/1755 1658/807/1755 1643/780/1755
f 1637/784/1756 1652/810/1756 1651/808/1756 1636/782/1756
f 1645/785/1757 1660/811/1757 1659/809/1757 1644/783/1757
f 1638/786/1758 1653/812/1758 1652/810/1758 1637/784/1758
f 1646/787/1759 1661/796/1759 1660/811/1759 1645/785/1759
f 1639/788/1760 1654/798/1760 1653/812/1760 1638/786/1760
f 1651/808/1761 1666/814/1761 1665/813/1761 1650/806/1761
f 1659/809/1762 1674/816/1762 1673/815/1762 1658/807/1762
f 1652/810/1763 1667/817/1763 1666/814/1763 1651/808/1763
f 1660/811/1764 1675/818/1764 1674/816/1764 1659/809/1764
f 1653/812/1765 1668/819/1765 1667/817/1765 1652/810/1765
f 1661/796/1766 1676/820/1766 1675/818/1766 1660/811/1766
f 1654/798/1767 1669/821/1767 1668/819/1767 1653/812/1767
f 1662/797/1768 1677/822/1768 1676/820/1768 1661/796/1768
f 1655/799/1769 1670/823/1769 1669/821/1769 1654/798/1769
f 1663/800/1770 1678/824/1770 1677/822/1770 1662/797/1770
f 1656/801/1771 1671/825/1771 1670/823/1771 1655/799/1771
f 1649/803/1772 1664/827/1772 1528/826/1772
f 1754/828/1773 1678/824/1773 1663/800/1773
f 1657/805/1774 1672/829/1774 1671/825/1774 1656/801/1774
f 1650/806/1775 1665/813/1775 1664/827/1775 1649/803/1775
f 1658/807/1776 1673/815/1776 1672/829/1776 1657/805/1776
f 1670/823/1777 1685/831/1777 1684/830/1777 1669/821/1777
f 1678/824/1778 1693/833/1778 1692/832/1778 1677/822/1778
f 1671/825/1779 1686/834/1779 1685/831/1779 1670/823/1779
f 1664/827/1780 1679/836/1780 1528/835/1780
f 1754/837/1781 1693/833/1781 1678/824/1781
f 1672/829/1782 1687/838/1782 1686/834/1782 1671/825/1782
f 1665/813/1783 1680/839/1783 1679/836/1783 1664/827/1783
f 1673/815/1784 1688/840/1784 1687/838/1784 1672/829/1784
f 1666/814/1785 1681/841/1785 1680/839/1785 1665/813/1785
f 1674/816/1786 1689/842/1786 1688/840/1786 1673/815/1786
f 1667/817/1787 1682/843/1787 1681/841/1787 1666/814/1787
f 1675/818/1788 1690/844/1788 1689/842/1788 1674/816/1788
f 1668/819/1789 1683/845/1789 1682/843/1789 1667/817/1789
f 1676/820/1790 1691/846/1790 1690/844/1790 1675/818/1790
f 1669/821/1791 1684/830/1791 1683/845/1791 1668/819/1791
f 1677/822/1792 1692/832/1792 1691/846/1792 1676/820/1792
f 1689/842/1793 1704/848/1793 1703/847/1793 1688/840/1793
f 1682/843/1794 1697/850/1794 1696/849/1794 1681/841/1794
f 1690/844/1795 1705/851/1795 1704/848/1795 1689/842/1795
f 1683/845/1796 1698/852/1796 1697/850/1796 1682/843/1796
f 1691/846/1797 1706/853/1797 1705/851/1797 1690/844/1797
f 1684/830/1798 1699/854/1798 1698/852/1798 1683/845/1798
f 1692/832/1799 1707/855/1799 1706/853/1799 1691/846/1799
f 1685/831/1800 1700/856/1800 1699/854/1800 1684/830/1800
f 1693/833/1801 1708/857/1801 1707/855/1801 1692/832/1801
f 1686/834/1802 1701/858/1802 1700/856/1802 1685/831/1802
f 1679/836/1803 1694/860/1803 1528/859/1803
f 1754/861/1804 1708/857/1804 1693/833/1804
f 1687/838/1805 1702/862/1805 1701/858/1805 1686/834/1805
f 1680/839/1806 1695/863/1806 1694/860/1806 1679/836/1806
f 1688/840/1807 1703/847/1807 1702/862/1807 1687/838/1807
f 1681/841/1808 1696/849/1808 1695/863/1808 1680/839/1808
f 1708/857/1809 1723/865/1809 1722/864/1809 1707/855/1809
f 1701/858/1810 1716/867/1810 1715/866/1810 1700/856/1810
f 1694/860/1811 1709/869/1811 1528/868/1811
f 1754/870/1812 1723/865/1812 1708/857/1812
f 1702/862/1813 1717/871/1813 1716/867/1813 1701/858/1813
f 1695/863/1814 1710/872/1814 1709/869/1814 1694/860/1814
f 1703/847/1815 1718/873/1815 1717/871/1815 1702/862/1815
f 1696/849/1816 1711/874/1816 1710/872/1816 1695/863/1816
f 1704/848/1817 1719/875/1817 1718/873/1817 1703/847/1817
f 1697/850/1818 1712/876/1818 1711/874/1818 1696/849/1818
f 1705/851/1819 1720/877/1819 1719/875/1819 1704/848/1819
f 1698/852/1820 1713/878/1820 1712/876/1820 1697/850/1820
f 1706/853/1821 1721/879/1821 1720/877/1821 1705/851/1821
f 1699/854/1822 1714/880/1822 1713/878/1822 1698/852/1822
f 1707/855/1823 1722/864/1823 1721/879/1823 1706/853/1823
f 1700/856/1824 1715/866/1824 1714/880/1824 1699/854/1824
f 1720/877/1825 1735/882/1825 1734/881/1825 1719/875/1825
f 1713/878/1826 1728/884/1826 1727/883/1826 1712/876/1826
f 1721/879/1827 1736/885/1827 1735/882/1827 1720/877/1827
f 1714/880/1828 1729/886/1828 1728/884/1828 1713/878/1828
f 1722/864/1829 1737/887/1829 1736/885/1829 1721/879/1829
f 1715/866/1830 1730/888/1830 1729/886/1830 1714/880/1830
f 1723/865/1831 1738/889/1831 1737/887/1831 1722/864/1831
f 1716/867/1832 1731/890/1832 1730/888/1832 1715/866/1832
f 1709/869/1833 1724/892/1833 1528/891/1833
f 1754/893/1834 1738/889/1834 1723/865/1834
f 1717/871/1835 1732/894/1835 1731/890/1835 1716/867/1835
f 1710/872/1836 1725/895/1836 1724/892/1836 1709/869/1836
f 1718/873/1837 1733/896/1837 1732/894/1837 1717/871/1837
f 1711/874/1838 1726/897/1838 1725/895/1838 1710/872/1838
f 1719/875/1839 1734/881/1839 1733/896/1839 1718/873/1839
f 1712/876/1840 1727/883/1840 1726/897/1840 1711/874/1840
f 1724/892/1841 1739/899/1841 1528/898/1841
f 1754/900/1842 1753/901/1842 1738/889/1842
f 1732/894/1843 1747/903/1843 1746/902/1843 1731/890/1843
f 1725/895/1844 1740/904/1844 1739/899/1844 1724/892/1844
f 1733/896/1845 1748/905/1845 1747/903/1845 1732/894/1845
f 1726/897/1846 1741/906/1846 1740/904/1846 1725/895/1846
f 1734/881/1847 1749/907/1847 1748/905/1847 1733/896/1847
f 1727/883/1848 1742/908/1848 1741/906/1848 1726/897/1848
f 1735/882/1849 1750/909/1849 1749/907/1849 1734/881/1849
f 1728/884/1850 1743/910/1850 1742/908/1850 1727/883/1850
f 1736/885/1851 1751/911/1851 1750/909/1851 1735/882/1851
f 1729/886/1852 1744/912/1852 1743/910/1852 1728/884/1852
f 1737/887/1853 1752/913/1853 1751/911/1853 1736/885/1853
f 1730/888/1854 1745/914/1854 1744/912/1854 1729/886/1854
f 1738/889/1855 1753/901/1855 1752/913/1855 1737/887/1855
f 1731/890/1856 1746/902/1856 1745/914/1856 1730/888/1856
f 1743/910/1857 1759/916/1857 1758/915/1857 1742/908/1857
f 1751/911/1858 1767/918/1858 1766/917/1858 1750/909/1858
f 1744/912/1859 1760/919/1859 1759/916/1859 1743/910/1859
f 1752/913/1860 1768/920/1860 1767/918/1860 1751/911/1860
f 1745/914/1861 1761/921/1861 1760/919/1861 1744/912/1861
f 1753/901/1862 1769/922/1862 1768/920/1862 1752/913/1862
f 1746/902/1863 1762/923/1863 1761/921/1863 1745/914/1863
f 1739/899/1864 1755/925/1864 1528/924/1864
f 1754/926/1865 1769/922/1865 1753/901/1865
f 1747/903/1866 1763/927/1866 1762/923/1866 1746/902/1866
f 1740/904/1867 1756/928/1867 1755/925/1867 1739/899/1867
f 1748/905/1868 1764/929/1868 1763/927/1868 1747/903/1868
f 1741/906/1869 1757/930/1869 1756/928/1869 1740/904/1869
f 1749/907/1870 1765/931/1870 1764/929/1870 1748/905/1870
f 1742/908/1871 1758/915/1871 1757/930/1871 1741/906/1871
f 1750/909/1872 1766/917/1872 1765/931/1872 1749/907/1872
f 1763/927/1873 1778/933/1873 1777/932/1873 1762/923/1873
f 1756/928/1874 1771/935/1874 1770/934/1874 1755/925/1874
f 1764/929/1875 1779/936/1875 1778/933/1875 1763/927/1875
f 1757/930/1876 1772/937/1876 1771/935/1876 1756/928/1876
f 1765/931/1877 1780/938/1877 1779/936/1877 1764/929/1877
f 1758/915/1878 1773/939/1878 1772/937/1878 1757/930/1878
f 1766/917/1879 1781/940/1879 1780/938/1879 1765/931/1879
f 1759/916/1880 1774/941/1880 1773/939/1880 1758/915/1880
f 1767/918/1881 1782/942/1881 1781/940/1881 1766/917/1881
f 1760/919/1882 1775/943/1882 1774/941/1882 1759/916/1882
f 1768/920/1883 1783/944/1883 1782/942/1883 1767/918/1883
f 1761/921/1884 1776/945/1884 1775/943/1884 1760/919/1884
f 1769/922/1885 1784/946/1885 1783/944/1885 1768/920/1885
f 1762/923/1886 1777/932/1886 1776/945/1886 1761/921/1886
f 1755/925/1887 1770/934/1887 1528/947/1887
f 1754/948/1888 1784/946/1888 1769/922/1888
f 1782/942/1889 1797/950/1889 1796/949/1889 1781/940/1889
f 1775/943/1890 1790/952/1890 1789/951/1890 1774/941/1890
f 1783/944/1891 1798/953/1891 1797/950/1891 1782/942/1891
f 1776/945/1892 1791/954/1892 1790/952/1892 1775/943/1892
f 1784/946/1893 1799/955/1893 1798/953/1893 1783/944/1893
f 1777/932/1894 1792/956/1894 1791/954/1894 1776/945/1894
f 1770/934/1895 1785/958/1895 1528/957/1895
f 1754/959/1896 1799/955/1896 1784/946/1896
f 1778/933/1897 1793/960/1897 1792/956/1897 1777/932/1897
f 1771/935/1898 1786/961/1898 1785/958/1898 1770/934/1898
f 1779/936/1899 1794/962/1899 1793/960/1899 1778/933/1899
f 1772/937/1900 1787/963/1900 1786/961/1900 1771/935/1900
f 1780/938/1901 1795/964/1901 1794/962/1901 1779/936/1901
f 1773/939/1902 1788/965/1902 1787/963/1902 1772/937/1902
f 1781/940/1903 1796/949/1903 1795/964/1903 1780/938/1903
f 1774/941/1904 1789/951/1904 1788/965/1904 1773/939/1904
f 1786/961/1905 1801/967/1905 1800/966/1905 1785/958/1905
f 1794/962/1906 1809/969/1906 1808/968/1906 1793/960/1906
f 1787/963/1907 1802/970/1907 1801/967/1907 1786/961/1907
f 1795/964/1908 1810/971/1908 1809/969/1908 1794/962/1908
f 1788/965/1909 1803/972/1909 1802/970/1909 1787/963/1909
f 1796/949/1910 1811/973/1910 1810/971/1910 1795/964/1910
f 1789/951/1911 1804/974/1911 1803/972/1911 1788/965/1911
f 1797/950/1912 1812/975/1912 1811/973/1912 1796/949/1912
f 1790/952/1913 1805/976/1913 1804/974/1913 1789/951/1913
f 1798/953/1914 1813/977/1914 1812/975/1914 1797/950/1914
f 1791/954/1915 1806/978/1915 1805/976/1915 1790/952/1915
f 1799/955/1916 1814/979/1916 1813/977/1916 1798/953/1916
f 1792/956/1917 1807/980/1917 1806/978/1917 1791/954/1917
f 1785/958/1918 1800/966/1918 1528/981/1918
f 1754/982/1919 1814/979/1919 1799/955/1919
f 1793/960/1920 1808/968/1920 1807/980/1920 1792/956/1920
f 1805/983/1921 1820/986/1921 1819/985/1921 1804/984/1921
f 1813/987/1922 1828/990/1922 1827/989/1922 1812/988/1922
f 1806/991/1923 1821/992/1923 1820/986/1923 1805/983/1923
f 1814/993/1924 1829/994/1924 1828/990/1924 1813/987/1924
f 1807/995/1925 1822/996/1925 1821/992/1925 1806/991/1925
f 1800/997/1926 1815/999/1926 1528/998/1926
f 1754/1000/1927 1829/994/1927 1814/993/1927
f 1808/1001/1928 1823/1002/1928 1822/996/1928 1807/995/1928
f 1801/1003/1929 1816/1004/1929 1815/999/1929 1800/997/1929
f 1809/1005/1930 1824/1006/1930 1823/1002/1930 1808/1001/1930
f 1802/1007/1931 1817/1008/1931 1816/1004/1931 1801/1003/1931
f 1810/1009/1932 1825/1010/1932 1824/1006/1932 1809/1005/1932
f 1803/1011/1933 1818/1012/1933 1817/1008/1933 1802/1007/1933
f 1811/1013/1934 1826/1014/1934 1825/1010/1934 1810/1009/1934
f 1804/984/1935 1819/985/1935 1818/1012/1935 1803/1011/1935
f 1812/988/1936 1827/989/1936 1826/1014/1936 1811/1013/1936
f 1824/1006/1937 1839/1016/1937 1838/1015/1937 1823/1002/1937
f 1817/1008/1938 1832/1018/1938 1831/1017/1938 1816/1004/1938
f 1825/1010/1939 1840/1019/1939 1839/1016/1939 1824/1006/1939
f 1818/1012/1940 1833/1020/1940 1832/1018/1940 1817/1008/1940
f 1826/1014/1941 1841/1021/1941 1840/1019/1941 1825/1010/1941
f 1819/985/1942 1834/1022/1942 1833/1020/1942 1818/1012/1942
f 1827/989/1943 1842/1023/1943 1841/1021/1943 1826/1014/1943
f 1820/986/1944 1835/1024/1944 1834/1022/1944 1819/985/1944
f 1828/990/1945 1843/1025/1945 1842/1023/1945 1827/989/1945
f 1821/992/1946 1836/1026/1946 1835/1024/1946 1820/986/1946
f 1829/994/1947 1844/1027/1947 1843/1025/1947 1828/990/1947
f 1822/996/1948 1837/1028/1948 1836/1026/1948 1821/992/1948
f 1815/999/1949 1830/1030/1949 1528/1029/1949
f 1754/1031/1950 1844/1027/1950 1829/994/1950
f 1823/1002/1951 1838/1015/1951 1837/1028/1951 1822/996/1951
f 1816/1004/1952 1831/1017/1952 1830/1030/1952 1815/999/1952
f 1843/1025/1953 1858/1033/1953 1857/1032/1953 1842/1023/1953
f 1836/1026/1954 1851/1035/1954 1850/1034/1954 1835/1024/1954
f 1844/1027/1955 1859/1036/1955 1858/1033/1955 1843/1025/1955
f 1837/1028/1956 1852/1037/1956 1851/1035/1956 1836/1026/1956
f 1830/1030/1957 1845/1039/1957 1528/1038/1957
f 1754/1040/1958 1859/1036/1958 1844/1027/1958
f 1838/1015/1959 1853/1041/1959 1852/1037/1959 1837/1028/1959
f 1831/1017/1960 1846/1042/1960 1845/1039/1960 1830/1030/1960
f 1839/1016/1961 1854/1043/1961 1853/1041/1961 1838/1015/1961
f 1832/1018/1962 1847/1044/1962 1846/1042/1962 1831/1017/1962
f 1840/1019/1963 1855/1045/1963 1854/1043/1963 1839/1016/1963
f 1833/1020/1964 1848/1046/1964 1847/1044/1964 1832/1018/1964
f 1841/1021/1965 1856/1047/1965 1855/1045/1965 1840/1019/1965
f 1834/1022/1966 1849/1048/1966 1848/1046/1966 1833/1020/1966
f 1842/1023/1967 1857/1032/1967 1856/1047/1967 1841/1021/1967
f 1835/1024/1968 1850/1034/1968 1849/1048/1968 1834/1022/1968
f 1855/1045/1969 1870/1050/1969 1869/1049/1969 1854/1043/1969
f 1848/1046/1970 1863/1052/1970 1862/1051/1970 1847/1044/1970
f 1856/1047/1971 1871/1053/1971 1870/1050/1971 1855/1045/1971
f 1849/1048/1972 1864/1054/1972 1863/1052/1972 1848/1046/1972
f 1857/1032/1973 1872/1055/1973 1871/1053/1973 1856/1047/1973
f 1850/1034/1974 1865/1056/1974 1864/1054/1974 1849/1048/1974
f 1858/1033/1975 1873/1057/1975 1872/1055/1975 1857/1032/1975
f 1851/1035/1976 1866/1058/1976 1865/1056/1976 1850/1034/1976
f 1859/1036/1977 1874/1059/1977 1873/1057/1977 1858/1033/1977
f 1852/1037/1978 1867/1060/1978 1866/1058/1978 1851/1035/1978
f 1845/1039/1979 1860/1062/1979 1528/1061/1979
f 1754/1063/1980 1874/1059/1980 1859/1036/1980
f 1853/1041/1981 1868/1064/1981 1867/1060/1981 1852/1037/1981
f 1846/1042/1982 1861/1065/1982 1860/1062/1982 1845/1039/1982
f 1854/1043/1983 1869/1049/1983 1868/1064/1983 1853/1041/1983
f 1847/1044/1984 1862/1051/1984 1861/1065/1984 1846/1042/1984
f 1874/1059/1985 1889/1067/1985 1888/1066/1985 1873/1057/1985
f 1867/1060/1986 1882/1069/1986 1881/1068/1986 1866/1058/1986
f 1860/1062/1987 1875/1071/1987 1528/1070/1987
f 1754/1072/1988 1889/1067/1988 1874/1059/1988
f 1868/1064/1989 1883/1073/1989 1882/1069/1989 1867/1060/1989
f 1861/1065/1990 1876/1074/1990 1875/1071/1990 1860/1062/1990
f 1869/1049/1991 1884/1075/1991 1883/1073/1991 1868/1064/1991
f 1862/1051/1992 1877/1076/1992 1876/1074/1992 1861/1065/1992
f 1870/1050/1993 1885/1077/1993 1884/1075/1993 1869/1049/1993
f 1863/1052/1994 1878/1078/1994 1877/1076/1994 1862/1051/1994
f 1871/1053/1995 1886/1079/1995 1885/1077/1995 1870/1050/1995
f 1864/1054/1996 1879/1080/1996 1878/1078/1996 1863/1052/1996
f 1872/1055/1997 1887/1081/1997 1886/1079/1997 1871/1053/1997
f 1865/1056/1998 1880/1082/1998 1879/1080/1998 1864/1054/1998
f 1873/1057/1999 1888/1066/1999 1887/1081/1999 1872/1055/1999
f 1866/1058/2000 1881/1068/2000 1880/1082/2000 1865/1056/2000
f 1878/1078/2001 1893/1084/2001 1892/1083/2001 1877/1076/2001
f 1886/1079/2002 1901/1086/2002 1900/1085/2002 1885/1077/2002
f 1879/1080/2003 1894/1087/2003 1893/1084/2003 1878/1078/2003
f 1887/1081/2004 1902/1088/2004 1901/1086/2004 1886/1079/2004
f 1880/1082/2005 1895/1089/2005 1894/1087/2005 1879/1080/2005
f 1888/1066/2006 1903/1090/2006 1902/1088/2006 1887/1081/2006
f 1881/1068/2007 1896/1091/2007 1895/1089/2007 1880/1082/2007
f 1889/1067/2008 1904/1092/2008 1903/1090/2008 1888/1066/2008
f 1882/1069/2009 1897/1093/2009 1896/1091/2009 1881/1068/2009
f 1875/1071/2010 1890/1095/2010 1528/1094/2010
f 1754/1096/2011 1904/1092/2011 1889/1067/2011
f 1883/1073/2012 1898/1097/2012 1897/1093/2012 1882/1069/2012
f 1876/1074/2013 1891/1098/2013 1890/1095/2013 1875/1071/2013
f 1884/1075/2014 1899/1099/2014 1898/1097/2014 1883/1073/2014
f 1877/1076/2015 1892/1083/2015 1891/1098/2015 1876/1074/2015
f 1885/1077/2016 1900/1085/2016 1899/1099/2016 1884/1075/2016
f 1897/1093/2017 1912/1101/2017 1911/1100/2017 1896/1091/2017
f 1890/1095/2018 1905/1103/2018 1528/1102/2018
f 1754/1104/2019 1919/1105/2019 1904/1092/2019
f 1898/1097/2020 1913/1106/2020 1912/1101/2020 1897/1093/2020
f 1891/1098/2021 1906/1107/2021 1905/1103/2021 1890/1095/2021
f 1899/1099/2022 1914/1108/2022 1913/1106/2022 1898/1097/2022
f 1892/1083/2023 1907/1109/2023 1906/1107/2023 1891/1098/2023
f 1900/1085/2024 1915/1110/2024 1914/1108/2024 1899/1099/2024
f 1893/1084/2025 1908/1111/2025 1907/1109/2025 1892/1083/2025
f 1901/1086/2026 1916/1112/2026 1915/1110/2026 1900/1085/2026
f 1894/1087/2027 1909/1113/2027 1908/1111/2027 1893/1084/2027
f 1902/1088/2028 1917/1114/2028 1916/1112/2028 1901/1086/2028
f 1895/1089/2029 1910/1115/2029 1909/1113/2029 1894/1087/2029
f 1903/1090/2030 1918/1116/2030 1917/1114/2030 1902/1088/2030
f 1896/1091/2031 1911/1100/2031 1910/1115/2031 1895/1089/2031
f 1904/1092/2032 1919/1105/2032 1918/1116/2032 1903/1090/2032
f 1916/1112/2033 1925/564/2033 1452/565/2033 1915/1110/2033
f 1909/1113/2034 1448/568/2034 1922/560/2034 1908/1111/2034
f 1917/1114/2035 1926/570/2035 1925/564/2035 1916/1112/2035
f 1910/1115/2036 1923/572/2036 1448/568/2036 1909/1113/2036
f 1918/1116/2037 1927/574/2037 1926/570/2037 1917/1114/2037
f 1911/1100/2038 1449/576/2038 1923/572/2038 1910/1115/2038
f 1919/1105/2039 1928/578/2039 1927/574/2039 1918/1116/2039
f 1912/1101/2040 1450/580/2040 1449/576/2040 1911/1100/2040
f 1905/1103/2041 1920/582/2041 1528/1117/2041
f 1754/1118/2042 1928/578/2042 1919/1105/2042
f 1913/1106/2043 1451/586/2043 1450/580/2043 1912/1101/2043
f 1906/1107/2044 1921/588/2044 1920/582/2044 1905/1103/2044
f 1914/1108/2045 1924/590/2045 1451/586/2045 1913/1106/2045
f 1907/1109/2046 1447/561/2046 1921/588/2046 1906/1107/2046
f 1915/1110/2047 1452/565/2047 1924/590/2047 1914/1108/2047
f 1908/1111/2048 1922/560/2048 1447/561/2048 1907/1109/2048
o Plane
v 1.052917 0.416750 -0.122962
v 1.111071 0.268985 -0.116697
v 1.077994 0.434765 0.000000
v 1.130834 0.280329 0.000000
v 1.103338 0.365942 0.000000
v 1.017093 0.426441 -0.186795
v 1.058379 0.269322 -0.186846
v 0.971759 0.465095 -0.265001
v 0.974525 0.318196 -0.297834
v 0.927226 0.511476 -0.366612
v 0.927669 0.398728 -0.388012
v 0.537255 0.488919 -0.743838
v 0.884575 0.532378 -0.444275
v 0.883814 0.423401 -0.462941
v 0.843673 0.539692 -0.499207
v 0.842523 0.434708 -0.514896
v 0.785062 0.544798 -0.565290
v 0.776194 0.439265 -0.573551
v 0.730237 0.563456 -0.624794
v 0.702772 0.460392 -0.634091
v 0.660467 0.588684 -0.695200
v 0.644881 0.494122 -0.689356
v 0.547672 0.585241 -0.767166
v 0.529624 0.510737 -0.764629
v 0.407732 0.549447 -0.812500
v 0.468374 0.491121 -0.788010
v 0.361090 0.529237 -0.818175
v 0.405743 0.442076 -0.791941
v 0.311857 0.453488 -0.835694
v 0.392441 0.410372 -0.796028
v 0.311148 0.337075 -0.825233
v 0.395166 0.363704 -0.803409
v 0.375765 0.265880 -0.814508
v 0.422600 0.324188 -0.798002
v 0.452004 0.236889 -0.790091
v 0.461214 0.299074 -0.780191
v 0.505519 0.223635 -0.755858
v 0.512848 0.289169 -0.740201
v 0.571861 0.220970 -0.701772
v 0.565155 0.283513 -0.698230
v 0.622086 0.214680 -0.670260
v 0.607300 0.272158 -0.664284
v 0.680321 0.216313 -0.631637
v 0.674785 0.255625 -0.622476
v 0.721962 0.194482 -0.609490
v 0.732840 0.243741 -0.601402
v 0.753763 0.165064 -0.588073
v 0.777150 0.215611 -0.573391
v 0.799210 0.142010 -0.546355
v 0.823184 0.193720 -0.532303
v 0.842793 0.108764 -0.494575
v 0.856685 0.167360 -0.490341
v 0.895380 0.096690 -0.418772
v 0.903130 0.153776 -0.413558
v 0.949490 0.096205 -0.345609
v 0.930793 0.168095 -0.362564
v 0.989468 0.134001 -0.295258
v 0.971980 0.190073 -0.307216
v 1.027192 0.167835 -0.247252
v 0.987383 0.223808 -0.285304
v 1.049895 0.217074 -0.211012
v 0.993743 0.256454 -0.274715
v 0.742406 0.393006 -0.579568
v 0.687057 0.420254 -0.625185
v 0.704928 0.363567 -0.587476
v 0.658010 0.388016 -0.622589
v 0.607148 0.317513 -0.650970
v 0.665501 0.303652 -0.616950
v 0.624947 0.351891 -0.631301
v 0.678562 0.341951 -0.598294
v 1.148426 0.185488 -0.094943
v 1.156523 0.199665 0.000000
v 1.168809 0.120078 -0.085517
v 1.181927 0.124494 0.000000
v 1.187415 0.042558 -0.083727
v 1.209668 0.044810 0.000000
v 1.191877 -0.046859 -0.078165
v 1.214843 -0.034053 0.000000
v 1.156201 -0.118304 -0.078233
v 1.186444 -0.108637 0.000294
v 1.125291 -0.159291 -0.073054
v 1.144911 -0.154411 0.000344
v 1.115705 -0.236241 -0.073437
v 1.126351 -0.240195 0.000000
v 1.126998 -0.273636 -0.033333
v 1.131086 -0.277771 0.000000
v 1.135531 -0.299141 -0.031872
v 1.142512 -0.300539 0.000000
v 1.142362 -0.318576 -0.032411
v 1.148801 -0.319532 0.000000
v 1.146528 -0.338981 -0.034269
v 1.152425 -0.339951 0.000000
v 1.054189 0.243224 -0.198983
v 1.125623 0.192342 -0.141434
v 1.121153 0.165851 -0.153542
v 1.073598 0.166546 -0.199857
v 1.158596 0.098688 -0.125629
v 1.111784 0.099626 -0.177054
v 1.051312 0.118180 -0.233639
v 1.150189 0.024383 -0.141507
v 1.086075 0.039451 -0.209750
v 0.988008 0.002688 -0.283806
v 1.089167 -0.022048 -0.201413
v 1.015523 0.068279 -0.274996
v 1.034525 -0.006516 -0.245074
v 1.086968 0.007634 -0.208063
v 0.992641 0.041301 -0.292011
v 1.030055 0.031039 -0.258555
v 1.140256 -0.011234 -0.150796
v 1.168006 -0.017257 -0.112087
v 1.119228 0.031974 -0.176794
v 1.162212 -0.035996 -0.115402
v 1.114766 -0.000965 -0.181164
v 1.138522 -0.030397 -0.147518
v 1.156201 -0.118304 -0.078233
v 1.138522 -0.030397 -0.147518
v 1.138522 -0.030397 -0.147518
v 1.118276 -0.152841 -0.082119
v 1.107606 -0.005727 -0.099315
v 0.945971 0.033942 -0.345469
v 0.948825 -0.023684 -0.340202
v 0.925569 0.034149 -0.378958
v 0.927698 -0.021412 -0.379341
v 0.892790 0.045653 -0.423440
v 0.900278 -0.012936 -0.418740
v 0.869517 0.058479 -0.454915
v 0.870510 0.000946 -0.456413
v 0.843139 0.071597 -0.489963
v 0.842485 0.013580 -0.490205
v 0.796946 0.084708 -0.543145
v 0.795891 0.027429 -0.543290
v 0.759145 0.098126 -0.584900
v 0.758450 0.040415 -0.585390
v 0.724959 0.111914 -0.617619
v 0.725466 0.054320 -0.619630
v 0.688111 0.144917 -0.643825
v 0.685074 0.088610 -0.653281
v 0.635160 0.155134 -0.675917
v 0.633493 0.099830 -0.687839
v 0.580924 0.156638 -0.710354
v 0.578498 0.100455 -0.722653
v 0.508037 0.160733 -0.761881
v 0.501880 0.104123 -0.765643
v 0.431176 0.183003 -0.802765
v 0.424026 0.126447 -0.803376
v 0.978826 -0.077731 -0.293860
v 0.947469 -0.067492 -0.354177
v 0.924059 -0.062932 -0.391665
v 0.895677 -0.057320 -0.429700
v 0.865466 -0.051495 -0.466253
v 0.836871 -0.046045 -0.498904
v 0.789786 -0.022152 -0.550456
v 0.751921 -0.014630 -0.591193
v 0.719069 -0.008113 -0.623949
v 0.680148 0.003605 -0.657122
v 0.630149 0.011313 -0.692058
v 0.575267 0.013979 -0.724340
v 0.498490 0.026853 -0.764458
v 0.421583 0.037510 -0.799094
v 1.064199 -0.129215 -0.154196
v 1.073905 -0.061310 -0.160873
v 0.269455 0.257217 -0.837256
v 0.253195 0.205842 -0.849389
v 0.238034 0.114123 -0.855858
v 0.676458 -0.100463 -0.651746
v 0.625992 -0.092587 -0.685683
v 0.570933 -0.089446 -0.718235
v 0.494952 -0.075872 -0.758667
v 0.670970 -0.174366 -0.651713
v 0.619417 -0.168217 -0.683736
v 0.563324 -0.166474 -0.715084
v 0.485853 -0.154447 -0.752755
v 0.668008 -0.284604 -0.646846
v 0.612019 -0.264118 -0.681121
v 0.553806 -0.262886 -0.709159
v 0.472924 -0.251124 -0.742726
v 0.725831 -0.203730 -0.610846
v 0.723046 -0.292343 -0.608166
v 0.774809 -0.237409 -0.569423
v 0.773317 -0.307605 -0.565803
v 0.844134 -0.268435 -0.505076
v 0.840015 -0.330989 -0.503155
v 0.891601 -0.313562 -0.455067
v 0.891461 -0.371449 -0.445176
v 0.952124 -0.329385 -0.392623
v 0.944077 -0.408413 -0.391361
v 0.640274 -0.315951 -0.657828
v 0.696023 -0.331246 -0.617224
v 0.634225 -0.372512 -0.646660
v 0.698085 -0.359373 -0.605241
v 0.663866 -0.418214 -0.615077
v 0.703606 -0.378302 -0.591583
v 0.690679 -0.454018 -0.582363
v 0.718838 -0.415828 -0.553431
v 0.715194 -0.465293 -0.552463
v 0.740222 -0.433640 -0.522723
v 0.758240 -0.483341 -0.504160
v 0.785584 -0.452707 -0.475845
v 0.793642 -0.504556 -0.472143
v 0.821970 -0.472837 -0.444474
v 0.840455 -0.529553 -0.431047
v 0.870836 -0.489049 -0.405183
v 0.878465 -0.546463 -0.397352
v 0.910782 -0.511712 -0.373224
v 0.907378 -0.562823 -0.371877
v 0.941359 -0.527605 -0.349960
v 0.932208 -0.576618 -0.349582
v 0.966257 -0.540278 -0.328348
v 0.966080 -0.591257 -0.317265
v 0.989182 -0.535034 -0.303536
v 0.991214 -0.596099 -0.289724
v 1.005226 -0.545545 -0.277849
v 1.018362 -0.600329 -0.252243
v 1.035285 -0.548928 -0.235881
v 1.047509 -0.599842 -0.200788
v 1.058661 -0.544506 -0.202440
v 1.066805 -0.599299 -0.164550
v 1.079117 -0.545131 -0.166212
v 1.085203 -0.597246 -0.128263
v 1.099560 -0.542123 -0.132118
v 1.100612 -0.588131 -0.091017
v 1.116450 -0.534707 -0.095414
v 1.112327 -0.579967 -0.055400
v 1.124989 -0.549414 -0.056711
v 1.119653 -0.572353 -0.024539
v 1.127550 -0.544375 -0.025808
v 1.121743 -0.571832 0.000263
v 1.129881 -0.541214 0.000000
v 1.045714 -0.240103 -0.222816
v 1.050752 -0.160144 -0.199801
v 1.005260 -0.238714 -0.290433
v 1.008072 -0.159508 -0.265484
v 0.963130 -0.231413 -0.368418
v 0.956977 -0.138193 -0.353767
v 0.916196 -0.205094 -0.428934
v 0.918990 -0.126537 -0.408267
v 0.880672 -0.198539 -0.465941
v 0.887003 -0.119117 -0.447826
v 0.863022 -0.198445 -0.484119
v 0.869878 -0.118982 -0.467699
v 0.832551 -0.190970 -0.514175
v 0.840716 -0.111492 -0.499241
v 0.779278 -0.165657 -0.564530
v 0.789055 -0.086091 -0.552320
v 0.738601 -0.159034 -0.600827
v 0.745705 -0.081984 -0.595386
v 0.707151 -0.163108 -0.626203
v 0.712667 -0.084049 -0.624705
v 0.809317 0.437025 -0.544166
v 0.759637 0.415767 -0.577013
v 0.723728 0.378173 -0.583627
v 0.864548 0.428328 -0.490413
v 0.905057 0.412354 -0.425073
v 0.953902 0.320702 -0.327617
v 0.913717 0.387533 -0.402720
v 0.876103 0.407876 -0.465170
v 0.841240 0.418010 -0.508770
v 0.784042 0.416845 -0.555578
v 0.754403 0.274266 -0.574977
v 0.788188 0.237087 -0.559663
v 0.825066 0.217615 -0.522923
v 0.854507 0.196451 -0.488555
v 0.893767 0.184634 -0.423997
v 0.914613 0.195240 -0.379764
v 0.948276 0.213392 -0.332407
v 0.962276 0.241947 -0.315065
v 0.968209 0.269439 -0.306719
v 0.755424 0.385137 -0.561196
v 0.724486 0.359571 -0.568391
v 0.692972 0.311695 -0.595720
v 0.701127 0.342942 -0.576355
v 0.813004 0.420144 -0.533152
v 0.770546 0.403145 -0.559652
v 0.740196 0.371972 -0.565047
v 0.859576 0.412139 -0.487841
v 0.894493 0.398951 -0.433638
v 0.932904 0.316360 -0.352622
v 0.898995 0.370918 -0.412400
v 0.867924 0.386172 -0.459289
v 0.838957 0.394805 -0.496159
v 0.758664 0.286953 -0.551601
v 0.794381 0.255598 -0.533517
v 0.822571 0.235838 -0.503331
v 0.847418 0.221511 -0.475749
v 0.880883 0.212934 -0.424593
v 0.898633 0.220810 -0.388907
v 0.925957 0.233960 -0.351043
v 0.937691 0.256076 -0.337689
v 0.943679 0.276760 -0.333002
v 0.766054 0.374017 -0.534883
v 0.741163 0.352047 -0.540989
v 0.716146 0.315067 -0.568786
v 0.722016 0.340862 -0.547013
v 0.815767 0.396859 -0.516157
v 0.779464 0.385678 -0.534616
v 0.753444 0.363138 -0.537925
v 0.853872 0.390569 -0.478425
v 0.883531 0.378670 -0.434663
v 0.887340 0.308380 -0.387674
v 0.867556 0.342575 -0.424871
v 0.845005 0.356131 -0.451964
v 0.826678 0.363759 -0.472673
v 0.776864 0.261679 -0.517960
v 0.798592 0.251314 -0.504805
v 0.815174 0.238610 -0.483613
v 0.831437 0.231040 -0.462378
v 0.850395 0.233183 -0.424877
v 0.861624 0.242112 -0.401057
v 0.879696 0.260622 -0.376605
v 0.888705 0.276151 -0.373029
v 0.893635 0.287401 -0.373190
v 0.780858 0.363550 -0.494568
v 0.759770 0.354767 -0.500605
v 0.736725 0.337379 -0.507386
v 0.746985 0.342185 -0.499064
v 0.812180 0.366096 -0.484530
v 0.789159 0.366419 -0.495383
v 0.770534 0.361613 -0.498926
v 0.836243 0.359550 -0.461744
v 0.855358 0.349545 -0.438340
v 0.856885 0.303152 -0.400605
v 0.841896 0.328062 -0.423746
v 0.828363 0.340336 -0.442150
v 0.816157 0.348557 -0.455897
v 0.785942 0.250589 -0.504136
v 0.799765 0.243532 -0.493725
v 0.815672 0.235739 -0.476511
v 0.824173 0.230226 -0.455761
v 0.836712 0.234670 -0.427595
v 0.844092 0.243035 -0.409258
v 0.853605 0.257457 -0.389953
v 0.860112 0.283329 -0.386395
v 0.862795 0.290189 -0.388379
v 0.782769 0.349301 -0.472483
v 0.768058 0.334742 -0.469298
v 0.753053 0.322675 -0.475739
v 0.759868 0.328528 -0.472906
v 0.806505 0.351029 -0.462210
v 0.791050 0.352133 -0.471417
v 0.778089 0.346358 -0.471372
v 0.822180 0.344531 -0.449196
v 0.835363 0.334802 -0.432122
v 0.838259 0.303044 -0.401742
v 0.828917 0.320010 -0.416979
v 0.819702 0.329185 -0.429545
v 0.810409 0.333875 -0.438568
v 0.778877 0.319950 -0.445941
v 0.788621 0.319878 -0.437290
v 0.816418 0.230353 -0.445116
v 0.818806 0.233980 -0.431367
v 0.825606 0.241416 -0.416220
v 0.829063 0.251067 -0.403351
v 0.837006 0.286148 -0.392456
v 0.840011 0.290882 -0.393840
v 0.841511 0.294419 -0.395339
v 0.789385 0.329614 -0.446870
v 0.781375 0.324285 -0.448525
v 0.771569 0.318944 -0.452244
v 0.775973 0.321260 -0.450462
v 0.803485 0.336098 -0.444690
v 0.792584 0.332780 -0.447512
v 0.784895 0.326783 -0.447839
v 0.815146 0.332535 -0.434877
v 0.824151 0.325219 -0.423324
v 0.816599 0.313686 -0.413424
v 0.813255 0.318288 -0.419314
v 0.809371 0.321325 -0.424262
v 0.807162 0.322169 -0.426280
v 0.796962 0.318793 -0.429168
v 0.799838 0.319174 -0.427417
v 0.803919 0.317743 -0.423383
v 0.805464 0.317087 -0.421571
v 0.810090 0.314271 -0.416379
v 0.812264 0.312715 -0.413843
v 0.816161 0.310726 -0.410881
v 0.817273 0.310828 -0.410695
v 0.817779 0.311269 -0.410955
v 0.799850 0.321511 -0.430280
v 0.797655 0.320034 -0.430096
v 0.794074 0.318721 -0.431016
v 0.796117 0.319104 -0.430046
v 0.804130 0.323038 -0.428875
v 0.800969 0.322359 -0.430470
v 0.798752 0.320772 -0.430193
v 0.808401 0.321536 -0.425077
v 0.811824 0.320292 -0.421866
v 1.107247 -0.274393 -0.115729
v 1.123487 -0.307149 -0.089170
v 1.128453 -0.313062 -0.081668
v 1.132821 -0.322497 -0.074746
v 1.135600 -0.334668 -0.075967
v 1.008189 -0.335586 -0.301014
v 1.017814 -0.397015 -0.290719
v 1.074018 -0.280822 -0.187368
v 1.047886 -0.278467 -0.227191
v 1.115496 -0.309688 -0.113511
v 1.047434 -0.319902 -0.236234
v 1.034030 -0.343687 -0.259586
v 1.036009 -0.398924 -0.264219
v 1.059659 -0.343416 -0.225351
v 1.049404 -0.360838 -0.241681
v 0.981380 -0.405174 -0.347670
v 1.151673 -0.378518 -0.037975
v 1.136339 -0.374134 -0.103005
v 1.055043 -0.425355 -0.244186
v 1.074516 -0.382725 -0.215624
v 1.066250 -0.396012 -0.227534
v 1.156368 -0.383603 -0.000093
v 1.053478 -0.490795 -0.248599
v 1.072928 -0.443803 -0.224865
v 1.088617 -0.490038 -0.205142
v 1.107983 -0.441365 -0.180460
v 1.129006 -0.502583 -0.127697
v 1.131962 -0.446171 -0.132243
v 1.137540 -0.500314 -0.099576
v 1.141094 -0.443859 -0.104049
v 1.144914 -0.490865 -0.062080
v 1.148430 -0.439380 -0.066387
v 1.146877 -0.488170 -0.042507
v 1.151223 -0.426809 -0.047167
v 1.149221 -0.486727 -0.019572
v 1.154069 -0.419726 -0.024722
v 1.149421 -0.488132 -0.000125
v 1.155858 -0.416802 -0.000486
v 0.982719 -0.492517 -0.337754
v 1.024963 -0.488722 -0.285676
v 1.052270 -0.516850 -0.247247
v 1.087667 -0.515808 -0.204108
v 0.977845 -0.519873 -0.333943
v 1.021955 -0.514399 -0.287654
v 0.877250 -0.419285 -0.439953
v 0.931008 -0.469715 -0.385173
v 1.117817 -0.530979 -0.125360
v 1.128028 -0.529069 -0.095612
v 1.135759 -0.517515 -0.057761
v 1.137234 -0.515473 -0.038560
v 1.138664 -0.515409 -0.014598
v 1.138447 -0.515880 -0.000115
v 1.040260 -0.547225 -0.246805
v 1.073466 -0.544917 -0.200917
v 0.973506 -0.517734 -0.329079
v 1.011893 -0.545385 -0.284961
v 1.115014 -0.537271 -0.125084
v 1.124377 -0.535212 -0.095041
v 1.132517 -0.526748 -0.061656
v 1.134252 -0.523833 -0.036424
v 1.135770 -0.521092 -0.013525
v 1.135521 -0.522079 -0.000100
v 1.037310 -0.552341 -0.244644
v 1.069915 -0.548571 -0.198715
v 1.010651 -0.550060 -0.281910
v 1.125542 -0.528639 -0.057238
v 1.127078 -0.525238 -0.024445
v 1.129208 -0.523648 0.000000
v 0.831191 -0.385646 -0.493996
v 0.762789 -0.354610 -0.560772
v 0.617456 0.482348 -0.698400
v 0.636064 0.464488 -0.675288
v 0.487197 0.471125 -0.763605
v 0.433842 0.438850 -0.762687
v 0.423385 0.410911 -0.766420
v 0.429303 0.377092 -0.777416
v 0.451949 0.343062 -0.774113
v 0.481208 0.321577 -0.755847
v 0.525112 0.313273 -0.727139
v 0.568268 0.309410 -0.691730
v 0.595598 0.298395 -0.666863
v 0.665615 0.414551 -0.632063
v 0.639941 0.391875 -0.627142
v 0.597514 0.331348 -0.654716
v 0.615946 0.357012 -0.634425
v 0.608560 0.464697 -0.690856
v 0.623061 0.451056 -0.671083
v 0.539642 0.474697 -0.728967
v 0.497841 0.460328 -0.744392
v 0.452166 0.439254 -0.742201
v 0.436004 0.402116 -0.746613
v 0.447877 0.383684 -0.752259
v 0.467649 0.358583 -0.750337
v 0.492434 0.340404 -0.738344
v 0.532613 0.334096 -0.717550
v 0.566032 0.329517 -0.689647
v 0.587492 0.328805 -0.665950
v 0.645865 0.412932 -0.636523
v 0.624460 0.396493 -0.630742
v 0.590043 0.347342 -0.655277
v 0.603637 0.366324 -0.636996
v 0.593096 0.472702 -0.672836
v 0.611487 0.441942 -0.668686
v 0.537757 0.455136 -0.708209
v 0.505966 0.446437 -0.718978
v 0.470724 0.429739 -0.717358
v 0.461605 0.423190 -0.713297
v 0.461295 0.376528 -0.723574
v 0.479598 0.366758 -0.720786
v 0.501249 0.361957 -0.714450
v 0.528573 0.365274 -0.693318
v 0.556864 0.365248 -0.673016
v 0.574781 0.361357 -0.661782
v 0.619706 0.408810 -0.637711
v 0.604003 0.396921 -0.634483
v 0.579242 0.366944 -0.651868
v 0.582499 0.381648 -0.640010
v 0.579987 0.457294 -0.664661
v 0.589051 0.450316 -0.651941
v 0.530408 0.455840 -0.671492
v 0.508481 0.450936 -0.678460
v 0.486617 0.435077 -0.677687
v 0.487910 0.409701 -0.690228
v 0.486017 0.400328 -0.687123
v 0.494435 0.384679 -0.683379
v 0.508726 0.379408 -0.680217
v 0.527142 0.379666 -0.668283
v 0.545077 0.381043 -0.655901
v 0.549210 0.356052 -0.643335
v 0.584504 0.421404 -0.624753
v 0.573956 0.411138 -0.621735
v 0.556583 0.386291 -0.646095
v 0.559062 0.390230 -0.621565
v 0.560739 0.442946 -0.650461
v 0.566991 0.437129 -0.642654
v 0.593768 -0.328619 -0.676622
v 0.584213 -0.388476 -0.666603
v 0.620129 -0.438253 -0.637122
v 0.662393 -0.481607 -0.600619
v 0.693781 -0.496838 -0.571632
v 0.724018 -0.515774 -0.539145
v 0.762817 -0.537822 -0.500591
v 0.537398 -0.349954 -0.697334
v 0.455177 -0.340306 -0.729579
v 0.540634 -0.396447 -0.683934
v 0.461152 -0.427152 -0.705146
v 0.574403 -0.454219 -0.653872
v 0.517288 -0.485856 -0.666937
v 0.619688 -0.492686 -0.622358
v 0.564075 -0.524038 -0.637025
v 0.655801 -0.512602 -0.596104
v 0.624620 -0.565063 -0.597772
v 0.694000 -0.528843 -0.563763
v 0.683722 -0.593879 -0.553821
v 0.746395 -0.551068 -0.514324
v 0.728440 -0.612249 -0.518754
v 0.805245 -0.577242 -0.463554
v 0.789582 -0.627355 -0.471512
v 0.874119 -0.604039 -0.403015
v 0.860652 -0.642676 -0.412760
v 0.936982 -0.636135 -0.345180
v 0.924547 -0.669764 -0.354991
v 0.978907 -0.651740 -0.303361
v 0.967311 -0.685854 -0.314236
v 1.019098 -0.656117 -0.254320
v 1.010591 -0.689697 -0.267793
v 1.047849 -0.661030 -0.207063
v 1.048763 -0.696871 -0.212401
v 1.068000 -0.664572 -0.164638
v 1.069034 -0.698744 -0.169117
v 1.081154 -0.664667 -0.127625
v 1.082274 -0.699499 -0.131105
v 1.092297 -0.650960 -0.086250
v 1.092639 -0.686455 -0.088459
v 1.098770 -0.638392 -0.046825
v 1.097853 -0.678282 -0.047451
v 1.102195 -0.631757 -0.016068
v 1.096779 -0.676146 -0.017706
v 1.102876 -0.630711 0.000198
v 1.095755 -0.674487 0.000000
v 1.006627 0.537551 -0.114909
v 1.027391 0.540751 0.000000
v 0.974727 0.556812 -0.182248
v 0.939649 0.602544 -0.263441
v 0.890738 0.646937 -0.364566
v 0.844468 0.664466 -0.440390
v 0.806375 0.674430 -0.497178
v 0.751977 0.683938 -0.567307
v 0.693997 0.700352 -0.624896
v 0.616186 0.712367 -0.684151
v 0.503421 0.704466 -0.749357
v 0.367728 0.671766 -0.791427
v 0.992942 0.587552 -0.060741
v 1.003225 0.580017 0.000000
v 0.964026 0.612875 -0.125980
v 0.927738 0.662022 -0.207216
v 0.884242 0.708740 -0.308249
v 0.839879 0.727116 -0.384233
v 0.801682 0.737299 -0.440709
v 0.748381 0.750347 -0.510777
v 0.691223 0.765523 -0.568693
v 0.615799 0.780550 -0.632442
v 0.505604 0.779805 -0.704814
v 0.367495 0.749860 -0.755832
v 0.962304 0.649143 0.000075
v 0.968536 0.638270 0.000074
v 0.940247 0.681068 -0.054215
v 0.901526 0.725378 -0.134601
v 0.865430 0.775334 -0.236906
v 0.827624 0.801203 -0.309505
v 0.791721 0.814549 -0.364763
v 0.739220 0.828583 -0.432945
v 0.683677 0.845013 -0.490893
v 0.611925 0.863516 -0.557097
v 0.507541 0.871529 -0.634284
v 0.371938 0.855618 -0.692836
v 0.912841 0.738221 0.000092
v 0.918114 0.728710 0.000098
v 0.893836 0.771606 0.000075
v 0.854726 0.816360 -0.091285
v 0.804995 0.852688 -0.191815
v 0.766797 0.878513 -0.270395
v 0.730964 0.896237 -0.326463
v 0.677712 0.913475 -0.395762
v 0.621604 0.929749 -0.454913
v 0.547517 0.943988 -0.521651
v 0.435422 0.942276 -0.594206
v 0.302420 0.931724 -0.643385
v 0.817652 0.881825 -0.000153
v 0.777065 0.920809 -0.071307
v 0.725595 0.949065 -0.173800
v 0.683475 0.963174 -0.252164
v 0.646209 0.974104 -0.308247
v 0.583033 0.993597 -0.376663
v 0.705002 0.997911 0.000000
v 0.698638 1.001357 -0.049362
v 0.661855 1.015054 -0.160180
v 0.623787 1.012036 -0.262277
v 0.513273 0.985195 -0.488253
v 0.401917 0.983643 -0.559913
v 0.225710 0.975446 -0.608306
v 0.625738 1.051648 0.000000
v 0.619979 1.054788 -0.028998
v 0.581922 1.071970 -0.138351
v 0.535942 1.083275 -0.234018
v 0.434643 1.035386 -0.461825
v 0.313045 1.031310 -0.523702
v 0.386920 1.066548 -0.434091
v 0.175894 0.996397 -0.585431
v 0.570512 1.078670 0.000000
v 0.565066 1.081102 -0.021721
v 0.526033 1.097449 -0.130947
v 0.485609 1.109073 -0.208823
v 0.261874 1.050807 -0.503420
v 0.334031 1.090138 -0.416728
v 0.071132 1.015414 -0.557042
v 0.461005 1.118776 -0.000087
v 0.420488 1.132645 -0.107199
v 0.380092 1.142784 -0.185382
v 0.157343 1.073344 -0.475343
v 0.230252 1.118105 -0.391564
v -0.071359 1.019067 -0.521347
v 0.243980 1.174935 0.000000
v 0.276550 1.168513 -0.069704
v 0.235327 1.173493 -0.148742
v 0.014717 1.082686 -0.441379
v 0.086720 1.133219 -0.358106
v -0.171277 1.010123 -0.492142
v 0.423262 1.130375 -0.000152
v 0.172082 1.184591 -0.043330
v 0.130682 1.183709 -0.122331
v -0.085047 1.075531 -0.413875
v -0.014400 1.129385 -0.330871
v -0.287536 0.991618 -0.446775
v 0.044564 1.187885 -0.000118
v 0.004012 1.182287 -0.078853
v -0.204207 1.058772 -0.368858
v -0.136159 1.114850 -0.285060
v -0.413784 0.925130 -0.457591
v -0.231003 1.136314 0.000000
v -0.399925 0.988173 -0.307882
v -0.341664 1.052788 -0.223962
v -0.397513 1.054256 0.000000
v -0.396419 1.044378 -0.121064
v -0.400710 1.011517 -0.237240
v 0.466754 1.085693 -0.328689
v 0.409992 1.114538 -0.312963
v 0.513676 1.097282 -0.213324
v 0.360543 1.078830 -0.425560
v 0.304740 1.146255 -0.287880
v 0.282277 1.105925 -0.404679
v 0.433086 1.127498 -0.197166
v 0.161177 1.166504 -0.254844
v 0.158481 1.128304 -0.375559
v 0.307916 1.160169 -0.167120
v 0.057600 1.167901 -0.227812
v 0.036044 1.132891 -0.344870
v 0.183067 1.180023 -0.135590
v -0.066682 1.158714 -0.182637
v -0.075457 1.123486 -0.308240
v 0.067308 1.184879 -0.100673
v -0.282557 1.107681 -0.112986
v -0.240098 1.089885 -0.255709
v -0.106772 1.168365 -0.045328
v -0.175013 1.139633 -0.148407
v -0.004858 1.164734 -0.205622
v 0.109325 1.168585 -0.241456
v 0.233350 1.159107 -0.271524
v 0.357779 1.132508 -0.300944
v 0.438337 1.101474 -0.320824
v 0.488298 1.069175 -0.340064
v -0.287569 1.114225 0.000000
v -0.512422 0.907016 -0.298515
v -0.505290 0.966503 0.000000
v -0.505218 0.957032 -0.111789
v -0.509726 0.928187 -0.227914
v 0.256494 0.710218 -0.773567
v 0.255969 0.764480 -0.755354
v 0.259072 0.839205 -0.720278
v 0.212325 0.891844 -0.688916
v 0.160562 0.921057 -0.665294
v 0.090712 0.947157 -0.638671
v 0.014350 0.959235 -0.619317
v 0.320819 0.541898 -0.822710
v 0.283058 0.655227 -0.791862
v 0.230785 0.531446 -0.828291
v 0.190646 0.642239 -0.794668
v 0.299562 0.461668 -0.836843
v 0.211800 0.458919 -0.836447
v 0.451507 -0.504379 -0.682933
v 0.507300 -0.561196 -0.642990
v 0.554521 -0.601474 -0.614397
v 0.614538 -0.642557 -0.576766
v 0.674537 -0.673287 -0.535336
v 0.720436 -0.693715 -0.503279
v 0.781823 -0.709211 -0.456544
v 0.853935 -0.725701 -0.399447
v 0.962293 -0.715752 -0.315511
v 1.007208 -0.720351 -0.271229
v 1.045012 -0.728395 -0.223137
v 1.073799 -0.732812 -0.166250
v 1.087058 -0.733455 -0.128039
v 1.096065 -0.720741 -0.084861
v 1.100736 -0.712658 -0.043758
v 1.100194 -0.711004 -0.014471
v 1.099715 -0.710714 0.000000
v 1.101429 -0.728542 -0.014344
v 1.101200 -0.728344 0.000000
v 1.101554 -0.730478 -0.042479
v 1.096973 -0.731516 -0.084974
v 0.957760 -0.745543 -0.312046
v 1.004137 -0.751266 -0.269568
v 1.044390 -0.759372 -0.222994
v 1.075094 -0.760374 -0.166849
v 1.090254 -0.765381 -0.125148
v 1.099676 -0.758917 -0.015353
v 1.099418 -0.759063 0.000000
v 1.100467 -0.760799 -0.038628
v 1.099440 -0.761183 -0.081804
v 0.844301 -0.756110 -0.390151
v 0.949149 -0.776525 -0.304408
v 0.996998 -0.785608 -0.262636
v 1.098257 -0.766746 0.000000
v 0.436475 -0.545218 -0.670958
v 0.497400 -0.594833 -0.629893
v 0.547823 -0.632847 -0.602217
v 0.609161 -0.666551 -0.565242
v 0.671532 -0.695534 -0.524333
v 0.717712 -0.714502 -0.493470
v 0.780622 -0.726921 -0.448577
v 0.434465 -0.603339 -0.639146
v 0.496253 -0.648427 -0.595267
v 0.546223 -0.678723 -0.567166
v 0.610063 -0.702663 -0.526675
v 0.671315 -0.731995 -0.485379
v 0.715522 -0.751402 -0.451585
v 0.777113 -0.771729 -0.407760
v 1.037065 -0.799249 -0.218594
v 1.071346 -0.806998 -0.164775
v 1.087273 -0.803315 -0.126875
v 1.091355 -0.794873 -0.015470
v 1.090472 -0.794840 -0.000189
v 1.094092 -0.798744 -0.038441
v 1.096925 -0.802520 -0.080695
v 0.988804 -0.806267 -0.254308
v 1.093357 -0.786207 -0.000277
v 1.033448 -0.816555 -0.210628
v 1.066429 -0.827941 -0.158466
v 1.081679 -0.829291 -0.120432
v 1.084533 -0.811139 -0.013225
v 1.083692 -0.811028 -0.000708
v 1.087700 -0.816404 -0.036432
v 1.091026 -0.824241 -0.076642
v 0.984017 -0.817226 -0.247322
v 1.086823 -0.804007 -0.000748
v 1.027785 -0.829226 -0.204168
v 1.058627 -0.842026 -0.153713
v 1.073585 -0.845589 -0.117378
v 1.077352 -0.825387 -0.014879
v 1.076132 -0.824940 -0.001408
v 1.080581 -0.831760 -0.038523
v 1.083025 -0.841148 -0.076531
v 0.973892 -0.828922 -0.239340
v 1.078771 -0.820235 -0.000437
v 1.017845 -0.844178 -0.192159
v 1.048245 -0.858543 -0.139501
v 1.062720 -0.862792 -0.102460
v 1.067248 -0.837819 -0.001174
v 1.066678 -0.838588 -0.001119
v 1.068373 -0.840682 -0.021042
v 1.071427 -0.854437 -0.060892
v 0.951542 -0.837431 -0.236341
v 0.996332 -0.852121 -0.189312
v 1.026647 -0.868799 -0.136247
v 1.043359 -0.877371 -0.096201
v 1.053793 -0.853181 -0.000277
v 1.053090 -0.853935 -0.000236
v 1.053843 -0.854463 -0.013079
v 1.053690 -0.868304 -0.053702
v 0.929125 -0.848129 -0.217692
v 0.969701 -0.858031 -0.184623
v 0.999294 -0.876508 -0.131459
v 1.014284 -0.888391 -0.082543
v 1.032446 -0.870918 0.000162
v 1.028989 -0.875031 -0.020724
v 1.025991 -0.882912 -0.049636
v 0.427048 -0.025082 -0.792478
v 0.413265 -0.104107 -0.788401
v 0.393465 -0.199530 -0.777143
v 0.369623 -0.286692 -0.762598
v 0.370758 -0.374942 -0.741700
v 0.357205 -0.453751 -0.724608
v 0.338989 -0.495282 -0.712235
v 0.332851 -0.551773 -0.678423
v 0.322061 0.028936 -0.833141
v 0.308112 -0.049648 -0.828362
v 0.288214 -0.144028 -0.814278
v 0.264175 -0.229363 -0.796820
v 0.265154 -0.317383 -0.774329
v 0.251862 -0.395179 -0.756685
v 0.235540 -0.429296 -0.741081
v 0.229704 -0.483589 -0.707458
v 0.233022 0.071817 -0.855415
v 0.219553 -0.005974 -0.852928
v 0.200757 -0.100920 -0.844304
v 0.177073 -0.185309 -0.828317
v 0.178384 -0.269861 -0.800149
v 0.166301 -0.341598 -0.775314
v 0.149602 -0.376739 -0.759306
v 0.142691 -0.436097 -0.731217
v 0.122616 0.096915 -0.862515
v 0.108539 0.020073 -0.864336
v 0.089954 -0.073483 -0.862646
v 0.068537 -0.153300 -0.848014
v 0.070437 -0.231025 -0.817635
v 0.057743 -0.299616 -0.784964
v 0.035558 -0.342608 -0.767747
v 0.028329 -0.408396 -0.747194
v 0.166899 0.281807 -0.833343
v 0.149498 0.229052 -0.847524
v 0.133737 0.139846 -0.860811
v 0.077151 0.232028 -0.834107
v 0.077521 0.194577 -0.849570
v 0.058951 0.146524 -0.858192
v 0.122277 0.429120 -0.826688
v 0.128087 0.528561 -0.815697
v 0.080911 0.363804 -0.824256
v 0.070871 0.300159 -0.804553
v 0.030201 0.239094 -0.825621
v 0.037569 0.358973 -0.817080
v 0.035877 0.292261 -0.789978
v -0.007893 0.241364 -0.826785
v 0.000127 0.356679 -0.811814
v -0.007088 0.286934 -0.778100
v -0.052892 0.244240 -0.834798
v -0.040655 0.367789 -0.807092
v -0.042099 0.304056 -0.778945
v -0.085629 0.261463 -0.831138
v -0.072450 0.379553 -0.802299
v -0.085809 0.353433 -0.794576
v 0.053518 0.256454 -0.807746
v 0.054471 0.327236 -0.810967
v 0.014619 0.256176 -0.805574
v 0.017961 0.324402 -0.802827
v 0.053244 0.295453 -0.797358
v 0.018902 0.357476 -0.814054
v 0.011778 0.239837 -0.825756
v -0.029950 0.264951 -0.810995
v -0.022217 0.331947 -0.799483
v 0.016914 0.294306 -0.787091
v -0.020520 0.361645 -0.809797
v -0.030934 0.242497 -0.830673
v -0.062228 0.280395 -0.812631
v -0.051588 0.352837 -0.800920
v -0.025476 0.294466 -0.778390
v -0.056473 0.373295 -0.804900
v -0.070811 0.254181 -0.833163
v -0.046474 0.271123 -0.811877
v -0.036777 0.343540 -0.800978
v -0.008249 0.259450 -0.808530
v -0.002176 0.328043 -0.801240
v 0.033989 0.254443 -0.807494
v 0.036130 0.325139 -0.807236
v -0.073540 0.270410 -0.825014
v -0.046976 0.329863 -0.792377
v -0.059173 0.329927 -0.789759
v -0.051414 0.292520 -0.795365
v -0.062042 0.370730 -0.803455
v -0.106628 0.269714 -0.827415
v -0.094803 0.384150 -0.798223
v -0.110114 0.347563 -0.793820
v 0.017428 0.470914 -0.808270
v 0.021327 0.575171 -0.799391
v -0.025321 0.400181 -0.810906
v -0.095841 0.494019 -0.793093
v -0.084051 0.590316 -0.794149
v -0.123983 0.415565 -0.793839
v 0.016147 0.106486 -0.861023
v 0.003317 0.032158 -0.861517
v -0.013371 -0.059721 -0.854966
v -0.035159 -0.136932 -0.836265
v -0.037418 -0.218083 -0.809697
v -0.056336 -0.298308 -0.786469
v -0.074127 -0.340592 -0.776997
v -0.078622 -0.406380 -0.761445
v -0.058999 0.148970 -0.855549
v -0.070065 0.076777 -0.856529
v -0.088658 -0.016592 -0.850821
v -0.112640 -0.098993 -0.838720
v -0.112899 -0.184445 -0.819125
v -0.128006 -0.262540 -0.800078
v -0.145242 -0.303322 -0.791006
v -0.160712 -0.361015 -0.776055
v -0.156928 0.218211 -0.834962
v -0.169882 0.149879 -0.840333
v -0.190940 0.057589 -0.839835
v -0.215143 -0.026969 -0.836046
v -0.216875 -0.112747 -0.827967
v -0.231628 -0.189811 -0.812482
v -0.247972 -0.227986 -0.799797
v -0.255660 -0.291505 -0.779468
v -0.234878 0.245529 -0.819649
v -0.258023 0.189331 -0.817182
v -0.268611 0.113835 -0.820948
v -0.291587 0.032552 -0.819903
v -0.294414 -0.051075 -0.816980
v -0.319062 -0.149063 -0.796766
v -0.328437 -0.216838 -0.777706
v -0.341211 -0.282125 -0.752807
v 0.828904 -0.780421 -0.377816
v 0.940567 -0.795714 -0.296387
v 0.827969 -0.787069 -0.369584
v 0.933234 -0.811148 -0.285312
v 0.819164 -0.795482 -0.359970
v 0.919398 -0.819973 -0.281152
v 0.782467 -0.814668 -0.330612
v 0.887498 -0.840679 -0.246456
v 0.906143 -0.735946 -0.356188
v 0.916543 -0.703307 -0.357197
v 1.123384 0.280481 -0.060959
v 1.068685 0.432011 -0.063821
v 1.086023 0.344566 -0.119991
v 1.095937 0.359777 -0.064662
v 0.183846 0.710453 -0.775087
v 0.183371 0.765519 -0.758562
v 0.186492 0.840929 -0.724077
v 0.109479 0.714803 -0.776137
v 0.109007 0.769165 -0.759116
v 0.112149 0.842729 -0.723858
v 0.037218 0.721159 -0.775875
v 0.036646 0.776304 -0.757008
v 0.039666 0.849455 -0.718744
v -0.052720 0.720238 -0.775748
v -0.053258 0.774613 -0.756167
v -0.049828 0.844615 -0.716183
v 0.106055 0.608268 -0.798496
v -0.061156 0.237970 -0.838359
v -0.090684 0.250535 -0.835782
v -0.038557 0.233377 -0.837010
v -0.075664 0.244719 -0.837312
v -0.095160 0.232752 -0.840592
v -0.050484 0.219126 -0.843283
v -0.142514 0.268329 -0.825762
v -0.134027 0.389414 -0.795800
v -0.151714 0.353297 -0.803755
v -0.174281 0.279054 -0.820469
v -0.165034 0.397582 -0.796863
v -0.179817 0.364484 -0.805247
v -0.224849 0.288740 -0.815210
v -0.213347 0.403688 -0.793904
v -0.229213 0.370237 -0.798871
v 0.036898 0.367832 -0.817775
v -0.057036 0.382149 -0.805461
v -0.124205 0.999738 -0.530878
v -0.038658 0.941594 -0.629730
v -0.214419 0.958002 -0.551757
v -0.097664 0.891683 -0.667629
v -0.271469 0.901724 -0.597125
v -0.187498 0.843271 -0.688021
v -0.317812 0.871315 -0.608717
v -0.232834 0.800571 -0.708081
v -0.365071 0.796633 -0.657164
v -0.277609 0.741039 -0.730465
v -0.421386 0.735036 -0.676350
v -0.328048 0.673073 -0.742184
v -0.476818 0.684979 -0.678951
v -0.381711 0.621580 -0.738398
v -0.524188 0.631503 -0.676981
v -0.430178 0.566060 -0.733013
v -0.580917 0.557138 -0.662788
v -0.491432 0.486521 -0.724115
v -0.631521 0.454096 -0.642451
v -0.547858 0.385269 -0.716634
v -0.480519 0.859266 -0.515786
v -0.369624 0.814100 -0.639896
v -0.561194 0.809156 -0.509969
v -0.445269 0.766498 -0.643424
v -0.627172 0.742432 -0.513440
v -0.504236 0.714298 -0.650141
v -0.704261 0.654002 -0.489307
v -0.610611 0.632736 -0.617160
v -0.756382 0.550524 -0.481002
v -0.680915 0.497250 -0.587633
v -0.083530 0.784097 -0.749623
v -0.155916 0.819269 -0.716441
v -0.103603 0.719680 -0.773530
v -0.186027 0.760121 -0.746531
v -0.123996 0.655398 -0.786752
v -0.224599 0.700111 -0.763648
v -0.153037 0.547968 -0.789498
v -0.252147 0.582426 -0.780019
v -0.205567 0.415484 -0.792334
v -0.301267 0.521564 -0.774507
v -0.567815 0.872575 -0.245195
v -0.621494 0.785310 -0.456368
v -0.633168 0.816162 -0.198996
v -0.691170 0.735115 -0.408896
v -0.704481 0.737235 -0.150783
v -0.764985 0.660871 -0.356901
v -0.784119 0.624655 -0.089446
v -0.844708 0.545223 -0.291021
v -0.823032 0.545300 0.000309
v -0.877360 0.474300 -0.219963
v -0.847831 0.481983 0.000306
v -0.868448 0.391030 0.000611
v -0.756765 0.657563 0.001395
v -0.666540 0.777988 0.000000
v -0.559293 0.909863 0.000000
v -0.406661 0.318994 -0.777112
v -0.546830 0.312527 -0.728773
v -0.410745 0.246365 -0.784096
v -0.559367 0.243334 -0.726787
v -0.421778 0.176616 -0.785537
v -0.569844 0.151822 -0.718907
v -0.433566 0.083816 -0.780427
v -0.576280 0.012964 -0.694798
v -0.444591 -0.058045 -0.757742
v -0.581611 -0.111258 -0.652553
v -0.454182 -0.186733 -0.715264
v -0.587012 -0.185334 -0.614715
v -0.463605 -0.266887 -0.679725
v -0.668748 0.378790 -0.621231
v -0.792922 0.476578 -0.459484
v -0.715522 0.421052 -0.563953
v -0.705386 0.244982 -0.596551
v -0.825328 0.342769 -0.438592
v -0.752925 0.286195 -0.541244
v -0.720600 0.142467 -0.573234
v -0.834543 0.239712 -0.423934
v -0.767519 0.183193 -0.520581
v -0.705760 0.016406 -0.561152
v -0.829232 0.112643 -0.396507
v -0.759706 0.054011 -0.499563
v -0.678202 -0.140342 -0.525515
v -0.805658 -0.009806 -0.372906
v -0.745685 -0.077249 -0.455163
v -0.873391 0.445161 -0.313361
v -0.888211 0.414416 -0.184031
v -0.890669 0.380841 -0.269690
v -0.874197 0.229128 0.001195
v -0.884663 0.246140 -0.239074
v -0.855131 0.058212 -0.000804
v -0.861928 0.084978 -0.209558
v -0.818694 -0.182055 0.000000
v -0.812962 -0.114227 -0.233619
v -0.796808 -0.307650 0.000000
v -0.787671 -0.262700 -0.190959
v -0.702318 -0.491165 0.000000
v -0.693586 -0.463209 -0.175316
v -0.689821 -0.644412 0.000000
v -0.670710 -0.617995 -0.159119
v 0.819164 -0.795482 -0.359970
v 0.827969 -0.787069 -0.369584
v 0.765347 -0.773707 -0.407603
v 0.728621 -0.793153 -0.378208
v 0.705366 -0.755604 -0.443537
v 0.668826 -0.775020 -0.414468
v 0.653814 -0.732404 -0.483440
v 0.616466 -0.751886 -0.453351
v 0.597584 -0.703404 -0.525608
v 0.560724 -0.724550 -0.496774
v 0.542256 -0.689949 -0.552991
v 0.505397 -0.706649 -0.525208
v 0.476777 -0.656793 -0.588954
v 0.440650 -0.677909 -0.562067
v 0.410803 -0.618352 -0.630889
v 0.373400 -0.640642 -0.601800
v 0.320849 -0.561534 -0.669068
v 0.283792 -0.585550 -0.643062
v 0.223326 -0.489291 -0.703528
v 0.186634 -0.519785 -0.684830
v 0.141431 -0.447326 -0.725839
v 0.105049 -0.480547 -0.713926
v 0.008662 -0.420995 -0.745608
v -0.000620 -0.466171 -0.734981
v -0.061413 -0.416768 -0.756712
v -0.069598 -0.459837 -0.747786
v -0.169711 -0.388170 -0.768070
v -0.202326 -0.415676 -0.752885
v -0.269641 -0.328015 -0.765161
v -0.286192 -0.370142 -0.748550
v -0.347569 -0.323171 -0.737233
v -0.361065 -0.362716 -0.717774
v -0.466888 -0.315481 -0.658458
v -0.468470 -0.361403 -0.639080
v -0.579610 -0.260657 -0.584166
v -0.580252 -0.303477 -0.560205
v -0.670193 -0.215603 -0.493072
v -0.671861 -0.261173 -0.464094
v -0.741107 -0.156425 -0.411413
v -0.739866 -0.201876 -0.383144
v -0.784425 -0.113938 -0.342097
v -0.774763 -0.186979 -0.308154
v -0.633300 -0.402195 -0.403998
v -0.723382 -0.334488 -0.328155
v -0.629985 -0.613026 -0.337450
v -0.554158 -0.403323 -0.491457
v -0.566482 -0.627384 -0.433335
v -0.444543 -0.413587 -0.588085
v -0.471534 -0.650471 -0.531269
v -0.375351 -0.444912 -0.635390
v -0.401091 -0.690067 -0.593224
v -0.302988 -0.473484 -0.675907
v -0.335579 -0.716892 -0.645275
v -0.188916 -0.537060 -0.697648
v -0.225047 -0.736478 -0.682438
v -0.082833 -0.566187 -0.697002
v -0.126364 -0.750086 -0.685503
v 0.015263 -0.597924 -0.677388
v -0.015393 -0.780558 -0.672028
v 0.096899 -0.639610 -0.643358
v 0.070449 -0.811108 -0.643338
v 0.181391 -0.690317 -0.580174
v 0.155716 -0.823173 -0.587525
v 0.250480 -0.771153 -0.512410
v 0.215540 -0.858207 -0.527685
v 0.293182 -0.802254 -0.453949
v 0.266955 -0.893348 -0.470495
v 0.315381 -0.822821 -0.417886
v 0.289426 -0.927194 -0.415020
v 0.361654 -0.839023 -0.376378
v 0.324111 -0.928691 -0.370332
v 0.424721 -0.850819 -0.322968
v 0.374207 -0.943776 -0.322436
v 0.491183 -0.877319 -0.267048
v 0.435006 -0.950374 -0.270777
v 0.535720 -0.897492 -0.210801
v 0.484594 -0.967183 -0.211046
v 0.575406 -0.913072 -0.152245
v 0.528305 -0.991157 -0.152081
v 0.621076 -0.936349 -0.096519
v 0.560502 -1.012678 -0.095816
v 0.643615 -0.946697 -0.054967
v 0.582556 -1.029789 -0.047702
v 0.650934 -0.953107 0.000000
v 0.589825 -1.033272 0.000000
v 0.304837 -0.711488 -0.518054
v 0.348941 -0.749965 -0.466386
v 0.388268 -0.774792 -0.420850
v 0.427195 -0.802327 -0.380709
v 0.506116 -0.828256 -0.344551
v 0.574932 -0.844667 -0.282215
v 0.640570 -0.865087 -0.210661
v 0.705202 -0.879896 -0.154721
v 0.720337 -0.891119 -0.112043
v 0.746366 -0.910504 -0.057386
v 0.738906 -0.915013 0.000139
v 0.375369 -0.662785 -0.570468
v 0.447945 -0.702921 -0.522655
v 0.485616 -0.729817 -0.478596
v 0.541266 -0.755907 -0.432177
v 0.623705 -0.792363 -0.388604
v 0.710960 -0.823702 -0.346364
v 0.786234 -0.840885 -0.275207
v 0.855302 -0.850818 -0.217361
v 0.929957 -0.872619 -0.149976
v 0.983253 -0.894506 -0.080426
v 0.989763 -0.895554 0.000000
v 1.107585 -0.106962 -0.115488
v 1.117708 -0.045740 -0.148188
v 1.093030 -0.041565 -0.175135
v 1.085399 -0.061197 -0.154865
v 1.030082 -0.567817 -0.243826
v 1.001536 -0.565118 -0.283305
v 0.982591 -0.557130 -0.308361
v 1.110539 -0.556108 -0.095407
v 1.096236 -0.562079 -0.130374
v 1.076752 -0.565708 -0.166137
v 1.056411 -0.566612 -0.202625
v 0.900447 -0.557464 -0.264960
v 0.884403 -0.546953 -0.290646
v 0.930505 -0.560848 -0.222992
v 0.953882 -0.556425 -0.189550
v 0.974338 -0.557050 -0.153323
v 0.994780 -0.554043 -0.119229
v 1.011671 -0.546626 -0.082524
v 1.035138 -0.504206 -0.110041
v 1.044501 -0.502148 -0.079998
v 1.052641 -0.493683 -0.046614
v 1.054376 -0.490768 -0.021381
v 1.055894 -0.488027 0.000000
v 0.957434 -0.519276 -0.229601
v 0.990039 -0.515506 -0.183673
v 0.930775 -0.516995 -0.266867
v 0.893630 -0.484669 -0.314037
v 1.020762 -0.540558 -0.044348
v 1.025696 -0.535115 0.000000
v 0.724521 -0.643155 -0.271917
v 0.708477 -0.632645 -0.297603
v 0.754579 -0.646539 -0.229949
v 0.777955 -0.642117 -0.196508
v 0.798411 -0.642742 -0.160280
v 0.818854 -0.639734 -0.126186
v 0.835745 -0.632317 -0.089482
v 0.861801 -0.407256 -0.122765
v 0.871164 -0.405198 -0.092722
v 0.879304 -0.396733 -0.059337
v 0.881039 -0.393818 -0.034105
v 0.882557 -0.391077 0.000000
v 0.784098 -0.422326 -0.242325
v 0.816702 -0.418556 -0.196396
v 0.757438 -0.420046 -0.279591
v 0.720293 -0.387719 -0.326760
v 0.849770 -0.620806 0.000000
v 0.844836 -0.626250 -0.051305
v -0.693537 -0.918266 0.000000
v -0.680079 -0.918266 -0.139433
v -0.632181 -0.917355 -0.321281
v -0.561246 -0.917355 -0.420788
v -0.464078 -0.917355 -0.520873
v -0.406888 -0.917355 -0.580349
v -0.339296 -0.917355 -0.632083
v -0.234808 -0.938874 -0.668142
v -0.130081 -0.970003 -0.672311
v -0.019583 -0.970003 -0.657665
v 0.064511 -0.980027 -0.629678
v 0.154270 -0.995570 -0.578266
v 0.211823 -1.025599 -0.514494
v 0.250145 -1.046085 -0.458988
v 0.285709 -1.081155 -0.401828
v 0.315895 -1.083042 -0.361126
v 0.362703 -1.101752 -0.315488
v 0.431490 -1.117355 -0.257664
v 0.480877 -1.129685 -0.197854
v 0.524588 -1.129685 -0.138890
v 0.556786 -1.129685 -0.082624
v 0.578840 -1.129685 -0.034510
v 0.586109 -1.129685 0.000000
v -0.693537 -1.235664 0.000000
v -0.680079 -1.235664 -0.139433
v -0.632181 -1.235664 -0.321281
v -0.561246 -1.235664 -0.420788
v -0.464078 -1.235664 -0.520873
v -0.406888 -1.235664 -0.580349
v -0.339296 -1.235664 -0.632083
v -0.246211 -1.235664 -0.665208
v -0.130081 -1.235664 -0.672311
v -0.019583 -1.235664 -0.657665
v 0.066733 -1.235664 -0.630146
v 0.151999 -1.235664 -0.574333
v 0.211823 -1.235664 -0.514494
v 0.259141 -1.235664 -0.451424
v 0.285709 -1.235664 -0.401828
v 0.310801 -1.235664 -0.369212
v 0.365407 -1.235664 -0.317312
v 0.431290 -1.235664 -0.257585
v 0.480877 -1.235664 -0.197854
v 0.524588 -1.235664 -0.138890
v 0.556786 -1.235664 -0.082624
v 0.578840 -1.235664 -0.034510
v 0.586109 -1.235664 0.000000
v 1.147362 -0.074351 -0.112875
v 0.825147 -0.881869 -0.131010
v 0.864810 -0.902505 -0.074026
v 0.864335 -0.908356 0.000066
v 1.052917 0.416750 0.122962
v 1.111071 0.268985 0.116697
v 1.017093 0.426441 0.186795
v 1.058379 0.269322 0.186846
v 0.971759 0.465095 0.265001
v 0.974525 0.318196 0.297834
v 0.927226 0.511476 0.366612
v 0.927669 0.398728 0.388012
v 0.537255 0.488919 0.743838
v 0.884575 0.532378 0.444275
v 0.883814 0.423401 0.462941
v 0.843673 0.539692 0.499207
v 0.842523 0.434708 0.514896
v 0.785062 0.544798 0.565290
v 0.776194 0.439265 0.573551
v 0.730237 0.563456 0.624794
v 0.702772 0.460392 0.634091
v 0.660467 0.588684 0.695200
v 0.644881 0.494122 0.689356
v 0.547672 0.585241 0.767166
v 0.529624 0.510737 0.764629
v 0.407732 0.549447 0.812500
v 0.468374 0.491121 0.788010
v 0.361090 0.529237 0.818175
v 0.405743 0.442076 0.791941
v 0.311857 0.453488 0.835694
v 0.392441 0.410372 0.796028
v 0.311148 0.337075 0.825233
v 0.395166 0.363704 0.803409
v 0.375765 0.265880 0.814508
v 0.422600 0.324188 0.798002
v 0.452004 0.236889 0.790091
v 0.461214 0.299074 0.780191
v 0.505519 0.223635 0.755858
v 0.512848 0.289169 0.740201
v 0.571861 0.220970 0.701772
v 0.565155 0.283513 0.698230
v 0.622086 0.214680 0.670260
v 0.607300 0.272158 0.664284
v 0.680321 0.216313 0.631637
v 0.674785 0.255625 0.622476
v 0.721962 0.194482 0.609490
v 0.732840 0.243741 0.601402
v 0.753763 0.165064 0.588073
v 0.777150 0.215611 0.573391
v 0.799210 0.142010 0.546355
v 0.823184 0.193720 0.532303
v 0.842793 0.108764 0.494575
v 0.856685 0.167360 0.490341
v 0.895380 0.096690 0.418772
v 0.903130 0.153776 0.413558
v 0.949490 0.096205 0.345609
v 0.930793 0.168095 0.362564
v 0.989468 0.134001 0.295258
v 0.971980 0.190073 0.307216
v 1.027192 0.167835 0.247252
v 0.987383 0.223808 0.285304
v 1.049895 0.217074 0.211012
v 0.993743 0.256454 0.274715
v 0.742406 0.393006 0.579568
v 0.687057 0.420254 0.625185
v 0.704928 0.363567 0.587476
v 0.658010 0.388016 0.622589
v 0.607148 0.317513 0.650970
v 0.665501 0.303652 0.616950
v 0.624947 0.351891 0.631301
v 0.678562 0.341951 0.598294
v 1.148426 0.185488 0.094943
v 1.168809 0.120078 0.085517
v 1.187415 0.042558 0.083727
v 1.191877 -0.046859 0.078165
v 1.156201 -0.118304 0.078233
v 1.186444 -0.108637 -0.000294
v 1.125291 -0.159291 0.073054
v 1.144911 -0.154411 -0.000344
v 1.115705 -0.236241 0.073437
v 1.126998 -0.273636 0.033333
v 1.135531 -0.299141 0.031872
v 1.142362 -0.318576 0.032411
v 1.146528 -0.338981 0.034269
v 1.054189 0.243224 0.198983
v 1.125623 0.192342 0.141434
v 1.121153 0.165851 0.153542
v 1.073598 0.166546 0.199857
v 1.158596 0.098688 0.125629
v 1.111784 0.099626 0.177054
v 1.051312 0.118180 0.233639
v 1.150189 0.024383 0.141507
v 1.086075 0.039451 0.209750
v 0.988008 0.002688 0.283806
v 1.089167 -0.022048 0.201413
v 1.015523 0.068279 0.274996
v 1.034525 -0.006516 0.245074
v 1.086968 0.007634 0.208063
v 0.992641 0.041301 0.292011
v 1.030055 0.031039 0.258555
v 1.140256 -0.011234 0.150796
v 1.168006 -0.017257 0.112087
v 1.119228 0.031974 0.176794
v 1.162212 -0.035996 0.115402
v 1.114766 -0.000965 0.181164
v 1.138522 -0.030397 0.147518
v 1.156201 -0.118304 0.078233
v 1.138522 -0.030397 0.147518
v 1.138522 -0.030397 0.147518
v 1.118276 -0.152841 0.082119
v 1.107606 -0.005727 0.099315
v 0.945971 0.033942 0.345469
v 0.948825 -0.023684 0.340202
v 0.925569 0.034149 0.378958
v 0.927698 -0.021412 0.379341
v 0.892790 0.045653 0.423440
v 0.900278 -0.012936 0.418740
v 0.869517 0.058479 0.454915
v 0.870510 0.000946 0.456413
v 0.843139 0.071597 0.489963
v 0.842485 0.013580 0.490205
v 0.796946 0.084708 0.543145
v 0.795891 0.027429 0.543290
v 0.759145 0.098126 0.584900
v 0.758450 0.040415 0.585390
v 0.724959 0.111914 0.617619
v 0.725466 0.054320 0.619630
v 0.688111 0.144917 0.643825
v 0.685074 0.088610 0.653281
v 0.635160 0.155134 0.675917
v 0.633493 0.099830 0.687839
v 0.580924 0.156638 0.710354
v 0.578498 0.100455 0.722653
v 0.508037 0.160733 0.761881
v 0.501880 0.104123 0.765643
v 0.431176 0.183003 0.802765
v 0.424026 0.126447 0.803376
v 0.978826 -0.077731 0.293860
v 0.947469 -0.067492 0.354177
v 0.924059 -0.062932 0.391665
v 0.895677 -0.057320 0.429700
v 0.865466 -0.051495 0.466253
v 0.836871 -0.046045 0.498904
v 0.789786 -0.022152 0.550456
v 0.751921 -0.014630 0.591193
v 0.719069 -0.008113 0.623949
v 0.680148 0.003605 0.657122
v 0.630149 0.011313 0.692058
v 0.575267 0.013979 0.724340
v 0.498490 0.026853 0.764458
v 0.421583 0.037510 0.799094
v 1.064199 -0.129215 0.154196
v 1.073905 -0.061310 0.160873
v 0.269455 0.257217 0.837256
v 0.253195 0.205842 0.849389
v 0.238034 0.114123 0.855858
v 0.676458 -0.100463 0.651746
v 0.625992 -0.092587 0.685683
v 0.570933 -0.089446 0.718235
v 0.494952 -0.075872 0.758667
v 0.670970 -0.174366 0.651713
v 0.619417 -0.168217 0.683736
v 0.563324 -0.166474 0.715084
v 0.485853 -0.154447 0.752755
v 0.668008 -0.284604 0.646846
v 0.612019 -0.264118 0.681121
v 0.553806 -0.262886 0.709159
v 0.472924 -0.251124 0.742726
v 0.725831 -0.203730 0.610846
v 0.723046 -0.292343 0.608166
v 0.774809 -0.237409 0.569423
v 0.773317 -0.307605 0.565803
v 0.844134 -0.268435 0.505076
v 0.840015 -0.330989 0.503155
v 0.891601 -0.313562 0.455067
v 0.891461 -0.371449 0.445176
v 0.952124 -0.329385 0.392623
v 0.944077 -0.408413 0.391361
v 0.640274 -0.315951 0.657828
v 0.696023 -0.331246 0.617224
v 0.634225 -0.372512 0.646660
v 0.698085 -0.359373 0.605241
v 0.663866 -0.418214 0.615077
v 0.703606 -0.378302 0.591583
v 0.690679 -0.454018 0.582363
v 0.718838 -0.415828 0.553431
v 0.715194 -0.465293 0.552463
v 0.740222 -0.433640 0.522723
v 0.758240 -0.483341 0.504160
v 0.785584 -0.452707 0.475845
v 0.793642 -0.504556 0.472143
v 0.821970 -0.472837 0.444474
v 0.840455 -0.529553 0.431047
v 0.870836 -0.489049 0.405183
v 0.878465 -0.546463 0.397352
v 0.910782 -0.511712 0.373224
v 0.907378 -0.562823 0.371877
v 0.941359 -0.527605 0.349960
v 0.932208 -0.576618 0.349582
v 0.966257 -0.540278 0.328348
v 0.966080 -0.591257 0.317265
v 0.989182 -0.535034 0.303536
v 0.991214 -0.596099 0.289724
v 1.005226 -0.545545 0.277849
v 1.018362 -0.600329 0.252243
v 1.035285 -0.548928 0.235881
v 1.047509 -0.599842 0.200788
v 1.058661 -0.544506 0.202440
v 1.066805 -0.599299 0.164550
v 1.079117 -0.545131 0.166212
v 1.085203 -0.597246 0.128263
v 1.099560 -0.542123 0.132118
v 1.100612 -0.588131 0.091017
v 1.116450 -0.534707 0.095414
v 1.112327 -0.579967 0.055400
v 1.124989 -0.549414 0.056711
v 1.119653 -0.572353 0.024539
v 1.127550 -0.544375 0.025808
v 1.121743 -0.571832 -0.000263
v 1.045714 -0.240103 0.222816
v 1.050752 -0.160144 0.199801
v 1.005260 -0.238714 0.290433
v 1.008072 -0.159508 0.265484
v 0.963130 -0.231413 0.368418
v 0.956977 -0.138193 0.353767
v 0.916196 -0.205094 0.428934
v 0.918990 -0.126537 0.408267
v 0.880672 -0.198539 0.465941
v 0.887003 -0.119117 0.447826
v 0.863022 -0.198445 0.484119
v 0.869878 -0.118982 0.467699
v 0.832551 -0.190970 0.514175
v 0.840716 -0.111492 0.499241
v 0.779278 -0.165657 0.564530
v 0.789055 -0.086091 0.552320
v 0.738601 -0.159034 0.600827
v 0.745705 -0.081984 0.595386
v 0.707151 -0.163108 0.626203
v 0.712667 -0.084049 0.624705
v 0.809317 0.437025 0.544166
v 0.759637 0.415767 0.577013
v 0.723728 0.378173 0.583627
v 0.864548 0.428328 0.490413
v 0.905057 0.412354 0.425073
v 0.953902 0.320702 0.327617
v 0.913717 0.387533 0.402720
v 0.876103 0.407876 0.465170
v 0.841240 0.418010 0.508770
v 0.784042 0.416845 0.555578
v 0.754403 0.274266 0.574977
v 0.788188 0.237087 0.559663
v 0.825066 0.217615 0.522923
v 0.854507 0.196451 0.488555
v 0.893767 0.184634 0.423997
v 0.914613 0.195240 0.379764
v 0.948276 0.213392 0.332407
v 0.962276 0.241947 0.315065
v 0.968209 0.269439 0.306719
v 0.755424 0.385137 0.561196
v 0.724486 0.359571 0.568391
v 0.692972 0.311695 0.595720
v 0.701127 0.342942 0.576355
v 0.813004 0.420144 0.533152
v 0.770546 0.403145 0.559652
v 0.740196 0.371972 0.565047
v 0.859576 0.412139 0.487841
v 0.894493 0.398951 0.433638
v 0.932904 0.316360 0.352622
v 0.898995 0.370918 0.412400
v 0.867924 0.386172 0.459289
v 0.838957 0.394805 0.496159
v 0.758664 0.286953 0.551601
v 0.794381 0.255598 0.533517
v 0.822571 0.235838 0.503331
v 0.847418 0.221511 0.475749
v 0.880883 0.212934 0.424593
v 0.898633 0.220810 0.388907
v 0.925957 0.233960 0.351043
v 0.937691 0.256076 0.337689
v 0.943679 0.276760 0.333002
v 0.766054 0.374017 0.534883
v 0.741163 0.352047 0.540989
v 0.716146 0.315067 0.568786
v 0.722016 0.340862 0.547013
v 0.815767 0.396859 0.516157
v 0.779464 0.385678 0.534616
v 0.753444 0.363138 0.537925
v 0.853872 0.390569 0.478425
v 0.883531 0.378670 0.434663
v 0.887340 0.308380 0.387674
v 0.867556 0.342575 0.424871
v 0.845005 0.356131 0.451964
v 0.826678 0.363759 0.472673
v 0.776864 0.261679 0.517960
v 0.798592 0.251314 0.504805
v 0.815174 0.238610 0.483613
v 0.831437 0.231040 0.462378
v 0.850395 0.233183 0.424877
v 0.861624 0.242112 0.401057
v 0.879696 0.260622 0.376605
v 0.888705 0.276151 0.373029
v 0.893635 0.287401 0.373190
v 0.780858 0.363550 0.494568
v 0.759770 0.354767 0.500605
v 0.736725 0.337379 0.507386
v 0.746985 0.342185 0.499064
v 0.812180 0.366096 0.484530
v 0.789159 0.366419 0.495383
v 0.770534 0.361613 0.498926
v 0.836243 0.359550 0.461744
v 0.855358 0.349545 0.438340
v 0.856885 0.303152 0.400605
v 0.841896 0.328062 0.423746
v 0.828363 0.340336 0.442150
v 0.816157 0.348557 0.455897
v 0.785942 0.250589 0.504136
v 0.799765 0.243532 0.493725
v 0.815672 0.235739 0.476511
v 0.824173 0.230226 0.455761
v 0.836712 0.234670 0.427595
v 0.844092 0.243035 0.409258
v 0.853605 0.257457 0.389953
v 0.860112 0.283329 0.386395
v 0.862795 0.290189 0.388379
v 0.782769 0.349301 0.472483
v 0.768058 0.334742 0.469298
v 0.753053 0.322675 0.475739
v 0.759868 0.328528 0.472906
v 0.806505 0.351029 0.462210
v 0.791050 0.352133 0.471417
v 0.778089 0.346358 0.471372
v 0.822180 0.344531 0.449196
v 0.835363 0.334802 0.432122
v 0.838259 0.303044 0.401742
v 0.828917 0.320010 0.416979
v 0.819702 0.329185 0.429545
v 0.810409 0.333875 0.438568
v 0.778877 0.319950 0.445941
v 0.788621 0.319878 0.437290
v 0.816418 0.230353 0.445116
v 0.818806 0.233980 0.431367
v 0.825606 0.241416 0.416220
v 0.829063 0.251067 0.403351
v 0.837006 0.286148 0.392456
v 0.840011 0.290882 0.393840
v 0.841511 0.294419 0.395339
v 0.789385 0.329614 0.446870
v 0.781375 0.324285 0.448525
v 0.771569 0.318944 0.452244
v 0.775973 0.321260 0.450462
v 0.803485 0.336098 0.444690
v 0.792584 0.332780 0.447512
v 0.784895 0.326783 0.447839
v 0.815146 0.332535 0.434877
v 0.824151 0.325219 0.423324
v 0.816599 0.313686 0.413424
v 0.813255 0.318288 0.419314
v 0.809371 0.321325 0.424262
v 0.807162 0.322169 0.426280
v 0.796962 0.318793 0.429168
v 0.799838 0.319174 0.427417
v 0.803919 0.317743 0.423383
v 0.805464 0.317087 0.421571
v 0.810090 0.314271 0.416379
v 0.812264 0.312715 0.413843
v 0.816161 0.310726 0.410881
v 0.817273 0.310828 0.410695
v 0.817779 0.311269 0.410955
v 0.799850 0.321511 0.430280
v 0.797655 0.320034 0.430096
v 0.794074 0.318721 0.431016
v 0.796117 0.319104 0.430046
v 0.804130 0.323038 0.428875
v 0.800969 0.322359 0.430470
v 0.798752 0.320772 0.430193
v 0.808401 0.321536 0.425077
v 0.811824 0.320292 0.421866
v 1.107247 -0.274393 0.115729
v 1.123487 -0.307149 0.089170
v 1.128453 -0.313062 0.081668
v 1.132821 -0.322497 0.074746
v 1.135600 -0.334668 0.075967
v 1.008189 -0.335586 0.301014
v 1.017814 -0.397015 0.290719
v 1.074018 -0.280822 0.187368
v 1.047886 -0.278467 0.227191
v 1.115496 -0.309688 0.113511
v 1.047434 -0.319902 0.236234
v 1.034030 -0.343687 0.259586
v 1.036009 -0.398924 0.264219
v 1.059659 -0.343416 0.225351
v 1.049404 -0.360838 0.241681
v 0.981380 -0.405174 0.347670
v 1.151673 -0.378518 0.037975
v 1.136339 -0.374134 0.103005
v 1.055043 -0.425355 0.244186
v 1.074516 -0.382725 0.215624
v 1.066250 -0.396012 0.227534
v 1.156368 -0.383603 0.000093
v 1.053478 -0.490795 0.248599
v 1.072928 -0.443803 0.224865
v 1.088617 -0.490038 0.205142
v 1.107983 -0.441365 0.180460
v 1.129006 -0.502583 0.127697
v 1.131962 -0.446171 0.132243
v 1.137540 -0.500314 0.099576
v 1.141094 -0.443859 0.104049
v 1.144914 -0.490865 0.062080
v 1.148430 -0.439380 0.066387
v 1.146877 -0.488170 0.042507
v 1.151223 -0.426809 0.047167
v 1.149221 -0.486727 0.019572
v 1.154069 -0.419726 0.024722
v 1.149421 -0.488132 0.000125
v 1.155858 -0.416802 0.000486
v 0.982719 -0.492517 0.337754
v 1.024963 -0.488722 0.285676
v 1.052270 -0.516850 0.247247
v 1.087667 -0.515808 0.204108
v 0.977845 -0.519873 0.333943
v 1.021955 -0.514399 0.287654
v 0.877250 -0.419285 0.439953
v 0.931008 -0.469715 0.385173
v 1.117817 -0.530979 0.125360
v 1.128028 -0.529069 0.095612
v 1.135759 -0.517515 0.057761
v 1.137234 -0.515473 0.038560
v 1.138664 -0.515409 0.014598
v 1.138447 -0.515880 0.000115
v 1.040260 -0.547225 0.246805
v 1.073466 -0.544917 0.200917
v 0.973506 -0.517734 0.329079
v 1.011893 -0.545385 0.284961
v 1.115014 -0.537271 0.125084
v 1.124377 -0.535212 0.095041
v 1.132517 -0.526748 0.061656
v 1.134252 -0.523833 0.036424
v 1.135770 -0.521092 0.013525
v 1.135521 -0.522079 0.000100
v 1.037310 -0.552341 0.244644
v 1.069915 -0.548571 0.198715
v 1.010651 -0.550060 0.281910
v 1.125542 -0.528639 0.057238
v 1.127078 -0.525238 0.024445
v 0.831191 -0.385646 0.493996
v 0.762789 -0.354610 0.560772
v 0.617456 0.482348 0.698400
v 0.636064 0.464488 0.675288
v 0.487197 0.471125 0.763605
v 0.433842 0.438850 0.762687
v 0.423385 0.410911 0.766420
v 0.429303 0.377092 0.777416
v 0.451949 0.343062 0.774113
v 0.481208 0.321577 0.755847
v 0.525112 0.313273 0.727139
v 0.568268 0.309410 0.691730
v 0.595598 0.298395 0.666863
v 0.665615 0.414551 0.632063
v 0.639941 0.391875 0.627142
v 0.597514 0.331348 0.654716
v 0.615946 0.357012 0.634425
v 0.608560 0.464697 0.690856
v 0.623061 0.451056 0.671083
v 0.539642 0.474697 0.728967
v 0.497841 0.460328 0.744392
v 0.452166 0.439254 0.742201
v 0.436004 0.402116 0.746613
v 0.447877 0.383684 0.752259
v 0.467649 0.358583 0.750337
v 0.492434 0.340404 0.738344
v 0.532613 0.334096 0.717550
v 0.566032 0.329517 0.689647
v 0.587492 0.328805 0.665950
v 0.645865 0.412932 0.636523
v 0.624460 0.396493 0.630742
v 0.590043 0.347342 0.655277
v 0.603637 0.366324 0.636996
v 0.593096 0.472702 0.672836
v 0.611487 0.441942 0.668686
v 0.537757 0.455136 0.708209
v 0.505966 0.446437 0.718978
v 0.470724 0.429739 0.717358
v 0.461605 0.423190 0.713297
v 0.461295 0.376528 0.723574
v 0.479598 0.366758 0.720786
v 0.501249 0.361957 0.714450
v 0.528573 0.365274 0.693318
v 0.556864 0.365248 0.673016
v 0.574781 0.361357 0.661782
v 0.619706 0.408810 0.637711
v 0.604003 0.396921 0.634483
v 0.579242 0.366944 0.651868
v 0.582499 0.381648 0.640010
v 0.579987 0.457294 0.664661
v 0.589051 0.450316 0.651941
v 0.530408 0.455840 0.671492
v 0.508481 0.450936 0.678460
v 0.486617 0.435077 0.677687
v 0.487910 0.409701 0.690228
v 0.486017 0.400328 0.687123
v 0.494435 0.384679 0.683379
v 0.508726 0.379408 0.680217
v 0.527142 0.379666 0.668283
v 0.545077 0.381043 0.655901
v 0.549210 0.356052 0.643335
v 0.584504 0.421404 0.624753
v 0.573956 0.411138 0.621735
v 0.556583 0.386291 0.646095
v 0.559062 0.390230 0.621565
v 0.560739 0.442946 0.650461
v 0.566991 0.437129 0.642654
v 0.593768 -0.328619 0.676622
v 0.584213 -0.388476 0.666603
v 0.620129 -0.438253 0.637122
v 0.662393 -0.481607 0.600619
v 0.693781 -0.496838 0.571632
v 0.724018 -0.515774 0.539145
v 0.762817 -0.537822 0.500591
v 0.537398 -0.349954 0.697334
v 0.455177 -0.340306 0.729579
v 0.540634 -0.396447 0.683934
v 0.461152 -0.427152 0.705146
v 0.574403 -0.454219 0.653872
v 0.517288 -0.485856 0.666937
v 0.619688 -0.492686 0.622358
v 0.564075 -0.524038 0.637025
v 0.655801 -0.512602 0.596104
v 0.624620 -0.565063 0.597772
v 0.694000 -0.528843 0.563763
v 0.683722 -0.593879 0.553821
v 0.746395 -0.551068 0.514324
v 0.728440 -0.612249 0.518754
v 0.805245 -0.577242 0.463554
v 0.789582 -0.627355 0.471512
v 0.874119 -0.604039 0.403015
v 0.860652 -0.642676 0.412760
v 0.936982 -0.636135 0.345180
v 0.924547 -0.669764 0.354991
v 0.978907 -0.651740 0.303361
v 0.967311 -0.685854 0.314236
v 1.019098 -0.656117 0.254320
v 1.010591 -0.689697 0.267793
v 1.047849 -0.661030 0.207063
v 1.048763 -0.696871 0.212401
v 1.068000 -0.664572 0.164638
v 1.069034 -0.698744 0.169117
v 1.081154 -0.664667 0.127625
v 1.082274 -0.699499 0.131105
v 1.092297 -0.650960 0.086250
v 1.092639 -0.686455 0.088459
v 1.098770 -0.638392 0.046825
v 1.097853 -0.678282 0.047451
v 1.102195 -0.631757 0.016068
v 1.096779 -0.676146 0.017706
v 1.102876 -0.630711 -0.000198
v 1.006627 0.537551 0.114909
v 0.974727 0.556812 0.182248
v 0.939649 0.602544 0.263441
v 0.890738 0.646937 0.364566
v 0.844468 0.664466 0.440390
v 0.806375 0.674430 0.497178
v 0.751977 0.683938 0.567307
v 0.693997 0.700352 0.624896
v 0.616186 0.712367 0.684151
v 0.503421 0.704466 0.749357
v 0.367728 0.671766 0.791427
v 0.992942 0.587552 0.060741
v 0.964026 0.612875 0.125980
v 0.927738 0.662022 0.207216
v 0.884242 0.708740 0.308249
v 0.839879 0.727116 0.384233
v 0.801682 0.737299 0.440709
v 0.748381 0.750347 0.510777
v 0.691223 0.765523 0.568693
v 0.615799 0.780550 0.632442
v 0.505604 0.779805 0.704814
v 0.367495 0.749860 0.755832
v 0.962304 0.649143 -0.000075
v 0.968536 0.638270 -0.000074
v 0.940247 0.681068 0.054215
v 0.901526 0.725378 0.134601
v 0.865430 0.775334 0.236906
v 0.827624 0.801203 0.309505
v 0.791721 0.814549 0.364763
v 0.739220 0.828583 0.432945
v 0.683677 0.845013 0.490893
v 0.611925 0.863516 0.557097
v 0.507541 0.871529 0.634284
v 0.371938 0.855618 0.692836
v 0.912841 0.738221 -0.000092
v 0.918114 0.728710 -0.000098
v 0.893836 0.771606 -0.000075
v 0.854726 0.816360 0.091285
v 0.804995 0.852688 0.191815
v 0.766797 0.878513 0.270395
v 0.730964 0.896237 0.326463
v 0.677712 0.913475 0.395762
v 0.621604 0.929749 0.454913
v 0.547517 0.943988 0.521651
v 0.435422 0.942276 0.594206
v 0.302420 0.931724 0.643385
v 0.817652 0.881825 0.000153
v 0.777065 0.920809 0.071307
v 0.725595 0.949065 0.173800
v 0.683475 0.963174 0.252164
v 0.646209 0.974104 0.308247
v 0.583033 0.993597 0.376663
v 0.698638 1.001357 0.049362
v 0.661855 1.015054 0.160180
v 0.623787 1.012036 0.262277
v 0.513273 0.985195 0.488253
v 0.401917 0.983643 0.559913
v 0.225710 0.975446 0.608306
v 0.619979 1.054788 0.028998
v 0.581922 1.071970 0.138351
v 0.535942 1.083275 0.234018
v 0.434643 1.035386 0.461825
v 0.313045 1.031310 0.523702
v 0.386920 1.066548 0.434091
v 0.175894 0.996397 0.585431
v 0.565066 1.081102 0.021721
v 0.526033 1.097449 0.130947
v 0.485609 1.109073 0.208823
v 0.261874 1.050807 0.503420
v 0.334031 1.090138 0.416728
v 0.071132 1.015414 0.557042
v 0.461005 1.118776 0.000087
v 0.420488 1.132645 0.107199
v 0.380092 1.142784 0.185382
v 0.157343 1.073344 0.475343
v 0.230252 1.118105 0.391564
v -0.071359 1.019067 0.521347
v 0.276550 1.168513 0.069704
v 0.235327 1.173493 0.148742
v 0.014717 1.082686 0.441379
v 0.086720 1.133219 0.358106
v -0.171277 1.010123 0.492142
v 0.423262 1.130375 0.000152
v 0.172082 1.184591 0.043330
v 0.130682 1.183709 0.122331
v -0.085047 1.075531 0.413875
v -0.014400 1.129385 0.330871
v -0.287536 0.991618 0.446775
v 0.044564 1.187885 0.000118
v 0.004012 1.182287 0.078853
v -0.204207 1.058772 0.368858
v -0.136159 1.114850 0.285060
v -0.413784 0.925130 0.457591
v -0.399925 0.988173 0.307882
v -0.341664 1.052788 0.223962
v -0.396419 1.044378 0.121064
v -0.400710 1.011517 0.237240
v 0.466754 1.085693 0.328689
v 0.409992 1.114538 0.312963
v 0.513676 1.097282 0.213324
v 0.360543 1.078830 0.425560
v 0.304740 1.146255 0.287880
v 0.282277 1.105925 0.404679
v 0.433086 1.127498 0.197166
v 0.161177 1.166504 0.254844
v 0.158481 1.128304 0.375559
v 0.307916 1.160169 0.167120
v 0.057600 1.167901 0.227812
v 0.036044 1.132891 0.344870
v 0.183067 1.180023 0.135590
v -0.066682 1.158714 0.182637
v -0.075457 1.123486 0.308240
v 0.067308 1.184879 0.100673
v -0.282557 1.107681 0.112986
v -0.240098 1.089885 0.255709
v -0.106772 1.168365 0.045328
v -0.175013 1.139633 0.148407
v -0.004858 1.164734 0.205622
v 0.109325 1.168585 0.241456
v 0.233350 1.159107 0.271524
v 0.357779 1.132508 0.300944
v 0.438337 1.101474 0.320824
v 0.488298 1.069175 0.340064
v -0.512422 0.907016 0.298515
v -0.505218 0.957032 0.111789
v -0.509726 0.928187 0.227914
v 0.256494 0.710218 0.773567
v 0.255969 0.764480 0.755354
v 0.259072 0.839205 0.720278
v 0.212325 0.891844 0.688916
v 0.160562 0.921057 0.665294
v 0.090712 0.947157 0.638671
v 0.014350 0.959235 0.619317
v 0.320819 0.541898 0.822710
v 0.283058 0.655227 0.791862
v 0.230785 0.531446 0.828291
v 0.190646 0.642239 0.794668
v 0.299562 0.461668 0.836843
v 0.211800 0.458919 0.836447
v 0.451507 -0.504379 0.682933
v 0.507300 -0.561196 0.642990
v 0.554521 -0.601474 0.614397
v 0.614538 -0.642557 0.576766
v 0.674537 -0.673287 0.535336
v 0.720436 -0.693715 0.503279
v 0.781823 -0.709211 0.456544
v 0.853935 -0.725701 0.399447
v 0.962293 -0.715752 0.315511
v 1.007208 -0.720351 0.271229
v 1.045012 -0.728395 0.223137
v 1.073799 -0.732812 0.166250
v 1.087058 -0.733455 0.128039
v 1.096065 -0.720741 0.084861
v 1.100736 -0.712658 0.043758
v 1.100194 -0.711004 0.014471
v 1.101429 -0.728542 0.014344
v 1.101554 -0.730478 0.042479
v 1.096973 -0.731516 0.084974
v 0.957760 -0.745543 0.312046
v 1.004137 -0.751266 0.269568
v 1.044390 -0.759372 0.222994
v 1.075094 -0.760374 0.166849
v 1.090254 -0.765381 0.125148
v 1.099676 -0.758917 0.015353
v 1.100467 -0.760799 0.038628
v 1.099440 -0.761183 0.081804
v 0.844301 -0.756110 0.390151
v 0.949149 -0.776525 0.304408
v 0.996998 -0.785608 0.262636
v 0.436475 -0.545218 0.670958
v 0.497400 -0.594833 0.629893
v 0.547823 -0.632847 0.602217
v 0.609161 -0.666551 0.565242
v 0.671532 -0.695534 0.524333
v 0.717712 -0.714502 0.493470
v 0.780622 -0.726921 0.448577
v 0.434465 -0.603339 0.639146
v 0.496253 -0.648427 0.595267
v 0.546223 -0.678723 0.567166
v 0.610063 -0.702663 0.526675
v 0.671315 -0.731995 0.485379
v 0.715522 -0.751402 0.451585
v 0.777113 -0.771729 0.407760
v 1.037065 -0.799249 0.218594
v 1.071346 -0.806998 0.164775
v 1.087273 -0.803315 0.126875
v 1.091355 -0.794873 0.015470
v 1.090472 -0.794840 0.000189
v 1.094092 -0.798744 0.038441
v 1.096925 -0.802520 0.080695
v 0.988804 -0.806267 0.254308
v 1.093357 -0.786207 0.000277
v 1.033448 -0.816555 0.210628
v 1.066429 -0.827941 0.158466
v 1.081679 -0.829291 0.120432
v 1.084533 -0.811139 0.013225
v 1.083692 -0.811028 0.000708
v 1.087700 -0.816404 0.036432
v 1.091026 -0.824241 0.076642
v 0.984017 -0.817226 0.247322
v 1.086823 -0.804007 0.000748
v 1.027785 -0.829226 0.204168
v 1.058627 -0.842026 0.153713
v 1.073585 -0.845589 0.117378
v 1.077352 -0.825387 0.014879
v 1.076132 -0.824940 0.001408
v 1.080581 -0.831760 0.038523
v 1.083025 -0.841148 0.076531
v 0.973892 -0.828922 0.239340
v 1.078771 -0.820235 0.000437
v 1.017845 -0.844178 0.192159
v 1.048245 -0.858543 0.139501
v 1.062720 -0.862792 0.102460
v 1.067248 -0.837819 0.001174
v 1.066678 -0.838588 0.001119
v 1.068373 -0.840682 0.021042
v 1.071427 -0.854437 0.060892
v 0.951542 -0.837431 0.236341
v 0.996332 -0.852121 0.189312
v 1.026647 -0.868799 0.136247
v 1.043359 -0.877371 0.096201
v 1.053793 -0.853181 0.000277
v 1.053090 -0.853935 0.000236
v 1.053843 -0.854463 0.013079
v 1.053690 -0.868304 0.053702
v 0.929125 -0.848129 0.217692
v 0.969701 -0.858031 0.184623
v 0.999294 -0.876508 0.131459
v 1.014284 -0.888391 0.082543
v 1.032446 -0.870918 -0.000162
v 1.028989 -0.875031 0.020724
v 1.025991 -0.882912 0.049636
v 0.427048 -0.025082 0.792478
v 0.413265 -0.104107 0.788401
v 0.393465 -0.199530 0.777143
v 0.369623 -0.286692 0.762598
v 0.370758 -0.374942 0.741700
v 0.357205 -0.453751 0.724608
v 0.338989 -0.495282 0.712235
v 0.332851 -0.551773 0.678423
v 0.322061 0.028936 0.833141
v 0.308112 -0.049648 0.828362
v 0.288214 -0.144028 0.814278
v 0.264175 -0.229363 0.796820
v 0.265154 -0.317383 0.774329
v 0.251862 -0.395179 0.756685
v 0.235540 -0.429296 0.741081
v 0.229704 -0.483589 0.707458
v 0.233022 0.071817 0.855415
v 0.219553 -0.005974 0.852928
v 0.200757 -0.100920 0.844304
v 0.177073 -0.185309 0.828317
v 0.178384 -0.269861 0.800149
v 0.166301 -0.341598 0.775314
v 0.149602 -0.376739 0.759306
v 0.142691 -0.436097 0.731217
v 0.122616 0.096915 0.862515
v 0.108539 0.020073 0.864336
v 0.089954 -0.073483 0.862646
v 0.068537 -0.153300 0.848014
v 0.070437 -0.231025 0.817635
v 0.057743 -0.299616 0.784964
v 0.035558 -0.342608 0.767747
v 0.028329 -0.408396 0.747194
v 0.166899 0.281807 0.833343
v 0.149498 0.229052 0.847524
v 0.133737 0.139846 0.860811
v 0.077151 0.232028 0.834107
v 0.077521 0.194577 0.849570
v 0.058951 0.146524 0.858192
v 0.122277 0.429120 0.826688
v 0.128087 0.528561 0.815697
v 0.080911 0.363804 0.824256
v 0.070871 0.300159 0.804553
v 0.030201 0.239094 0.825621
v 0.037569 0.358973 0.817080
v 0.035877 0.292261 0.789978
v -0.007893 0.241364 0.826785
v 0.000127 0.356679 0.811814
v -0.007088 0.286934 0.778100
v -0.052892 0.244240 0.834798
v -0.040655 0.367789 0.807092
v -0.042099 0.304056 0.778945
v -0.085629 0.261463 0.831138
v -0.072450 0.379553 0.802299
v -0.085809 0.353433 0.794576
v 0.053518 0.256454 0.807746
v 0.054471 0.327236 0.810967
v 0.014619 0.256176 0.805574
v 0.017961 0.324402 0.802827
v 0.053244 0.295453 0.797358
v 0.018902 0.357476 0.814054
v 0.011778 0.239837 0.825756
v -0.029950 0.264951 0.810995
v -0.022217 0.331947 0.799483
v 0.016914 0.294306 0.787091
v -0.020520 0.361645 0.809797
v -0.030934 0.242497 0.830673
v -0.062228 0.280395 0.812631
v -0.051588 0.352837 0.800920
v -0.025476 0.294466 0.778390
v -0.056473 0.373295 0.804900
v -0.070811 0.254181 0.833163
v -0.046474 0.271123 0.811877
v -0.036777 0.343540 0.800978
v -0.008249 0.259450 0.808530
v -0.002176 0.328043 0.801240
v 0.033989 0.254443 0.807494
v 0.036130 0.325139 0.807236
v -0.073540 0.270410 0.825014
v -0.046976 0.329863 0.792377
v -0.059173 0.329927 0.789759
v -0.051414 0.292520 0.795365
v -0.062042 0.370730 0.803455
v -0.106628 0.269714 0.827415
v -0.094803 0.384150 0.798223
v -0.110114 0.347563 0.793820
v 0.017428 0.470914 0.808270
v 0.021327 0.575171 0.799391
v -0.025321 0.400181 0.810906
v -0.095841 0.494019 0.793093
v -0.084051 0.590316 0.794149
v -0.123983 0.415565 0.793839
v 0.016147 0.106486 0.861023
v 0.003317 0.032158 0.861517
v -0.013371 -0.059721 0.854966
v -0.035159 -0.136932 0.836265
v -0.037418 -0.218083 0.809697
v -0.056336 -0.298308 0.786469
v -0.074127 -0.340592 0.776997
v -0.078622 -0.406380 0.761445
v -0.058999 0.148970 0.855549
v -0.070065 0.076777 0.856529
v -0.088658 -0.016592 0.850821
v -0.112640 -0.098993 0.838720
v -0.112899 -0.184445 0.819125
v -0.128006 -0.262540 0.800078
v -0.145242 -0.303322 0.791006
v -0.160712 -0.361015 0.776055
v -0.156928 0.218211 0.834962
v -0.169882 0.149879 0.840333
v -0.190940 0.057589 0.839835
v -0.215143 -0.026969 0.836046
v -0.216875 -0.112747 0.827967
v -0.231628 -0.189811 0.812482
v -0.247972 -0.227986 0.799797
v -0.255660 -0.291505 0.779468
v -0.234878 0.245529 0.819649
v -0.258023 0.189331 0.817182
v -0.268611 0.113835 0.820948
v -0.291587 0.032552 0.819903
v -0.294414 -0.051075 0.816980
v -0.319062 -0.149063 0.796766
v -0.328437 -0.216838 0.777706
v -0.341211 -0.282125 0.752807
v 0.828904 -0.780421 0.377816
v 0.940567 -0.795714 0.296387
v 0.827969 -0.787069 0.369584
v 0.933234 -0.811148 0.285312
v 0.819164 -0.795482 0.359970
v 0.919398 -0.819973 0.281152
v 0.782467 -0.814668 0.330612
v 0.887498 -0.840679 0.246456
v 0.906143 -0.735946 0.356188
v 0.916543 -0.703307 0.357197
v 1.123384 0.280481 0.060959
v 1.068685 0.432011 0.063821
v 1.086023 0.344566 0.119991
v 1.095937 0.359777 0.064662
v 0.183846 0.710453 0.775087
v 0.183371 0.765519 0.758562
v 0.186492 0.840929 0.724077
v 0.109479 0.714803 0.776137
v 0.109007 0.769165 0.759116
v 0.112149 0.842729 0.723858
v 0.037218 0.721159 0.775875
v 0.036646 0.776304 0.757008
v 0.039666 0.849455 0.718744
v -0.052720 0.720238 0.775748
v -0.053258 0.774613 0.756167
v -0.049828 0.844615 0.716183
v 0.106055 0.608268 0.798496
v -0.061156 0.237970 0.838359
v -0.090684 0.250535 0.835782
v -0.038557 0.233377 0.837010
v -0.075664 0.244719 0.837312
v -0.095160 0.232752 0.840592
v -0.050484 0.219126 0.843283
v -0.142514 0.268329 0.825762
v -0.134027 0.389414 0.795800
v -0.151714 0.353297 0.803755
v -0.174281 0.279054 0.820469
v -0.165034 0.397582 0.796863
v -0.179817 0.364484 0.805247
v -0.224849 0.288740 0.815210
v -0.213347 0.403688 0.793904
v -0.229213 0.370237 0.798871
v 0.036898 0.367832 0.817775
v -0.057036 0.382149 0.805461
v -0.124205 0.999738 0.530878
v -0.038658 0.941594 0.629730
v -0.214419 0.958002 0.551757
v -0.097664 0.891683 0.667629
v -0.271469 0.901724 0.597125
v -0.187498 0.843271 0.688021
v -0.317812 0.871315 0.608717
v -0.232834 0.800571 0.708081
v -0.365071 0.796633 0.657164
v -0.277609 0.741039 0.730465
v -0.421386 0.735036 0.676350
v -0.328048 0.673073 0.742184
v -0.476818 0.684979 0.678951
v -0.381711 0.621580 0.738398
v -0.524188 0.631503 0.676981
v -0.430178 0.566060 0.733013
v -0.580917 0.557138 0.662788
v -0.491432 0.486521 0.724115
v -0.631521 0.454096 0.642451
v -0.547858 0.385269 0.716634
v -0.480519 0.859266 0.515786
v -0.369624 0.814100 0.639896
v -0.561194 0.809156 0.509969
v -0.445269 0.766498 0.643424
v -0.627172 0.742432 0.513440
v -0.504236 0.714298 0.650141
v -0.704261 0.654002 0.489307
v -0.610611 0.632736 0.617160
v -0.756382 0.550524 0.481002
v -0.680915 0.497250 0.587633
v -0.083530 0.784097 0.749623
v -0.155916 0.819269 0.716441
v -0.103603 0.719680 0.773530
v -0.186027 0.760121 0.746531
v -0.123996 0.655398 0.786752
v -0.224599 0.700111 0.763648
v -0.153037 0.547968 0.789498
v -0.252147 0.582426 0.780019
v -0.205567 0.415484 0.792334
v -0.301267 0.521564 0.774507
v -0.567815 0.872575 0.245195
v -0.621494 0.785310 0.456368
v -0.633168 0.816162 0.198996
v -0.691170 0.735115 0.408896
v -0.704481 0.737235 0.150783
v -0.764985 0.660871 0.356901
v -0.784119 0.624655 0.089446
v -0.844708 0.545223 0.291021
v -0.823032 0.545300 -0.000309
v -0.877360 0.474300 0.219963
v -0.847831 0.481983 -0.000306
v -0.868448 0.391030 -0.000611
v -0.756765 0.657563 -0.001395
v -0.406661 0.318994 0.777112
v -0.546830 0.312527 0.728773
v -0.410745 0.246365 0.784096
v -0.559367 0.243334 0.726787
v -0.421778 0.176616 0.785537
v -0.569844 0.151822 0.718907
v -0.433566 0.083816 0.780427
v -0.576280 0.012964 0.694798
v -0.444591 -0.058045 0.757742
v -0.581611 -0.111258 0.652553
v -0.454182 -0.186733 0.715264
v -0.587012 -0.185334 0.614715
v -0.463605 -0.266887 0.679725
v -0.668748 0.378790 0.621231
v -0.792922 0.476578 0.459484
v -0.715522 0.421052 0.563953
v -0.705386 0.244982 0.596551
v -0.825328 0.342769 0.438592
v -0.752925 0.286195 0.541244
v -0.720600 0.142467 0.573234
v -0.834543 0.239712 0.423934
v -0.767519 0.183193 0.520581
v -0.705760 0.016406 0.561152
v -0.829232 0.112643 0.396507
v -0.759706 0.054011 0.499563
v -0.678202 -0.140342 0.525515
v -0.805658 -0.009806 0.372906
v -0.745685 -0.077249 0.455163
v -0.873391 0.445161 0.313361
v -0.888211 0.414416 0.184031
v -0.890669 0.380841 0.269690
v -0.874197 0.229128 -0.001195
v -0.884663 0.246140 0.239074
v -0.855131 0.058212 0.000804
v -0.861928 0.084978 0.209558
v -0.812962 -0.114227 0.233619
v -0.787671 -0.262700 0.190959
v -0.693586 -0.463209 0.175316
v -0.670710 -0.617995 0.159119
v 0.819164 -0.795482 0.359970
v 0.827969 -0.787069 0.369584
v 0.765347 -0.773707 0.407603
v 0.728621 -0.793153 0.378208
v 0.705366 -0.755604 0.443537
v 0.668826 -0.775020 0.414468
v 0.653814 -0.732404 0.483440
v 0.616466 -0.751886 0.453351
v 0.597584 -0.703404 0.525608
v 0.560724 -0.724550 0.496774
v 0.542256 -0.689949 0.552991
v 0.505397 -0.706649 0.525208
v 0.476777 -0.656793 0.588954
v 0.440650 -0.677909 0.562067
v 0.410803 -0.618352 0.630889
v 0.373400 -0.640642 0.601800
v 0.320849 -0.561534 0.669068
v 0.283792 -0.585550 0.643062
v 0.223326 -0.489291 0.703528
v 0.186634 -0.519785 0.684830
v 0.141431 -0.447326 0.725839
v 0.105049 -0.480547 0.713926
v 0.008662 -0.420995 0.745608
v -0.000620 -0.466171 0.734981
v -0.061413 -0.416768 0.756712
v -0.069598 -0.459837 0.747786
v -0.169711 -0.388170 0.768070
v -0.202326 -0.415676 0.752885
v -0.269641 -0.328015 0.765161
v -0.286192 -0.370142 0.748550
v -0.347569 -0.323171 0.737233
v -0.361065 -0.362716 0.717774
v -0.466888 -0.315481 0.658458
v -0.468470 -0.361403 0.639080
v -0.579610 -0.260657 0.584166
v -0.580252 -0.303477 0.560205
v -0.670193 -0.215603 0.493072
v -0.671861 -0.261173 0.464094
v -0.741107 -0.156425 0.411413
v -0.739866 -0.201876 0.383144
v -0.784425 -0.113938 0.342097
v -0.774763 -0.186979 0.308154
v -0.633300 -0.402195 0.403998
v -0.723382 -0.334488 0.328155
v -0.629985 -0.613026 0.337450
v -0.554158 -0.403323 0.491457
v -0.566482 -0.627384 0.433335
v -0.444543 -0.413587 0.588085
v -0.471534 -0.650471 0.531269
v -0.375351 -0.444912 0.635390
v -0.401091 -0.690067 0.593224
v -0.302988 -0.473484 0.675907
v -0.335579 -0.716892 0.645275
v -0.188916 -0.537060 0.697648
v -0.225047 -0.736478 0.682438
v -0.082833 -0.566187 0.697002
v -0.126364 -0.750086 0.685503
v 0.015263 -0.597924 0.677388
v -0.015393 -0.780558 0.672028
v 0.096899 -0.639610 0.643358
v 0.070449 -0.811108 0.643338
v 0.181391 -0.690317 0.580174
v 0.155716 -0.823173 0.587525
v 0.250480 -0.771153 0.512410
v 0.215540 -0.858207 0.527685
v 0.293182 -0.802254 0.453949
v 0.266955 -0.893348 0.470495
v 0.315381 -0.822821 0.417886
v 0.289426 -0.927194 0.415020
v 0.361654 -0.839023 0.376378
v 0.324111 -0.928691 0.370332
v 0.424721 -0.850819 0.322968
v 0.374207 -0.943776 0.322436
v 0.491183 -0.877319 0.267048
v 0.435006 -0.950374 0.270777
v 0.535720 -0.897492 0.210801
v 0.484594 -0.967183 0.211046
v 0.575406 -0.913072 0.152245
v 0.528305 -0.991157 0.152081
v 0.621076 -0.936349 0.096519
v 0.560502 -1.012678 0.095816
v 0.643615 -0.946697 0.054967
v 0.582556 -1.029789 0.047702
v 0.304837 -0.711488 0.518054
v 0.348941 -0.749965 0.466386
v 0.388268 -0.774792 0.420850
v 0.427195 -0.802327 0.380709
v 0.506116 -0.828256 0.344551
v 0.574932 -0.844667 0.282215
v 0.640570 -0.865087 0.210661
v 0.705202 -0.879896 0.154721
v 0.720337 -0.891119 0.112043
v 0.746366 -0.910504 0.057386
v 0.738906 -0.915013 -0.000139
v 0.375369 -0.662785 0.570468
v 0.447945 -0.702921 0.522655
v 0.485616 -0.729817 0.478596
v 0.541266 -0.755907 0.432177
v 0.623705 -0.792363 0.388604
v 0.710960 -0.823702 0.346364
v 0.786234 -0.840885 0.275207
v 0.855302 -0.850818 0.217361
v 0.929957 -0.872619 0.149976
v 0.983253 -0.894506 0.080426
v 1.107585 -0.106962 0.115488
v 1.117708 -0.045740 0.148188
v 1.093030 -0.041565 0.175135
v 1.085399 -0.061197 0.154865
v 1.030082 -0.567817 0.243826
v 1.001536 -0.565118 0.283305
v 0.982591 -0.557130 0.308361
v 1.110539 -0.556108 0.095407
v 1.096236 -0.562079 0.130374
v 1.076752 -0.565708 0.166137
v 1.056411 -0.566612 0.202625
v 0.900447 -0.557464 0.264960
v 0.884403 -0.546953 0.290646
v 0.930505 -0.560848 0.222992
v 0.953882 -0.556425 0.189550
v 0.974338 -0.557050 0.153323
v 0.994780 -0.554043 0.119229
v 1.011671 -0.546626 0.082524
v 1.035138 -0.504206 0.110041
v 1.044501 -0.502148 0.079998
v 1.052641 -0.493683 0.046614
v 1.054376 -0.490768 0.021381
v 0.957434 -0.519276 0.229601
v 0.990039 -0.515506 0.183673
v 0.930775 -0.516995 0.266867
v 0.893630 -0.484669 0.314037
v 1.020762 -0.540558 0.044348
v 0.724521 -0.643155 0.271917
v 0.708477 -0.632645 0.297603
v 0.754579 -0.646539 0.229949
v 0.777955 -0.642117 0.196508
v 0.798411 -0.642742 0.160280
v 0.818854 -0.639734 0.126186
v 0.835745 -0.632317 0.089482
v 0.861801 -0.407256 0.122765
v 0.871164 -0.405198 0.092722
v 0.879304 -0.396733 0.059337
v 0.881039 -0.393818 0.034105
v 0.784098 -0.422326 0.242325
v 0.816702 -0.418556 0.196396
v 0.757438 -0.420046 0.279591
v 0.720293 -0.387719 0.326760
v 0.844836 -0.626250 0.051305
v -0.680079 -0.918266 0.139433
v -0.632181 -0.917355 0.321281
v -0.561246 -0.917355 0.420788
v -0.464078 -0.917355 0.520873
v -0.406888 -0.917355 0.580349
v -0.339296 -0.917355 0.632083
v -0.234808 -0.938874 0.668142
v -0.130081 -0.970003 0.672311
v -0.019583 -0.970003 0.657665
v 0.064511 -0.980027 0.629678
v 0.154270 -0.995570 0.578266
v 0.211823 -1.025599 0.514494
v 0.250145 -1.046085 0.458988
v 0.285709 -1.081155 0.401828
v 0.315895 -1.083042 0.361126
v 0.362703 -1.101752 0.315488
v 0.431490 -1.117355 0.257664
v 0.480877 -1.129685 0.197854
v 0.524588 -1.129685 0.138890
v 0.556786 -1.129685 0.082624
v 0.578840 -1.129685 0.034510
v -0.680079 -1.235664 0.139433
v -0.632181 -1.235664 0.321281
v -0.561246 -1.235664 0.420788
v -0.464078 -1.235664 0.520873
v -0.406888 -1.235664 0.580349
v -0.339296 -1.235664 0.632083
v -0.246211 -1.235664 0.665208
v -0.130081 -1.235664 0.672311
v -0.019583 -1.235664 0.657665
v 0.066733 -1.235664 0.630146
v 0.151999 -1.235664 0.574333
v 0.211823 -1.235664 0.514494
v 0.259141 -1.235664 0.451424
v 0.285709 -1.235664 0.401828
v 0.310801 -1.235664 0.369212
v 0.365407 -1.235664 0.317312
v 0.431290 -1.235664 0.257585
v 0.480877 -1.235664 0.197854
v 0.524588 -1.235664 0.138890
v 0.556786 -1.235664 0.082624
v 0.578840 -1.235664 0.034510
v 1.147362 -0.074351 0.112875
v 0.825147 -0.881869 0.131010
v 0.864810 -0.902505 0.074026
v 0.864335 -0.908356 -0.000066
vn -0.9420 -0.3110 0.1262
vn -0.8037 -0.2505 0.5398
vn -0.8490 -0.1769 0.4979
vn -0.9210 -0.0905 0.3789
vn -0.8773 -0.0812 0.4731
vn -0.7972 -0.0974 0.5958
vn -0.7076 -0.0462 0.7051
vn -0.6732 0.0552 0.7374
vn -0.6638 0.1318 0.7362
vn -0.5305 0.1469 0.8348
vn -0.3420 0.0808 0.9362
vn -0.2035 0.1878 0.9609
vn -0.4157 0.0594 0.9076
vn -0.3487 0.0134 0.9371
vn -0.2436 -0.0615 0.9679
vn -0.3601 -0.0368 0.9322
vn -0.5870 -0.0851 0.8051
vn -0.6300 -0.1121 0.7685
vn -0.5911 -0.1684 0.7888
vn -0.5432 -0.2399 0.8046
vn -0.4348 -0.1468 0.8885
vn -0.5465 -0.0035 0.8375
vn -0.6452 0.0855 0.7592
vn -0.7215 0.1351 0.6791
vn -0.8253 0.1092 0.5540
vn -0.8339 -0.0206 0.5515
vn -0.7701 -0.0746 0.6335
vn -0.7491 -0.0901 0.6563
vn -0.7660 -0.0920 0.6362
vn -0.7970 -0.0807 0.5985
vn -0.5224 0.3248 0.7885
vn -0.4344 0.3988 0.8076
vn -0.5418 -0.2185 0.8116
vn -0.5345 -0.2054 0.8199
vn -0.4933 0.2233 0.8407
vn -0.9440 -0.2980 0.1417
vn -0.9390 -0.2745 0.2071
vn -0.9610 -0.0460 0.2727
vn -0.8876 0.3898 0.2455
vn -0.7489 0.6364 0.1848
vn -0.9660 0.1662 0.1981
vn -0.9818 -0.1432 0.1246
vn -0.9183 -0.3759 0.1240
vn -0.9297 -0.3200 0.1824
vn -0.9660 -0.1922 0.1732
vn -0.8263 -0.2936 0.4806
vn -0.6985 -0.2012 0.6868
vn -0.6973 -0.1736 0.6955
vn -0.8448 -0.0979 0.5260
vn -0.6965 -0.1977 0.6898
vn -0.6988 -0.2064 0.6849
vn -0.8895 -0.2687 0.3697
vn -0.6955 -0.0915 0.7127
vn -0.7327 0.1234 0.6693
vn -0.7276 -0.1907 0.6589
vn -0.7065 -0.1690 0.6872
vn -0.7087 -0.1556 0.6881
vn -0.8241 -0.0647 0.5627
vn -0.6840 -0.0045 0.7295
vn -0.7238 0.1639 0.6703
vn -0.7369 -0.1452 0.6602
vn -0.7153 -0.1063 0.6907
vn -0.7182 -0.0713 0.6922
vn -0.6066 0.2189 0.7643
vn -0.5988 0.1746 0.7817
vn -0.6603 0.0493 0.7494
vn -0.6811 0.1224 0.7219
vn -0.7766 0.1311 0.6162
vn -0.8154 -0.0498 0.5768
vn -0.6910 0.0949 0.7166
vn -0.7393 -0.0499 0.6715
vn -0.6379 0.3865 0.6661
vn -0.7726 -0.3883 0.5022
vn -0.8012 0.0361 0.5973
vn -0.5933 0.3499 0.7250
vn -0.7262 0.0986 0.6803
vn 0.8944 0.4472 -0.0000
vn -0.4790 0.4406 0.7592
vn -0.7008 0.3493 0.6220
vn -0.5032 0.4710 0.7245
vn 0.9722 -0.0372 0.2314
vn -0.7985 0.0979 0.5940
vn -0.8682 -0.0168 0.4959
vn -0.8168 -0.0471 0.5750
vn -0.8005 -0.0420 0.5978
vn -0.7866 -0.0116 0.6173
vn -0.7521 0.0089 0.6590
vn -0.7431 0.0076 0.6692
vn -0.7828 0.0457 0.6206
vn -0.8284 -0.0444 0.5583
vn -0.7088 -0.0142 0.7052
vn -0.8159 0.0053 0.5782
vn -0.7845 0.0692 0.6163
vn -0.7425 0.0702 0.6661
vn -0.6447 -0.0624 0.7618
vn -0.5522 -0.1343 0.8228
vn -0.5307 -0.1613 0.8321
vn -0.7038 0.0188 0.7101
vn -0.6569 -0.0617 0.7514
vn -0.5909 -0.1461 0.7934
vn -0.5369 -0.1973 0.8202
vn -0.5342 -0.1901 0.8237
vn -0.5356 -0.0790 0.8408
vn -0.4487 0.0182 0.8935
vn -0.5213 -0.0092 0.8533
vn -0.8155 -0.0772 0.5736
vn -0.4749 0.0165 0.8799
vn -0.7105 0.0176 0.7035
vn -0.6420 0.0069 0.7667
vn -0.8538 -0.0281 0.5199
vn -0.7478 -0.0162 0.6637
vn -0.4154 0.0445 0.9086
vn -0.7837 -0.0548 0.6187
vn -0.5660 -0.0113 0.8243
vn -0.8640 -0.1014 0.4931
vn -0.7392 0.0058 0.6734
vn -0.7652 -0.0336 0.6429
vn -0.8125 -0.5220 0.2594
vn 0.4530 -0.7195 -0.5263
vn -0.7553 0.0909 0.6491
vn -0.7979 0.1403 0.5862
vn -0.7637 0.1707 0.6227
vn 0.3928 -0.4830 -0.7826
vn -0.6024 -0.1449 0.7849
vn -0.5101 -0.0574 0.8582
vn -0.2725 0.0149 0.9621
vn -0.2599 -0.0575 0.9639
vn -0.4560 0.0686 0.8873
vn -0.5038 0.0724 0.8608
vn -0.5570 0.0678 0.8278
vn -0.4382 0.0991 0.8934
vn -0.4945 0.0749 0.8659
vn -0.5369 0.0545 0.8419
vn -0.3921 0.1209 0.9119
vn -0.4579 0.0796 0.8854
vn -0.5137 0.0569 0.8561
vn -0.5751 0.0476 0.8167
vn -0.6305 0.0477 0.7747
vn -0.6685 0.0592 0.7414
vn -0.6957 0.0944 0.7121
vn -0.6901 0.0997 0.7168
vn -0.5446 0.1915 0.8166
vn -0.5453 0.2448 0.8017
vn -0.5957 0.2172 0.7733
vn -0.7345 0.2042 0.6471
vn -0.7789 0.0696 0.6233
vn -0.7352 -0.0134 0.6777
vn -0.6779 -0.0530 0.7332
vn -0.6511 -0.0327 0.7582
vn -0.6380 0.0202 0.7698
vn -0.6124 0.0616 0.7882
vn -0.6198 0.1217 0.7753
vn -0.7403 0.0749 0.6681
vn -0.8121 0.0571 0.5808
vn -0.8122 -0.0154 0.5832
vn -0.8331 0.0421 0.5516
vn -0.8685 0.0927 0.4869
vn -0.8651 0.1430 0.4808
vn -0.9091 0.2180 0.3549
vn -0.9392 0.3335 0.0820
vn -0.9621 0.2650 0.0648
vn -0.9081 -0.1002 0.4065
vn -0.8435 -0.1164 0.5243
vn -0.8744 -0.1246 0.4688
vn -0.8177 -0.1312 0.5604
vn -0.8538 -0.1936 0.4833
vn -0.8782 -0.1367 0.4583
vn -0.8356 -0.0929 0.5414
vn -0.7554 -0.1147 0.6451
vn -0.7358 -0.0850 0.6719
vn -0.7249 -0.0667 0.6856
vn -0.7111 -0.0396 0.7020
vn -0.6871 -0.0078 0.7265
vn -0.6477 0.0185 0.7616
vn -0.5959 0.0352 0.8023
vn -0.6265 0.0551 0.7774
vn -0.6840 0.0351 0.7286
vn -0.7177 0.0059 0.6963
vn -0.7338 -0.0292 0.6788
vn -0.7478 -0.0553 0.6616
vn -0.7679 -0.0711 0.6367
vn -0.7932 -0.0802 0.6036
vn -0.3675 -0.1761 0.9132
vn -0.7147 -0.1450 0.6843
vn -0.6035 0.3509 0.7160
vn -0.7636 -0.0454 0.6440
vn -0.7477 0.3054 0.5897
vn -0.6237 0.3637 0.6919
vn -0.6199 0.4257 0.6592
vn -0.8641 -0.1518 0.4799
vn -0.5434 0.5186 0.6602
vn -0.7933 0.1828 0.5808
vn -0.8027 -0.1273 0.5827
vn -0.6690 0.3063 0.6772
vn -0.7817 -0.0362 0.6226
vn -0.6123 -0.2272 0.7573
vn -0.5694 0.5067 0.6473
vn -0.6083 0.3259 0.7237
vn -0.7893 0.2984 0.5366
vn -0.6044 -0.2137 0.7675
vn -0.7837 -0.1051 0.6122
vn -0.7844 0.2410 0.5715
vn -0.8017 -0.0051 0.5977
vn -0.6016 0.4621 0.6516
vn -0.4925 -0.3554 0.7944
vn -0.8587 -0.0926 0.5041
vn -0.5942 0.3735 0.7124
vn -0.6849 0.4281 0.5896
vn -0.5834 -0.6256 0.5179
vn -0.5565 0.5139 0.6529
vn -0.6921 -0.0829 0.7170
vn -0.5664 0.4385 0.6977
vn -0.7089 -0.0153 0.7052
vn -0.7238 -0.5046 0.4707
vn -0.6191 0.5619 0.5485
vn -0.7421 0.0913 0.6641
vn -0.7523 -0.4826 0.4485
vn -0.6167 0.5939 0.5167
vn -0.7780 -0.4777 0.4081
vn -0.6251 0.4315 0.6504
vn -0.6330 0.5888 0.5027
vn -0.8057 -0.4013 0.4356
vn -0.7292 0.3969 0.5575
vn -0.7603 -0.2465 0.6010
vn -0.8099 -0.3487 0.4717
vn -0.7295 0.3348 0.5965
vn -0.7449 0.2380 0.6233
vn -0.5839 0.6432 0.4954
vn -0.7443 -0.2433 0.6220
vn -0.9245 0.1379 0.3553
vn -0.4807 -0.8481 0.2227
vn -0.4055 0.7300 0.5502
vn -0.5997 0.7564 0.2612
vn -0.5256 -0.7167 0.4584
vn -0.6095 0.3871 0.6918
vn -0.7574 -0.5846 0.2908
vn -0.5759 -0.4787 0.6627
vn -0.5453 0.5945 0.5910
vn -0.4936 0.7538 0.4337
vn -0.5595 -0.0634 0.8264
vn -0.4400 0.6579 0.6112
vn -0.6254 0.7320 0.2702
vn -0.5870 0.0866 0.8049
vn -0.4905 -0.8424 -0.2230
vn -0.4909 0.6276 0.6042
vn -0.5923 0.2620 0.7619
vn -0.5385 -0.8403 -0.0617
vn -0.5874 0.5442 0.5991
vn -0.5396 0.7729 0.3339
vn -0.4681 -0.8837 -0.0022
vn -0.6086 0.4472 0.6554
vn -0.0123 -0.9943 0.1056
vn -0.2336 0.8297 0.5071
vn -0.5829 0.5889 0.5599
vn -0.2251 -0.8625 0.4532
vn -0.3542 0.5579 0.7506
vn -0.8543 -0.4767 0.2069
vn -0.3061 -0.6579 0.6881
vn -0.3022 0.7385 0.6027
vn -0.2845 0.8042 0.5218
vn -0.4384 0.0094 0.8987
vn -0.2377 0.8132 0.5312
vn -0.5564 0.6381 0.5322
vn -0.3811 0.2651 0.8857
vn 0.0134 -0.7943 -0.6074
vn -0.2525 0.7717 0.5837
vn -0.3809 0.4833 0.7882
vn 0.0595 -0.8589 -0.5087
vn -0.3314 0.7186 0.6114
vn -0.3638 0.7686 0.5262
vn -0.0381 -0.9602 -0.2767
vn -0.3132 0.6601 0.6828
vn -0.6696 0.4747 0.5713
vn -0.5988 0.5106 0.6171
vn -0.1254 -0.8397 0.5284
vn -0.0380 0.6631 0.7476
vn -0.6613 -0.5368 0.5240
vn -0.3611 -0.3896 0.8473
vn -0.1361 0.7891 0.5991
vn -0.3846 0.6931 0.6097
vn -0.2526 0.0098 0.9675
vn -0.2292 0.7695 0.5962
vn -0.5300 0.5705 0.6274
vn -0.2042 0.3838 0.9005
vn -0.6245 -0.5296 0.5740
vn -0.1785 0.7867 0.5910
vn -0.0920 0.6279 0.7729
vn -0.9002 -0.3846 0.2041
vn -0.1849 0.7861 0.5898
vn -0.4042 0.6576 0.6357
vn -0.0636 -0.9974 -0.0344
vn -0.1014 0.7329 0.6727
vn -0.6195 0.5171 0.5906
vn -0.0204 -0.9618 0.2729
vn -0.3327 0.7323 0.5941
vn -0.8894 -0.1804 0.4200
vn -0.1224 0.6568 0.7440
vn 0.5418 -0.5886 -0.6000
vn -0.6874 -0.0573 0.7240
vn -0.2412 0.7299 0.6396
vn -0.4711 0.6340 0.6132
vn -0.2571 0.4329 0.8640
vn -0.3102 0.7273 0.6122
vn -0.5089 0.6167 0.6006
vn -0.2117 0.4826 0.8499
vn 0.5208 -0.5929 -0.6142
vn -0.2724 0.7298 0.6270
vn -0.1209 0.5918 0.7970
vn -0.6688 -0.2634 0.6953
vn -0.2361 0.7464 0.6222
vn -0.4936 0.6225 0.6073
vn -0.9418 -0.1936 0.2749
vn -0.1869 0.6954 0.6939
vn -0.5118 0.6504 0.5613
vn -0.8378 -0.1867 0.5130
vn -0.3876 0.6963 0.6041
vn -0.5155 0.6249 0.5864
vn -0.3223 0.6906 0.6474
vn -0.6044 0.0231 0.7963
vn -0.6550 0.0002 0.7557
vn -0.6861 -0.0122 0.7274
vn -0.7208 -0.0130 0.6931
vn -0.7182 -0.0024 0.6959
vn -0.7691 -0.0359 0.6382
vn -0.8804 -0.0182 0.4739
vn -0.8713 -0.2556 0.4188
vn -0.9472 -0.2237 0.2297
vn -0.9240 -0.3083 0.2264
vn -0.8273 0.0040 0.5618
vn -0.9152 -0.3254 0.2379
vn -0.8513 -0.0823 0.5181
vn -0.9601 -0.1568 0.2316
vn -0.8468 -0.1074 0.5210
vn -0.9255 -0.1959 0.3243
vn -0.8430 -0.0848 0.5312
vn -0.8516 -0.0459 0.5222
vn -0.9100 -0.2282 0.3461
vn -0.9132 -0.2414 0.3284
vn -0.8860 -0.1802 0.4272
vn -0.8740 -0.0129 0.4858
vn -0.8340 -0.1089 0.5409
vn -0.8111 -0.0777 0.5798
vn -0.8465 -0.2146 0.4873
vn -0.7945 -0.1175 0.5957
vn -0.8901 -0.0334 0.4545
vn -0.9617 -0.1587 0.2237
vn -0.7639 -0.1220 0.6337
vn -0.7648 -0.0916 0.6377
vn -0.8451 -0.2689 0.4621
vn -0.9843 -0.1137 0.1350
vn -0.5866 0.2264 0.7776
vn -0.7813 0.0011 0.6242
vn -0.8802 0.0980 0.4644
vn -0.9530 0.0784 0.2926
vn -0.9810 0.0787 0.1774
vn -0.9929 0.0765 0.0917
vn -0.9920 0.0786 0.0987
vn -0.9957 0.0829 0.0424
vn -0.7935 0.0573 0.6058
vn -0.7510 0.1340 0.6466
vn -0.7745 0.0612 0.6296
vn -0.8821 0.0513 0.4683
vn -0.5965 0.2295 0.7691
vn -0.6091 0.2095 0.7649
vn -0.7705 -0.0723 0.6333
vn -0.8349 -0.1608 0.5264
vn -0.9138 -0.1038 0.3926
vn -0.9747 -0.0598 0.2152
vn -0.9911 -0.0159 0.1321
vn -0.9950 -0.0047 0.0998
vn -0.9414 0.3345 0.0426
vn -0.9388 0.3307 0.0960
vn -0.8969 0.3541 0.2650
vn -0.7448 0.3624 0.5603
vn -0.8262 0.4027 0.3939
vn -0.7103 0.2865 0.6430
vn -0.9336 0.3579 0.0193
vn -0.7559 0.3016 0.5811
vn -0.9354 0.3477 0.0641
vn -0.6265 0.6659 0.4050
vn -0.9432 0.3306 0.0313
vn 0.1742 0.8954 0.4097
vn -0.9191 0.3925 0.0343
vn -0.8527 0.4595 0.2486
vn -0.6581 0.5535 0.5104
vn -0.8977 0.4405 0.0080
vn -0.9159 0.3902 0.0944
vn -0.7465 0.5646 0.3521
vn -0.4956 0.4487 0.7437
vn -0.4217 0.4150 0.8062
vn -0.7363 0.2571 0.6260
vn -0.5741 0.5031 0.6460
vn -0.6444 0.2464 0.7239
vn -0.5857 0.2148 0.7816
vn -0.6259 0.2234 0.7473
vn -0.5174 0.3734 0.7699
vn -0.3885 0.4869 0.7823
vn -0.4459 0.4396 0.7797
vn -0.3779 0.5479 0.7463
vn -0.4543 0.5055 0.7336
vn -0.5750 -0.2296 0.7853
vn -0.5299 -0.2245 0.8178
vn -0.6007 -0.2387 0.7630
vn -0.6676 -0.1646 0.7261
vn -0.4455 0.6112 0.6541
vn -0.5969 -0.2087 0.7747
vn -0.2722 0.0020 0.9622
vn -0.2725 0.3919 0.8787
vn -0.4052 0.5590 0.7234
vn -0.5147 -0.2535 0.8190
vn -0.3368 0.4944 0.8014
vn -0.6397 -0.2246 0.7351
vn -0.6899 0.1830 0.7004
vn -0.6325 -0.1057 0.7673
vn -0.7152 -0.1864 0.6736
vn -0.1646 0.4397 0.8830
vn -0.7486 0.2283 0.6224
vn -0.6971 -0.2391 0.6760
vn -0.7559 -0.4179 0.5039
vn -0.5230 -0.3106 0.7937
vn -0.6498 -0.4096 0.6403
vn -0.4002 0.7718 0.4941
vn -0.2356 -0.0398 0.9710
vn -0.6358 -0.3364 0.6946
vn 0.4377 0.6557 0.6152
vn -0.5222 -0.2991 0.7987
vn -0.4604 0.6224 0.6329
vn -0.2458 0.5662 0.7868
vn -0.6402 -0.1334 0.7565
vn 0.0326 0.9796 0.1981
vn 0.3799 0.5936 0.7095
vn -0.4481 -0.5802 0.6801
vn 0.2743 0.6922 0.6676
vn -0.5525 -0.5112 0.6584
vn -0.3355 0.7731 0.5382
vn -0.5416 0.6615 0.5188
vn -0.6330 -0.4040 0.6604
vn -0.4234 0.7055 0.5683
vn -0.1291 0.4501 0.8836
vn -0.7569 0.4341 0.4885
vn -0.6376 -0.3844 0.6676
vn -0.7846 -0.2753 0.5556
vn -0.4749 -0.4429 0.7605
vn -0.6640 -0.6844 0.3012
vn -0.1886 -0.0781 0.9789
vn -0.5344 -0.6333 0.5598
vn -0.7534 -0.0543 0.6553
vn -0.2617 -0.8416 0.4724
vn -0.6191 -0.4939 0.6106
vn 0.3080 -0.4351 0.8461
vn -0.3536 -0.7903 0.5004
vn -0.1697 0.7745 0.6094
vn -0.2793 -0.8337 0.4764
vn 0.2738 0.6357 0.7218
vn -0.3184 -0.8151 0.4840
vn -0.4951 0.8688 0.0071
vn -0.0600 0.9716 0.2290
vn -0.5627 -0.7374 -0.3736
vn -0.2200 0.9723 -0.0793
vn 0.3221 -0.1168 0.9395
vn -0.8254 0.0530 0.5621
vn 0.3587 -0.2953 0.8855
vn -0.5502 0.0872 0.8305
vn -0.4067 0.4332 0.8044
vn -0.7987 0.1835 0.5730
vn -0.4450 0.1538 0.8822
vn -0.4183 0.2166 0.8821
vn -0.4688 0.2245 0.8543
vn -0.5739 0.1947 0.7954
vn -0.6897 0.1286 0.7126
vn -0.7274 0.0534 0.6842
vn -0.6925 -0.0109 0.7214
vn -0.3445 0.1968 0.9179
vn -0.3326 0.2361 0.9130
vn -0.3455 0.2615 0.9012
vn -0.3693 0.2692 0.8895
vn -0.4202 0.2661 0.8675
vn -0.5263 0.2431 0.8148
vn -0.6057 0.1694 0.7774
vn -0.6095 0.0965 0.7869
vn -0.6379 0.0561 0.7681
vn -0.6642 0.0360 0.7467
vn -0.4124 0.1903 0.8909
vn -0.4026 0.2196 0.8886
vn -0.4004 0.2314 0.8866
vn -0.4478 0.2374 0.8620
vn -0.5405 0.2327 0.8085
vn -0.6252 0.1823 0.7589
vn -0.6661 0.0978 0.7395
vn -0.6929 0.0258 0.7206
vn -0.7534 -0.0127 0.6575
vn -0.8394 -0.0547 0.5408
vn -0.9033 -0.0841 0.4207
vn -0.9414 -0.0675 0.3304
vn -0.9647 -0.0411 0.2600
vn -0.9897 0.0022 0.1432
vn -0.9969 0.0742 0.0280
vn -0.9898 0.1412 -0.0212
vn -0.6490 0.0160 0.7606
vn -0.6660 -0.0182 0.7457
vn -0.6658 -0.0202 0.7458
vn -0.6755 -0.0119 0.7373
vn -0.6676 0.0015 0.7445
vn -0.6978 0.0069 0.7163
vn -0.7388 -0.0018 0.6739
vn -0.7894 -0.0046 0.6139
vn -0.8626 -0.0439 0.5040
vn -0.8939 -0.0334 0.4470
vn -0.9185 0.0214 0.3948
vn -0.9511 0.1024 0.2915
vn -0.9644 0.1938 0.1802
vn -0.9578 0.2674 0.1053
vn -0.9535 0.2966 0.0530
vn -0.4891 -0.2766 0.8272
vn -0.6743 -0.2377 0.6992
vn -0.7348 -0.1795 0.6541
vn -0.7649 -0.1966 0.6135
vn -0.8628 -0.2567 0.4356
vn -0.8089 -0.2465 0.5338
vn -0.9185 -0.2351 0.3181
vn -0.9104 -0.2605 0.3214
vn -0.2401 -0.2354 0.9418
vn -0.8864 -0.4135 0.2083
vn -0.8676 -0.3251 0.3762
vn -0.6789 -0.4964 0.5410
vn -0.8980 -0.3647 0.2461
vn -0.8183 -0.4238 0.3883
vn -0.8768 -0.4589 0.1436
vn -0.5896 -0.5165 0.6210
vn -0.7746 -0.4531 0.4412
vn -0.8593 -0.4503 0.2427
vn -0.4420 -0.4958 0.7475
vn -0.7338 -0.4732 0.4875
vn -0.9125 -0.3627 0.1891
vn -0.1926 -0.4524 0.8708
vn -0.8578 -0.5079 0.0793
vn -0.6153 -0.5632 0.5515
vn -0.7629 -0.5090 0.3987
vn -0.8599 -0.4936 0.1303
vn -0.4851 -0.5637 0.6686
vn -0.7200 -0.5307 0.4471
vn -0.8709 -0.4739 0.1302
vn -0.2335 -0.5395 0.8090
vn -0.6655 -0.5588 0.4949
vn -0.8828 -0.4511 0.1311
vn -0.8145 -0.4946 0.3031
vn -0.8705 -0.4867 0.0729
vn -0.4290 -0.6827 0.5915
vn -0.6650 -0.6526 0.3631
vn -0.8538 -0.5055 0.1248
vn -0.2245 -0.6559 0.7207
vn -0.6346 -0.6456 0.4248
vn -0.8141 -0.5718 0.1013
vn -0.7384 -0.6584 0.1461
vn -0.0600 -0.0336 0.9976
vn -0.5842 -0.6547 0.4797
vn -0.6992 -0.6639 0.2653
vn -0.6481 -0.7235 0.2376
vn -0.8052 -0.5856 0.0931
vn -0.5935 -0.7456 0.3029
vn -0.7584 -0.6269 0.1786
vn -0.7106 -0.6770 0.1914
vn -0.6562 -0.7128 0.2478
vn -0.6918 -0.7069 0.1472
vn -0.7149 -0.6984 0.0326
vn -0.6057 -0.7331 0.3095
vn -0.5123 -0.7560 0.4074
vn 0.3310 0.0532 0.9421
vn 0.8245 0.0315 0.5650
vn -0.3516 -0.7489 0.5617
vn -0.5355 -0.7642 0.3595
vn -0.1923 -0.7139 0.6733
vn -0.5564 -0.8277 0.0731
vn -0.4473 -0.8084 0.3827
vn -0.1408 -0.7549 0.6406
vn -0.5556 -0.8065 0.2023
vn -0.2780 -0.8082 0.5191
vn -0.5599 -0.8284 0.0170
vn -0.5198 -0.7900 0.3251
vn -0.3777 -0.8415 0.3862
vn -0.2360 -0.8223 0.5179
vn -0.4148 -0.9066 0.0775
vn -0.4360 -0.9000 -0.0026
vn -0.1696 -0.8481 0.5020
vn -0.4224 -0.9064 0.0099
vn -0.3549 -0.9107 0.2116
vn -0.0651 -0.7996 0.5970
vn -0.0800 -0.8604 0.5032
vn -0.0086 -0.8203 0.5719
vn -0.3304 -0.9438 -0.0103
vn -0.2332 -0.9636 0.1307
vn -0.3070 -0.9516 0.0163
vn 0.0387 -0.8754 0.4818
vn 0.0921 -0.8406 0.5338
vn -0.1128 -0.9867 0.1174
vn -0.2225 -0.9749 0.0089
vn 0.2040 -0.8557 0.4756
vn 0.0038 -0.9921 0.1253
vn -0.1180 -0.9926 0.0270
vn 0.1649 -0.8893 0.4265
vn 0.1138 -0.9852 0.1284
vn 0.0022 -0.9996 0.0280
vn 0.2583 -0.8886 0.3791
vn 0.2892 -0.8615 0.4172
vn 0.2940 -0.9516 0.0896
vn 0.1575 -0.9821 -0.1032
vn 0.3891 -0.8499 0.3553
vn 0.4129 -0.8553 0.3129
vn 0.4905 -0.8501 0.1915
vn 0.4791 -0.8747 0.0739
vn -0.2493 -0.9679 -0.0310
vn -0.2505 -0.9681 -0.0024
vn -0.1465 -0.9890 0.0227
vn -0.0643 -0.9914 -0.1142
vn -0.3438 -0.9388 -0.0189
vn 0.3694 -0.9023 0.2224
vn 0.2668 -0.9321 0.2449
vn 0.1847 -0.9751 0.1225
vn 0.2076 -0.9456 0.2507
vn 0.1630 -0.9527 0.2565
vn 0.0602 -0.9900 0.1276
vn 0.1112 -0.9576 0.2659
vn 0.0562 -0.9584 0.2797
vn -0.0510 -0.9913 0.1217
vn -0.0100 -0.9533 0.3019
vn -0.0786 -0.9428 0.3241
vn -0.1775 -0.9771 0.1173
vn -0.1422 -0.9269 0.3474
vn -0.2072 -0.9042 0.3734
vn -0.2907 -0.9428 0.1635
vn -0.2692 -0.8776 0.3966
vn -0.3166 -0.8564 0.4078
vn -0.3845 -0.8898 0.2458
vn 0.3629 -0.9292 0.0699
vn 0.5084 -0.8159 0.2753
vn 0.5922 -0.7708 0.2349
vn 0.6162 -0.7667 0.1803
vn 0.6290 -0.7745 0.0675
vn 0.5779 -0.7699 0.2707
vn -0.0020 -0.7272 0.6864
vn -0.0135 -0.3766 0.9263
vn -0.1015 -0.4717 0.8759
vn -0.1172 -0.6017 0.7901
vn 0.0396 -0.7618 0.6465
vn -0.0600 -0.6879 0.7234
vn -0.0290 -0.2242 0.9741
vn 0.0522 -0.2924 0.9549
vn -0.1156 -0.0120 0.9932
vn -0.0083 -0.2791 0.9602
vn -0.0185 -0.1396 0.9900
vn -0.1566 -0.1279 0.9793
vn -0.0025 0.0926 0.9957
vn -0.2534 -0.0324 0.9668
vn -0.2060 -0.0397 0.9778
vn -0.1782 -0.0549 0.9825
vn -0.5140 0.2294 0.8265
vn -0.3628 0.2949 0.8839
vn -0.5633 0.2036 0.8008
vn -0.3065 0.3116 0.8994
vn -0.4685 0.2693 0.8414
vn -0.5926 0.1864 0.7836
vn -0.2996 0.3131 0.9012
vn -0.6619 0.0951 0.7436
vn -0.8831 -0.3647 0.2952
vn -0.6213 0.2028 0.7569
vn -0.9400 -0.1036 0.3249
vn -0.9955 -0.0927 -0.0213
vn -0.9650 -0.0921 0.2455
vn -0.9937 -0.1049 -0.0400
vn -0.8977 -0.0661 0.4355
vn -0.9880 -0.0765 0.1341
vn -0.7142 0.0448 0.6985
vn -0.8083 -0.0411 0.5874
vn -0.9967 -0.0772 -0.0232
vn -0.9702 -0.0842 0.2272
vn -0.9917 -0.0551 0.1158
vn -0.9983 -0.0583 -0.0079
vn -0.9987 0.0457 -0.0212
vn -0.9732 -0.0678 0.2199
vn -0.7645 0.0643 0.6414
vn -0.8851 -0.0138 0.4652
vn -0.9977 -0.0153 0.0656
vn -0.6729 0.1455 0.7253
vn -0.9982 0.0580 -0.0165
vn -0.9419 -0.0583 0.3308
vn -0.6075 0.1637 0.7773
vn -0.5467 0.3785 0.7469
vn -0.9760 0.1940 -0.0986
vn -0.3682 0.4441 0.8169
vn -0.2671 0.4279 0.8634
vn -0.2623 0.3856 0.8846
vn -0.4808 0.4075 0.7764
vn -0.3294 0.4611 0.8239
vn -0.1967 0.3985 0.8958
vn -0.2903 0.6907 0.6623
vn -0.1100 0.7251 0.6798
vn -0.0633 0.5738 0.8166
vn -0.1612 0.7332 0.6606
vn -0.1504 0.6612 0.7350
vn -0.1920 0.5056 0.8411
vn -0.5171 0.3898 0.7620
vn -0.2670 0.0403 0.9629
vn -0.9772 0.0662 0.2019
vn -0.6975 0.2391 0.6756
vn -0.8464 0.1467 0.5119
vn -0.9935 0.1110 -0.0264
vn -0.9716 0.2340 -0.0354
vn -0.9284 0.0754 0.3638
vn -0.9534 0.2805 -0.1107
vn -0.7523 0.3711 0.5444
vn -0.9218 0.3832 -0.0592
vn -0.5688 0.4674 0.6768
vn -0.9234 0.3365 -0.1846
vn -0.9460 0.2681 0.1824
vn 0.9322 -0.3096 0.1874
vn -0.8870 0.2952 0.3551
vn -0.8649 0.4467 -0.2290
vn -0.8846 0.4427 0.1467
vn -0.4887 0.5846 0.6476
vn -0.6464 0.5478 0.5311
vn 0.9129 -0.4069 0.0334
vn -0.8901 0.4269 -0.1597
vn -0.8804 0.4675 -0.0798
vn -0.7885 0.5033 0.3535
vn -0.7682 0.6364 0.0703
vn -0.3762 0.7204 0.5827
vn -0.4942 0.7223 0.4838
vn -0.8597 0.5018 -0.0954
vn -0.8108 0.5430 -0.2187
vn -0.8202 0.5641 -0.0951
vn -0.6425 0.6910 0.3313
vn -0.8082 0.5545 -0.1986
vn -0.6954 0.6717 -0.2554
vn -0.1185 0.1610 0.9798
vn -0.4369 0.8419 0.3168
vn -0.7335 0.6705 -0.1114
vn -0.6139 0.7890 -0.0245
vn -0.2461 0.8325 0.4964
vn -0.3008 0.8545 0.4236
vn -0.2144 0.9324 0.2908
vn -0.6316 0.7730 -0.0599
vn -0.4240 0.9043 -0.0505
vn -0.1160 0.9081 0.4024
vn -0.1602 0.9066 0.3904
vn -0.5303 0.8158 -0.2308
vn -0.2437 0.2708 0.9313
vn -0.3236 0.1585 0.9328
vn -0.2319 0.2350 0.9439
vn -0.2088 0.3538 0.9117
vn -0.2534 0.2081 0.9447
vn -0.0936 0.4997 0.8611
vn -0.3740 0.1127 0.9206
vn -0.1984 0.2318 0.9523
vn -0.3074 0.1072 0.9455
vn -0.0519 0.3672 0.9287
vn -0.1759 0.2333 0.9564
vn -0.2541 0.1800 0.9503
vn 0.0920 0.5105 0.8550
vn -0.1615 0.2400 0.9572
vn 0.0479 0.3958 0.9171
vn -0.1669 0.2757 0.9467
vn -0.2195 0.1603 0.9624
vn 0.0590 0.4712 0.8800
vn -0.0793 0.2848 0.9553
vn -0.2108 0.2457 0.9461
vn -0.2161 0.0831 0.9728
vn -0.0015 0.3624 0.9320
vn 0.0240 0.3755 0.9265
vn -0.1111 0.2116 0.9710
vn -0.0791 0.0184 0.9967
vn 0.0508 0.3693 0.9279
vn -0.0508 0.3380 0.9398
vn -0.1143 0.0769 0.9905
vn -0.0387 -0.1019 0.9940
vn -0.0276 -0.2365 0.9712
vn 0.0353 -0.1661 0.9855
vn 0.1585 -0.3351 0.9288
vn 0.0523 -0.0293 0.9982
vn 0.1147 -0.0192 0.9932
vn 0.2593 0.2449 0.9342
vn 0.2480 -0.4170 0.8744
vn 0.1556 0.3136 0.9367
vn 0.2385 -0.4179 0.8766
vn 0.1819 0.3133 0.9321
vn 0.1248 -0.7387 0.6624
vn 0.1540 0.2040 0.9668
vn -0.3953 -0.6212 0.6767
vn -0.3134 -0.4910 0.8128
vn -0.2593 -0.5900 0.7646
vn -0.2926 -0.6886 0.6635
vn 0.2019 0.4420 0.8740
vn 0.2225 0.4634 0.8578
vn 0.1718 0.2666 0.9484
vn -0.2173 -0.6379 0.7388
vn -0.1705 -0.7016 0.6918
vn -0.0565 -0.4327 0.8998
vn 0.1747 0.4670 0.8668
vn 0.1660 0.4524 0.8762
vn 0.1522 0.3316 0.9311
vn -0.0501 -0.7728 0.6327
vn 0.0276 -0.7657 0.6426
vn 0.2333 -0.2487 0.9400
vn 0.2359 0.4502 0.8612
vn 0.2026 0.3788 0.9030
vn 0.1474 0.2705 0.9514
vn -0.7577 -0.2476 0.6038
vn 0.1864 0.4811 0.8566
vn 0.1804 0.3818 0.9064
vn 0.2049 0.2093 0.9561
vn -0.7453 -0.2474 0.6191
vn -0.3782 -0.3674 0.8497
vn 0.0712 -0.3795 0.9224
vn 0.0980 0.1456 0.9845
vn -0.5570 -0.3196 0.7665
vn 0.1194 -0.1020 0.9876
vn 0.1208 -0.0761 0.9898
vn 0.0850 -0.0455 0.9953
vn 0.1345 -0.0863 0.9871
vn -0.0409 0.3158 0.9479
vn 0.1331 0.3341 0.9331
vn 0.0545 0.0340 0.9979
vn -0.0988 0.2715 0.9574
vn 0.0492 0.3420 0.9384
vn 0.1172 0.1752 0.9775
vn 0.0185 -0.0186 0.9997
vn -0.0631 0.2427 0.9680
vn 0.0497 0.2660 0.9627
vn 0.0899 0.0487 0.9948
vn -0.0477 0.2468 0.9679
vn -0.0268 0.2633 0.9644
vn 0.0967 0.1618 0.9821
vn 0.0588 -0.0196 0.9981
vn 0.0807 0.1581 0.9841
vn 0.1362 0.0040 0.9907
vn 0.1274 0.2547 0.9586
vn 0.0452 0.2087 0.9769
vn 0.1107 0.0624 0.9919
vn 0.1351 -0.0678 0.9885
vn 0.0705 0.2370 0.9689
vn 0.3020 0.2728 0.9135
vn 0.2429 0.1410 0.9597
vn 0.2010 -0.0286 0.9792
vn 0.1946 -0.0792 0.9777
vn 0.2769 0.2135 0.9369
vn 0.2169 0.0575 0.9745
vn 0.2131 -0.0592 0.9752
vn -0.4420 0.5684 0.6939
vn -0.3583 0.6869 0.6323
vn -0.2585 0.7871 0.5601
vn -0.1202 0.8953 0.4289
vn -0.6063 0.3096 0.7325
vn -0.5085 0.5013 0.7001
vn -0.4179 0.6359 0.6489
vn -0.3370 0.7388 0.5837
vn -0.1568 0.8770 0.4541
vn -0.3306 0.6305 0.7023
vn -0.4042 0.0638 0.9124
vn -0.3231 -0.0078 0.9463
vn -0.0570 -0.0040 0.9984
vn -0.2257 0.0369 0.9735
vn 0.0168 -0.0654 0.9977
vn -0.4466 0.5038 0.7394
vn -0.4845 0.4879 0.7261
vn -0.5971 0.4397 0.6709
vn -0.8179 -0.1739 0.5484
vn -0.7941 0.0565 0.6052
vn -0.7691 -0.0520 0.6370
vn -0.7920 0.0196 0.6102
vn -0.9190 -0.2999 0.2560
vn -0.9269 -0.3465 0.1446
vn -0.9034 -0.3342 0.2685
vn 0.1244 -0.1430 0.9819
vn 0.0834 -0.2191 0.9721
vn 0.0146 -0.3093 0.9509
vn -0.0517 -0.4181 0.9069
vn -0.0337 -0.3029 0.9524
vn -0.0176 -0.4233 0.9058
vn -0.0261 -0.2932 0.9557
vn 0.0017 -0.4481 0.8940
vn -0.0135 -0.3115 0.9501
vn 0.0341 -0.4805 0.8763
vn 0.0099 -0.3311 0.9435
vn -0.0210 -0.2778 0.9604
vn 0.0136 -0.2331 0.9724
vn 0.0268 -0.1807 0.9832
vn 0.0160 -0.1529 0.9881
vn -0.0567 -0.5477 0.8348
vn 0.0076 -0.5899 0.8074
vn 0.0284 -0.6283 0.7774
vn 0.0699 -0.6607 0.7473
vn 0.1092 -0.3784 0.9192
vn 0.2320 -0.2579 0.9379
vn 0.1260 -0.2683 0.9551
vn -0.0745 -0.2578 0.9633
vn -0.0535 -0.3733 0.9262
vn -0.1680 -0.4047 0.8989
vn -0.1098 -0.3621 0.9257
vn -0.1200 -0.3141 0.9418
vn -0.0025 -0.2605 0.9655
vn -0.0251 -0.2505 0.9678
vn -0.2714 -0.1705 0.9472
vn -0.3451 -0.1208 0.9307
vn 0.0784 -0.1423 0.9867
vn 0.0081 -0.3942 0.9190
vn 0.1529 -0.2894 0.9449
vn -0.1186 -0.3292 0.9368
vn -0.0934 -0.0063 0.9956
vn -0.0166 -0.2148 0.9765
vn -0.1022 -0.1829 0.9778
vn 0.0862 -0.1801 0.9799
vn 0.0655 -0.2252 0.9721
vn 0.0526 -0.1949 0.9794
vn 0.1136 -0.1994 0.9733
vn 0.0799 -0.1202 0.9895
vn 0.1102 0.1610 0.9808
vn 0.1509 0.0600 0.9867
vn 0.1616 0.0726 0.9842
vn 0.1322 0.0497 0.9900
vn 0.1525 0.0887 0.9843
vn 0.1531 0.0888 0.9842
vn 0.1528 0.0847 0.9846
vn 0.1547 0.0261 0.9876
vn 0.1884 0.0740 0.9793
vn 0.1902 0.0417 0.9809
vn 0.0489 -0.0934 0.9944
vn 0.1292 -0.7920 0.5967
vn 0.1584 -0.7800 0.6054
vn 0.2102 -0.7468 0.6309
vn 0.2232 -0.7235 0.6533
vn 0.2833 -0.6575 0.6981
vn 0.3032 -0.5990 0.7411
vn 0.3286 -0.4666 0.8212
vn 0.3412 -0.3564 0.8698
vn 0.3666 -0.2621 0.8927
vn 0.4238 -0.1920 0.8852
vn 0.5246 -0.1610 0.8360
vn 0.2193 -0.8423 0.4923
vn 0.2968 -0.8150 0.4977
vn 0.3676 -0.7804 0.5059
vn 0.3771 -0.7706 0.5139
vn 0.3681 -0.7518 0.5471
vn 0.4281 -0.6707 0.6057
vn 0.5175 -0.5963 0.6138
vn 0.6332 -0.4791 0.6079
vn 0.7348 -0.2785 0.6185
vn 0.2734 -0.6393 0.7187
vn 0.3419 -0.5688 0.7481
vn 0.3719 -0.4881 0.7896
vn 0.5052 -0.3739 0.7778
vn 0.6162 -0.2152 0.7576
vn 0.6572 -0.1782 0.7324
vn 0.0771 -0.6684 0.7398
vn 0.0914 -0.6685 0.7381
vn 0.1387 -0.5887 0.7964
vn 0.1299 -0.4409 0.8881
vn 0.1245 -0.2906 0.9487
vn 0.1162 -0.1130 0.9868
vn 0.1081 -0.0431 0.9932
vn 0.0262 -0.0270 0.9993
vn 0.0824 -0.0248 0.9963
vn -0.0082 -0.1586 0.9873
vn 0.0621 -0.3521 0.9339
vn 0.0318 -0.4969 0.8672
vn -0.0069 -0.1504 0.9886
vn 0.0405 -0.1580 0.9866
vn 0.0156 -0.1510 0.9884
vn 0.1788 -0.6448 0.7432
vn 0.2226 -0.5584 0.7992
vn 0.2449 -0.4538 0.8568
vn 0.2589 -0.2499 0.9330
vn 0.2585 -0.1576 0.9531
vn 0.5571 -0.7902 0.2555
vn 0.5234 -0.8129 0.2555
vn 0.5836 -0.7862 0.2029
vn 0.6647 -0.7377 0.1186
vn 0.7393 -0.6719 0.0436
vn 0.8144 -0.5800 -0.0203
vn 0.8723 -0.4847 -0.0648
vn 0.9525 -0.2807 -0.1179
vn 0.6470 -0.7368 0.1962
vn 0.6830 -0.7180 0.1341
vn 0.7485 -0.6623 0.0343
vn 0.7738 -0.6329 -0.0236
vn 0.8316 -0.5531 -0.0501
vn 0.6329 -0.6479 0.4238
vn 0.7245 -0.5581 0.4044
vn 0.8078 -0.4390 0.3933
vn 0.2610 -0.1352 0.9558
vn 0.3036 -0.0088 0.9528
vn 0.2213 -0.1229 0.9674
vn 0.2285 -0.1762 0.9575
vn 0.2206 -0.0481 0.9742
vn 0.3286 -0.1300 0.9355
vn 0.3602 -0.0575 0.9311
vn 0.4082 0.0150 0.9128
vn 0.4676 0.1170 0.8762
vn 0.5304 0.2410 0.8128
vn 0.5768 0.3051 0.7578
vn 0.1734 -0.1039 0.9794
vn 0.1941 -0.0640 0.9789
vn 0.2409 -0.0138 0.9705
vn 0.3306 0.0864 0.9398
vn 0.4114 0.1847 0.8925
vn 0.4715 0.1777 0.8638
vn 0.4990 0.2665 0.8246
vn 0.7034 -0.1262 0.6996
vn 0.7555 -0.1673 0.6334
vn 0.7328 -0.0828 0.6753
vn 0.7790 -0.1020 0.6186
vn 0.7626 0.0277 0.6462
vn 0.8203 0.0033 0.5720
vn 0.7894 0.1473 0.5959
vn 0.8530 0.1388 0.5032
vn 0.8017 0.2647 0.5359
vn 0.8651 0.2454 0.4375
vn 0.8546 -0.3454 0.3877
vn 0.9443 -0.3006 0.1339
vn 0.8725 -0.2306 0.4309
vn 0.9817 -0.1772 0.0704
vn 0.9985 0.0346 -0.0414
vn 0.9309 -0.0203 0.3647
vn 0.9613 0.0986 0.2572
vn 0.6196 -0.1038 0.7780
vn 0.6579 -0.0443 0.7518
vn 0.6901 0.0794 0.7193
vn 0.7094 0.1751 0.6827
vn 0.7362 0.2684 0.6212
vn 0.9887 -0.0934 -0.1176
vn 0.9921 0.1227 -0.0262
vn 0.9813 0.1887 0.0380
vn 0.9799 0.1815 0.0825
vn 0.8877 0.4413 0.1311
vn 0.9877 0.1188 0.1015
vn 1.0000 -0.0000 -0.0000
vn -0.2165 0.7713 0.5984
vn -0.1084 0.9130 0.3934
vn -0.0745 0.8734 0.4812
vn -0.0480 0.8585 0.5105
vn -0.0229 0.8483 0.5291
vn -0.0101 0.8291 0.5590
vn -0.0275 0.8472 0.5305
vn 0.0403 0.7958 0.6043
vn 0.0393 0.7640 0.6441
vn 0.1077 0.6846 0.7209
vn 0.0795 0.5656 0.8208
vn -0.0425 0.4719 0.8806
vn -0.1042 0.3304 0.9381
vn -0.1466 0.2416 0.9592
vn 0.0282 0.3085 0.9508
vn -0.1561 0.8229 0.5463
vn -0.0559 0.8635 0.5012
vn 0.0251 0.8793 0.4757
vn 0.0232 0.8345 0.5505
vn -0.0677 0.8189 0.5700
vn 0.0083 0.7179 0.6961
vn -0.0911 0.6424 0.7609
vn -0.0009 0.5803 0.8144
vn 0.1278 0.5545 0.8223
vn 0.0131 0.4772 0.8787
vn -0.0638 0.3311 0.9414
vn -0.1268 0.2755 0.9529
vn -0.0050 0.3199 0.9475
vn 0.2012 0.2857 0.9369
vn 0.3644 0.2608 0.8940
vn 0.5578 0.2598 0.7883
vn 0.6389 0.3246 0.6975
vn 0.7490 0.3259 0.5769
vn 0.8222 0.3003 0.4836
vn 0.8137 0.3092 0.4922
vn 0.7423 0.3218 0.5877
vn 0.6121 0.3223 0.7221
vn 0.5302 0.2729 0.8027
vn 0.3261 0.2642 0.9077
vn 0.1760 0.2681 0.9472
vn 0.9611 0.1938 0.1968
vn 0.7869 0.3670 0.4961
vn 0.8756 0.2826 0.3917
vn 0.8867 0.2762 0.3708
vn 0.9497 0.2246 0.2182
vn 0.9388 0.2351 0.2516
vn 0.9093 0.2743 0.3130
vn 0.8216 0.5047 0.2649
vn 0.9577 0.1271 0.2583
vn 0.7860 0.1553 0.5984
vn 0.6944 0.1178 0.7099
vn 0.6408 0.0865 0.7628
vn 0.6977 0.4744 0.5368
vn 0.5999 0.6075 0.5207
vn 0.5297 0.6164 0.5827
vn 0.5714 0.0538 0.8189
vn 0.2730 0.0571 0.9603
vn 0.0252 0.0643 0.9976
vn -0.1348 0.0727 0.9882
vn -0.3246 0.0667 0.9435
vn -0.5537 0.0749 0.8294
vn -0.6518 0.1024 0.7514
vn -0.7308 0.1313 0.6699
vn -0.8347 0.1866 0.5182
vn -0.6785 0.2537 0.6894
vn -0.5915 0.3120 0.7435
vn -0.5535 0.3411 0.7598
vn -0.6192 0.4475 0.6452
vn -0.6577 0.4368 0.6137
vn -0.6392 0.4492 0.6242
vn -0.6756 0.5405 0.5015
vn -0.7855 0.5953 0.1690
vn -0.2369 0.8636 0.4451
vn -0.2509 0.8390 0.4828
vn -0.1712 0.8470 0.5032
vn -0.1942 0.7553 0.6260
vn -0.3469 0.6268 0.6977
vn -0.4113 0.6288 0.6599
vn -0.3605 0.9284 0.0897
vn -0.4474 0.5535 0.7024
vn -0.3072 0.8544 0.4191
vn -0.2558 0.8520 0.4568
vn -0.0553 0.9602 0.2737
vn -0.0138 0.7738 0.6333
vn -0.0256 0.7695 0.6381
vn -0.0374 0.9483 0.3150
vn -0.0162 0.9002 0.4352
vn -0.0743 0.8347 0.5457
vn -0.0339 0.9396 0.3406
vn -0.0264 0.9599 0.2790
vn -0.0587 0.8186 0.5713
vn -0.0836 0.9954 0.0477
vn -0.4561 0.8898 0.0180
vn -0.1359 0.9745 -0.1783
vn -0.0719 0.9475 0.3115
vn -0.0404 0.9366 0.3480
vn -0.0381 0.9396 0.3403
vn -0.0334 0.9547 0.2957
vn -0.1050 0.9258 0.3630
vn -0.2058 0.8791 0.4300
vn -0.2295 0.7628 0.6045
vn -0.0537 0.7963 0.6025
vn 0.0544 0.8494 0.5249
vn 0.0631 0.8902 0.4511
vn 0.0625 0.8829 0.4654
vn 0.1056 0.8483 0.5188
vn 0.1156 0.8146 0.5684
vn 0.0764 0.7295 0.6797
vn -0.2820 0.5856 0.7600
vn -0.1519 0.5204 0.8403
vn -0.1466 0.4074 0.9014
vn -0.0948 0.3891 0.9163
vn 0.0175 0.4291 0.9031
vn 0.2439 0.4239 0.8723
vn 0.4414 0.4669 0.7663
vn 0.3472 0.6331 0.6919
vn -0.4123 0.4711 0.7798
vn -0.2876 0.7398 0.6082
vn -0.5025 0.6571 0.5619
vn -0.9952 -0.0345 0.0916
vn -0.9979 0.0007 0.0641
vn 0.0940 -0.9847 -0.1467
vn 0.1230 -0.9871 0.1028
vn 0.3575 0.9235 -0.1389
vn 0.3490 0.9212 -0.1719
vn 0.4699 0.7878 -0.3982
vn 0.1035 -0.9918 -0.0756
vn 0.3579 0.9245 -0.1314
vn 0.3147 0.8989 -0.3047
vn 0.1288 -0.9819 0.1391
vn 0.0537 -0.9120 -0.4067
vn -0.9037 0.3488 0.2484
vn -0.7963 0.1388 0.5888
vn -0.8399 0.2135 0.4990
vn -0.8493 0.2630 0.4577
vn -0.6616 0.1615 0.7323
vn -0.8575 0.2847 0.4284
vn -0.7394 0.1503 0.6563
vn -0.9002 0.3104 0.3055
vn -0.9521 0.1493 0.2668
vn 0.1099 -0.9924 0.0550
vn 0.4363 -0.8989 0.0390
vn 0.4313 -0.8644 -0.2584
vn 0.4363 -0.8980 0.0572
vn 0.4361 -0.8800 -0.1884
vn 0.4882 0.8655 -0.1122
vn 0.0499 -0.1717 -0.9839
vn 0.4190 -0.8305 -0.3671
vn 0.3922 0.9169 0.0747
vn 0.1274 -0.9838 0.1260
vn 0.3165 0.9004 -0.2986
vn 0.1153 -0.9932 0.0185
vn 0.3447 0.9192 -0.1903
vn 0.1187 -0.9918 0.0482
vn 0.3085 0.8936 -0.3261
vn -0.1858 -0.5255 -0.8302
vn 0.4113 0.8699 0.2722
vn -0.9875 0.1463 0.0584
vn -0.9674 0.1530 0.2019
vn -0.9264 0.1578 0.3420
vn -0.8533 0.1502 0.4992
vn -0.8600 0.1488 0.4882
vn -0.8159 0.1398 0.5610
vn -0.8007 0.1379 0.5830
vn -0.7658 0.1229 0.6313
vn 0.4363 -0.8808 -0.1839
vn 0.4828 0.8245 -0.2949
vn 0.4385 -0.8985 -0.0202
vn 0.4684 0.7841 -0.4072
vn 0.4889 0.8466 -0.2104
vn 0.4634 0.8577 0.2229
vn 0.4798 0.8154 -0.3238
vn 0.3845 -0.7451 -0.5450
vn 0.4912 0.8608 -0.1332
vn -0.7088 0.0572 0.7031
vn -0.6357 0.0768 0.7681
vn -0.9832 0.0491 0.1759
vn 0.9941 -0.0190 0.1068
vn -0.2975 0.0828 0.9511
vn -0.7926 0.0746 0.6051
vn -0.8589 0.0773 0.5063
vn 0.7196 0.0450 0.6929
vn 0.0494 0.0633 0.9968
vn -0.7542 0.0984 0.6492
vn -0.7602 0.0683 0.6461
vn 0.9710 -0.0044 0.2389
vn 0.6188 0.0341 0.7848
vn -0.5133 0.0685 0.8555
vn -0.6775 0.0806 0.7311
vn -0.9003 0.0828 0.4274
vn 0.6947 0.0362 0.7184
vn -0.1163 0.0689 0.9908
vn -0.8590 0.0980 0.5025
vn -0.7941 0.0725 0.6034
vn -0.8659 -0.0116 0.5001
vn 0.9954 -0.0000 0.0961
vn 0.3303 -0.0016 0.9439
vn -0.9785 -0.0000 0.2061
vn -0.7985 -0.0026 0.6020
vn 0.9670 -0.0000 0.2547
vn 0.0516 0.0042 0.9987
vn -0.6949 -0.0191 0.7189
vn -0.1314 -0.0000 0.9913
vn -0.6583 -0.0117 0.7526
vn -0.3098 -0.0022 0.9508
vn 0.8143 -0.0000 0.5805
vn -0.7702 0.0009 0.6378
vn -0.5220 0.0060 0.8529
vn 0.7175 -0.0000 0.6966
vn -0.8033 -0.0000 0.5955
vn -0.7239 0.0097 0.6898
vn 0.7208 -0.0000 0.6931
vn -0.8679 -0.0000 0.4967
vn -0.8112 -0.0072 0.5847
vn 0.6078 -0.0000 0.7941
vn -0.9090 -0.0000 0.4167
vn -0.6216 -0.1235 0.7736
vn 0.8449 0.4254 0.3242
vn -0.4038 0.5148 0.7562
vn -0.9472 -0.2970 0.1212
vn -0.0547 0.9957 0.0751
vn -0.0172 0.9379 0.3464
vn -0.9420 -0.3110 -0.1262
vn -0.8037 -0.2505 -0.5398
vn -0.8490 -0.1769 -0.4979
vn -0.9210 -0.0905 -0.3789
vn -0.8773 -0.0812 -0.4731
vn -0.7972 -0.0974 -0.5958
vn -0.7076 -0.0462 -0.7051
vn -0.6732 0.0552 -0.7374
vn -0.6638 0.1318 -0.7362
vn -0.5305 0.1469 -0.8348
vn -0.3420 0.0808 -0.9362
vn -0.2035 0.1878 -0.9609
vn -0.4157 0.0594 -0.9076
vn -0.3487 0.0134 -0.9371
vn -0.2436 -0.0615 -0.9679
vn -0.3601 -0.0368 -0.9322
vn -0.5870 -0.0851 -0.8051
vn -0.6300 -0.1121 -0.7685
vn -0.5911 -0.1684 -0.7888
vn -0.5432 -0.2399 -0.8046
vn -0.4348 -0.1468 -0.8885
vn -0.5465 -0.0035 -0.8375
vn -0.6452 0.0855 -0.7592
vn -0.7215 0.1351 -0.6791
vn -0.8253 0.1092 -0.5540
vn -0.8339 -0.0206 -0.5515
vn -0.7701 -0.0746 -0.6335
vn -0.7491 -0.0901 -0.6563
vn -0.7660 -0.0920 -0.6362
vn -0.7970 -0.0807 -0.5985
vn -0.5224 0.3248 -0.7885
vn -0.4344 0.3988 -0.8076
vn -0.5418 -0.2185 -0.8116
vn -0.5345 -0.2054 -0.8199
vn -0.4933 0.2233 -0.8407
vn -0.9440 -0.2980 -0.1417
vn -0.9390 -0.2745 -0.2071
vn -0.9610 -0.0460 -0.2727
vn -0.8876 0.3898 -0.2455
vn -0.7489 0.6364 -0.1848
vn -0.9660 0.1662 -0.1981
vn -0.9818 -0.1432 -0.1246
vn -0.9183 -0.3759 -0.1240
vn -0.9297 -0.3200 -0.1824
vn -0.9660 -0.1922 -0.1732
vn -0.8263 -0.2936 -0.4806
vn -0.6985 -0.2012 -0.6868
vn -0.6973 -0.1736 -0.6955
vn -0.8448 -0.0979 -0.5260
vn -0.6965 -0.1977 -0.6898
vn -0.6988 -0.2064 -0.6849
vn -0.8895 -0.2687 -0.3697
vn -0.6955 -0.0915 -0.7127
vn -0.7327 0.1234 -0.6693
vn -0.7276 -0.1907 -0.6589
vn -0.7065 -0.1690 -0.6872
vn -0.7087 -0.1556 -0.6881
vn -0.8241 -0.0647 -0.5627
vn -0.6840 -0.0045 -0.7295
vn -0.7238 0.1639 -0.6703
vn -0.7369 -0.1452 -0.6602
vn -0.7153 -0.1063 -0.6907
vn -0.7182 -0.0713 -0.6922
vn -0.6066 0.2189 -0.7643
vn -0.5988 0.1746 -0.7817
vn -0.6603 0.0493 -0.7494
vn -0.6811 0.1224 -0.7219
vn -0.7766 0.1311 -0.6162
vn -0.8154 -0.0498 -0.5768
vn -0.6910 0.0949 -0.7166
vn -0.7393 -0.0499 -0.6715
vn -0.6379 0.3865 -0.6661
vn -0.7726 -0.3883 -0.5022
vn -0.8012 0.0361 -0.5973
vn -0.5933 0.3499 -0.7250
vn -0.7262 0.0986 -0.6803
vn -0.4790 0.4406 -0.7592
vn -0.7008 0.3493 -0.6220
vn -0.5032 0.4710 -0.7245
vn 0.9722 -0.0372 -0.2314
vn -0.7985 0.0979 -0.5940
vn -0.8682 -0.0168 -0.4959
vn -0.8168 -0.0471 -0.5750
vn -0.8005 -0.0420 -0.5978
vn -0.7866 -0.0116 -0.6173
vn -0.7521 0.0089 -0.6590
vn -0.7431 0.0076 -0.6692
vn -0.7828 0.0457 -0.6206
vn -0.8284 -0.0444 -0.5583
vn -0.7088 -0.0142 -0.7052
vn -0.8159 0.0053 -0.5782
vn -0.7845 0.0692 -0.6163
vn -0.7425 0.0702 -0.6661
vn -0.6447 -0.0624 -0.7618
vn -0.5522 -0.1343 -0.8228
vn -0.5307 -0.1613 -0.8321
vn -0.7038 0.0188 -0.7101
vn -0.6569 -0.0617 -0.7514
vn -0.5909 -0.1461 -0.7934
vn -0.5369 -0.1973 -0.8202
vn -0.5342 -0.1901 -0.8237
vn -0.5356 -0.0790 -0.8408
vn -0.4487 0.0182 -0.8935
vn -0.5213 -0.0092 -0.8533
vn -0.8155 -0.0772 -0.5736
vn -0.4749 0.0165 -0.8799
vn -0.7105 0.0176 -0.7035
vn -0.6420 0.0069 -0.7667
vn -0.8538 -0.0281 -0.5199
vn -0.7478 -0.0162 -0.6637
vn -0.4154 0.0445 -0.9086
vn -0.7837 -0.0548 -0.6187
vn -0.5660 -0.0113 -0.8243
vn -0.8640 -0.1014 -0.4931
vn -0.7392 0.0058 -0.6734
vn -0.7652 -0.0336 -0.6429
vn -0.8125 -0.5220 -0.2594
vn 0.4530 -0.7195 0.5263
vn -0.7553 0.0909 -0.6491
vn -0.7979 0.1403 -0.5862
vn -0.7637 0.1707 -0.6227
vn 0.3928 -0.4830 0.7826
vn -0.6024 -0.1449 -0.7849
vn -0.5101 -0.0574 -0.8582
vn -0.2725 0.0149 -0.9621
vn -0.2599 -0.0575 -0.9639
vn -0.4560 0.0686 -0.8873
vn -0.5038 0.0724 -0.8608
vn -0.5570 0.0678 -0.8278
vn -0.4382 0.0991 -0.8934
vn -0.4945 0.0749 -0.8659
vn -0.5369 0.0545 -0.8419
vn -0.3921 0.1209 -0.9119
vn -0.4579 0.0796 -0.8854
vn -0.5137 0.0569 -0.8561
vn -0.5751 0.0476 -0.8167
vn -0.6305 0.0477 -0.7747
vn -0.6685 0.0592 -0.7414
vn -0.6957 0.0944 -0.7121
vn -0.6901 0.0997 -0.7168
vn -0.5446 0.1915 -0.8166
vn -0.5453 0.2448 -0.8017
vn -0.5957 0.2172 -0.7733
vn -0.7345 0.2042 -0.6471
vn -0.7789 0.0696 -0.6233
vn -0.7352 -0.0134 -0.6777
vn -0.6779 -0.0530 -0.7332
vn -0.6511 -0.0327 -0.7582
vn -0.6380 0.0202 -0.7698
vn -0.6124 0.0616 -0.7882
vn -0.6198 0.1217 -0.7753
vn -0.7403 0.0749 -0.6681
vn -0.8121 0.0571 -0.5808
vn -0.8122 -0.0154 -0.5832
vn -0.8331 0.0421 -0.5516
vn -0.8685 0.0927 -0.4869
vn -0.8651 0.1430 -0.4808
vn -0.9091 0.2180 -0.3549
vn -0.9392 0.3335 -0.0820
vn -0.9621 0.2650 -0.0648
vn -0.9081 -0.1002 -0.4065
vn -0.8435 -0.1164 -0.5243
vn -0.8744 -0.1246 -0.4688
vn -0.8177 -0.1312 -0.5604
vn -0.8538 -0.1936 -0.4833
vn -0.8782 -0.1367 -0.4583
vn -0.8356 -0.0929 -0.5414
vn -0.7554 -0.1147 -0.6451
vn -0.7358 -0.0850 -0.6719
vn -0.7249 -0.0667 -0.6856
vn -0.7111 -0.0396 -0.7020
vn -0.6871 -0.0078 -0.7265
vn -0.6477 0.0185 -0.7616
vn -0.5959 0.0352 -0.8023
vn -0.6265 0.0551 -0.7774
vn -0.6840 0.0351 -0.7286
vn -0.7177 0.0059 -0.6963
vn -0.7338 -0.0292 -0.6788
vn -0.7478 -0.0553 -0.6616
vn -0.7679 -0.0711 -0.6367
vn -0.7932 -0.0802 -0.6036
vn -0.3675 -0.1761 -0.9132
vn -0.7147 -0.1450 -0.6843
vn -0.6035 0.3509 -0.7160
vn -0.7636 -0.0454 -0.6440
vn -0.7477 0.3054 -0.5897
vn -0.6237 0.3637 -0.6919
vn -0.6199 0.4257 -0.6592
vn -0.8641 -0.1518 -0.4799
vn -0.5434 0.5186 -0.6602
vn -0.7933 0.1828 -0.5808
vn -0.8027 -0.1273 -0.5827
vn -0.6690 0.3063 -0.6772
vn -0.7817 -0.0362 -0.6226
vn -0.6123 -0.2272 -0.7573
vn -0.5694 0.5067 -0.6473
vn -0.6083 0.3259 -0.7237
vn -0.7893 0.2984 -0.5366
vn -0.6044 -0.2137 -0.7675
vn -0.7837 -0.1051 -0.6122
vn -0.7844 0.2410 -0.5715
vn -0.8017 -0.0051 -0.5977
vn -0.6016 0.4621 -0.6516
vn -0.4925 -0.3554 -0.7944
vn -0.8587 -0.0926 -0.5041
vn -0.5942 0.3735 -0.7124
vn -0.6849 0.4281 -0.5896
vn -0.5834 -0.6256 -0.5179
vn -0.5565 0.5139 -0.6529
vn -0.6921 -0.0829 -0.7170
vn -0.5664 0.4385 -0.6977
vn -0.7089 -0.0153 -0.7052
vn -0.7238 -0.5046 -0.4707
vn -0.6191 0.5619 -0.5485
vn -0.7421 0.0913 -0.6641
vn -0.7523 -0.4826 -0.4485
vn -0.6167 0.5939 -0.5167
vn -0.7780 -0.4777 -0.4081
vn -0.6251 0.4315 -0.6504
vn -0.6330 0.5888 -0.5027
vn -0.8057 -0.4013 -0.4356
vn -0.7292 0.3969 -0.5575
vn -0.7603 -0.2465 -0.6010
vn -0.8099 -0.3487 -0.4717
vn -0.7295 0.3347 -0.5965
vn -0.7449 0.2380 -0.6233
vn -0.5839 0.6432 -0.4954
vn -0.7443 -0.2433 -0.6220
vn -0.9245 0.1379 -0.3553
vn -0.4807 -0.8481 -0.2227
vn -0.4055 0.7300 -0.5502
vn -0.5997 0.7564 -0.2612
vn -0.5256 -0.7167 -0.4584
vn -0.6095 0.3871 -0.6918
vn -0.7574 -0.5846 -0.2908
vn -0.5759 -0.4787 -0.6627
vn -0.5453 0.5945 -0.5910
vn -0.4936 0.7538 -0.4337
vn -0.5595 -0.0634 -0.8264
vn -0.4400 0.6579 -0.6112
vn -0.6254 0.7320 -0.2702
vn -0.5870 0.0866 -0.8049
vn -0.4905 -0.8424 0.2230
vn -0.4909 0.6276 -0.6042
vn -0.5923 0.2620 -0.7619
vn -0.5385 -0.8403 0.0617
vn -0.5874 0.5442 -0.5991
vn -0.5396 0.7729 -0.3339
vn -0.4681 -0.8837 0.0022
vn -0.6086 0.4472 -0.6554
vn -0.0123 -0.9943 -0.1056
vn -0.2336 0.8297 -0.5071
vn -0.5829 0.5889 -0.5599
vn -0.2251 -0.8625 -0.4532
vn -0.3542 0.5579 -0.7506
vn -0.8543 -0.4767 -0.2069
vn -0.3061 -0.6579 -0.6881
vn -0.3022 0.7385 -0.6027
vn -0.2845 0.8042 -0.5218
vn -0.4384 0.0094 -0.8987
vn -0.2377 0.8132 -0.5312
vn -0.5564 0.6381 -0.5322
vn -0.3811 0.2651 -0.8857
vn 0.0134 -0.7943 0.6074
vn -0.2525 0.7717 -0.5837
vn -0.3809 0.4833 -0.7882
vn 0.0595 -0.8589 0.5087
vn -0.3314 0.7186 -0.6114
vn -0.3638 0.7686 -0.5262
vn -0.0381 -0.9602 0.2767
vn -0.3132 0.6601 -0.6828
vn -0.6696 0.4747 -0.5713
vn -0.5988 0.5106 -0.6171
vn -0.1254 -0.8397 -0.5284
vn -0.0380 0.6631 -0.7476
vn -0.6613 -0.5368 -0.5240
vn -0.3611 -0.3896 -0.8473
vn -0.1361 0.7891 -0.5991
vn -0.3846 0.6931 -0.6097
vn -0.2526 0.0098 -0.9675
vn -0.2292 0.7695 -0.5962
vn -0.5300 0.5705 -0.6274
vn -0.2042 0.3838 -0.9005
vn -0.6245 -0.5296 -0.5740
vn -0.1785 0.7867 -0.5910
vn -0.0920 0.6279 -0.7729
vn -0.9002 -0.3846 -0.2041
vn -0.1849 0.7861 -0.5898
vn -0.4042 0.6576 -0.6357
vn -0.0636 -0.9974 0.0344
vn -0.1014 0.7329 -0.6727
vn -0.6195 0.5171 -0.5906
vn -0.0204 -0.9618 -0.2729
vn -0.3327 0.7323 -0.5941
vn -0.8894 -0.1804 -0.4200
vn -0.1224 0.6568 -0.7440
vn 0.5418 -0.5886 0.6000
vn -0.6874 -0.0573 -0.7240
vn -0.2412 0.7299 -0.6396
vn -0.4711 0.6340 -0.6132
vn -0.2571 0.4329 -0.8640
vn -0.3102 0.7273 -0.6122
vn -0.5089 0.6167 -0.6006
vn -0.2117 0.4826 -0.8499
vn 0.5208 -0.5929 0.6142
vn -0.2724 0.7298 -0.6270
vn -0.1209 0.5918 -0.7970
vn -0.6688 -0.2634 -0.6953
vn -0.2361 0.7464 -0.6222
vn -0.4936 0.6225 -0.6073
vn -0.9418 -0.1936 -0.2749
vn -0.1869 0.6954 -0.6939
vn -0.5118 0.6504 -0.5613
vn -0.8378 -0.1867 -0.5130
vn -0.3876 0.6963 -0.6041
vn -0.5155 0.6249 -0.5864
vn -0.3223 0.6906 -0.6474
vn -0.6044 0.0231 -0.7963
vn -0.6550 0.0002 -0.7557
vn -0.6861 -0.0122 -0.7274
vn -0.7208 -0.0130 -0.6931
vn -0.7182 -0.0024 -0.6959
vn -0.7691 -0.0359 -0.6382
vn -0.8804 -0.0182 -0.4739
vn -0.8713 -0.2556 -0.4188
vn -0.9472 -0.2237 -0.2297
vn -0.9240 -0.3083 -0.2264
vn -0.8273 0.0040 -0.5618
vn -0.9152 -0.3254 -0.2379
vn -0.8513 -0.0823 -0.5181
vn -0.9601 -0.1568 -0.2316
vn -0.8468 -0.1074 -0.5210
vn -0.9255 -0.1959 -0.3243
vn -0.8430 -0.0848 -0.5312
vn -0.8516 -0.0459 -0.5222
vn -0.9100 -0.2282 -0.3461
vn -0.9132 -0.2414 -0.3284
vn -0.8860 -0.1802 -0.4272
vn -0.8740 -0.0129 -0.4858
vn -0.8340 -0.1089 -0.5409
vn -0.8111 -0.0777 -0.5798
vn -0.8465 -0.2146 -0.4873
vn -0.7945 -0.1175 -0.5957
vn -0.8901 -0.0334 -0.4545
vn -0.9617 -0.1587 -0.2237
vn -0.7639 -0.1220 -0.6337
vn -0.7648 -0.0916 -0.6377
vn -0.8451 -0.2689 -0.4621
vn -0.9843 -0.1137 -0.1350
vn -0.5866 0.2264 -0.7776
vn -0.7813 0.0011 -0.6242
vn -0.8802 0.0980 -0.4644
vn -0.9530 0.0784 -0.2926
vn -0.9810 0.0787 -0.1774
vn -0.9929 0.0765 -0.0917
vn -0.9920 0.0786 -0.0987
vn -0.9957 0.0829 -0.0424
vn -0.7935 0.0573 -0.6058
vn -0.7510 0.1340 -0.6466
vn -0.7745 0.0612 -0.6296
vn -0.8821 0.0513 -0.4683
vn -0.5965 0.2295 -0.7691
vn -0.6091 0.2095 -0.7649
vn -0.7705 -0.0723 -0.6333
vn -0.8349 -0.1608 -0.5264
vn -0.9138 -0.1038 -0.3926
vn -0.9747 -0.0598 -0.2152
vn -0.9911 -0.0159 -0.1321
vn -0.9950 -0.0047 -0.0998
vn -0.9414 0.3345 -0.0426
vn -0.9388 0.3307 -0.0960
vn -0.8969 0.3541 -0.2650
vn -0.7448 0.3624 -0.5603
vn -0.8262 0.4027 -0.3939
vn -0.7103 0.2865 -0.6430
vn -0.9336 0.3579 -0.0193
vn -0.7559 0.3016 -0.5811
vn -0.9354 0.3477 -0.0641
vn -0.6265 0.6659 -0.4050
vn -0.9432 0.3306 -0.0313
vn 0.1742 0.8954 -0.4097
vn -0.9191 0.3925 -0.0343
vn -0.8527 0.4595 -0.2486
vn -0.6581 0.5535 -0.5104
vn -0.8977 0.4405 -0.0080
vn -0.9159 0.3902 -0.0944
vn -0.7465 0.5646 -0.3521
vn -0.4956 0.4487 -0.7437
vn -0.4217 0.4150 -0.8062
vn -0.7363 0.2571 -0.6260
vn -0.5741 0.5031 -0.6460
vn -0.6444 0.2464 -0.7239
vn -0.5857 0.2148 -0.7816
vn -0.6259 0.2234 -0.7473
vn -0.5174 0.3734 -0.7699
vn -0.3885 0.4869 -0.7823
vn -0.4459 0.4396 -0.7797
vn -0.3779 0.5479 -0.7463
vn -0.4543 0.5055 -0.7336
vn -0.5750 -0.2296 -0.7853
vn -0.5299 -0.2245 -0.8178
vn -0.6007 -0.2387 -0.7630
vn -0.6676 -0.1646 -0.7261
vn -0.4455 0.6112 -0.6541
vn -0.5969 -0.2087 -0.7747
vn -0.2722 0.0020 -0.9622
vn -0.2725 0.3919 -0.8787
vn -0.4052 0.5590 -0.7234
vn -0.5147 -0.2535 -0.8190
vn -0.3368 0.4944 -0.8014
vn -0.6397 -0.2246 -0.7351
vn -0.6899 0.1830 -0.7004
vn -0.6325 -0.1057 -0.7673
vn -0.7152 -0.1864 -0.6736
vn -0.1646 0.4397 -0.8830
vn -0.7486 0.2283 -0.6224
vn -0.6971 -0.2391 -0.6760
vn -0.7559 -0.4179 -0.5039
vn -0.5230 -0.3106 -0.7937
vn -0.6498 -0.4096 -0.6403
vn -0.4002 0.7718 -0.4941
vn -0.2356 -0.0398 -0.9710
vn -0.6358 -0.3364 -0.6946
vn 0.4377 0.6557 -0.6152
vn -0.5222 -0.2991 -0.7987
vn -0.4604 0.6224 -0.6329
vn -0.2458 0.5662 -0.7868
vn -0.6402 -0.1334 -0.7565
vn 0.0326 0.9796 -0.1981
vn 0.3799 0.5936 -0.7095
vn -0.4481 -0.5802 -0.6801
vn 0.2743 0.6922 -0.6676
vn -0.5525 -0.5112 -0.6584
vn -0.3355 0.7731 -0.5382
vn -0.5416 0.6615 -0.5188
vn -0.6330 -0.4040 -0.6604
vn -0.4234 0.7055 -0.5683
vn -0.1291 0.4501 -0.8836
vn -0.7569 0.4341 -0.4885
vn -0.6376 -0.3844 -0.6676
vn -0.7846 -0.2753 -0.5556
vn -0.4749 -0.4429 -0.7605
vn -0.6640 -0.6844 -0.3012
vn -0.1886 -0.0781 -0.9789
vn -0.5344 -0.6333 -0.5598
vn -0.7534 -0.0543 -0.6553
vn -0.2617 -0.8416 -0.4724
vn -0.6191 -0.4939 -0.6106
vn 0.3080 -0.4351 -0.8461
vn -0.3536 -0.7903 -0.5004
vn -0.1697 0.7745 -0.6094
vn -0.2793 -0.8337 -0.4764
vn 0.2738 0.6357 -0.7218
vn -0.3184 -0.8151 -0.4840
vn -0.4951 0.8688 -0.0071
vn -0.0600 0.9716 -0.2290
vn -0.5627 -0.7374 0.3736
vn -0.2200 0.9723 0.0793
vn 0.3221 -0.1168 -0.9395
vn -0.8254 0.0531 -0.5621
vn 0.3587 -0.2953 -0.8855
vn -0.5502 0.0872 -0.8305
vn -0.4067 0.4332 -0.8044
vn -0.7987 0.1835 -0.5730
vn -0.4450 0.1538 -0.8822
vn -0.4183 0.2166 -0.8821
vn -0.4688 0.2245 -0.8543
vn -0.5739 0.1947 -0.7954
vn -0.6897 0.1286 -0.7126
vn -0.7274 0.0534 -0.6842
vn -0.6925 -0.0109 -0.7214
vn -0.3445 0.1968 -0.9179
vn -0.3326 0.2361 -0.9130
vn -0.3455 0.2615 -0.9012
vn -0.3693 0.2692 -0.8895
vn -0.4202 0.2661 -0.8675
vn -0.5263 0.2431 -0.8148
vn -0.6057 0.1694 -0.7774
vn -0.6095 0.0965 -0.7869
vn -0.6379 0.0561 -0.7681
vn -0.6642 0.0360 -0.7467
vn -0.4124 0.1903 -0.8909
vn -0.4026 0.2196 -0.8886
vn -0.4004 0.2314 -0.8866
vn -0.4478 0.2374 -0.8620
vn -0.5405 0.2327 -0.8085
vn -0.6252 0.1823 -0.7589
vn -0.6661 0.0978 -0.7395
vn -0.6929 0.0258 -0.7206
vn -0.7534 -0.0127 -0.6575
vn -0.8394 -0.0547 -0.5408
vn -0.9033 -0.0841 -0.4207
vn -0.9414 -0.0675 -0.3304
vn -0.9647 -0.0411 -0.2600
vn -0.9897 0.0022 -0.1432
vn -0.9969 0.0742 -0.0280
vn -0.9898 0.1412 0.0212
vn -0.6490 0.0160 -0.7606
vn -0.6660 -0.0182 -0.7457
vn -0.6658 -0.0202 -0.7458
vn -0.6755 -0.0119 -0.7373
vn -0.6676 0.0015 -0.7445
vn -0.6978 0.0069 -0.7163
vn -0.7388 -0.0018 -0.6739
vn -0.7894 -0.0046 -0.6139
vn -0.8626 -0.0439 -0.5040
vn -0.8939 -0.0334 -0.4470
vn -0.9185 0.0214 -0.3948
vn -0.9511 0.1024 -0.2915
vn -0.9644 0.1938 -0.1802
vn -0.9578 0.2674 -0.1053
vn -0.9535 0.2966 -0.0530
vn -0.4891 -0.2766 -0.8272
vn -0.6743 -0.2377 -0.6992
vn -0.7348 -0.1795 -0.6541
vn -0.7649 -0.1966 -0.6135
vn -0.8628 -0.2567 -0.4356
vn -0.8089 -0.2465 -0.5338
vn -0.9185 -0.2351 -0.3181
vn -0.9104 -0.2605 -0.3214
vn -0.2401 -0.2354 -0.9418
vn -0.8864 -0.4135 -0.2083
vn -0.8676 -0.3251 -0.3762
vn -0.6789 -0.4964 -0.5410
vn -0.8980 -0.3647 -0.2461
vn -0.8183 -0.4238 -0.3883
vn -0.8768 -0.4589 -0.1436
vn -0.5896 -0.5165 -0.6210
vn -0.7746 -0.4531 -0.4412
vn -0.8593 -0.4503 -0.2427
vn -0.4420 -0.4958 -0.7475
vn -0.7338 -0.4732 -0.4875
vn -0.9125 -0.3627 -0.1891
vn -0.1926 -0.4524 -0.8708
vn -0.8578 -0.5079 -0.0793
vn -0.6153 -0.5632 -0.5515
vn -0.7629 -0.5090 -0.3987
vn -0.8599 -0.4936 -0.1303
vn -0.4851 -0.5637 -0.6686
vn -0.7200 -0.5307 -0.4471
vn -0.8709 -0.4739 -0.1302
vn -0.2335 -0.5395 -0.8090
vn -0.6655 -0.5588 -0.4949
vn -0.8828 -0.4511 -0.1311
vn -0.8145 -0.4946 -0.3031
vn -0.8705 -0.4867 -0.0729
vn -0.4290 -0.6827 -0.5915
vn -0.6650 -0.6526 -0.3631
vn -0.8538 -0.5055 -0.1248
vn -0.2245 -0.6559 -0.7207
vn -0.6346 -0.6456 -0.4248
vn -0.8141 -0.5718 -0.1013
vn -0.7384 -0.6584 -0.1461
vn -0.0600 -0.0336 -0.9976
vn -0.5842 -0.6547 -0.4797
vn -0.6992 -0.6639 -0.2653
vn -0.6481 -0.7235 -0.2376
vn -0.8052 -0.5856 -0.0931
vn -0.5935 -0.7456 -0.3029
vn -0.7584 -0.6269 -0.1786
vn -0.7106 -0.6770 -0.1914
vn -0.6562 -0.7128 -0.2478
vn -0.6918 -0.7069 -0.1472
vn -0.7149 -0.6984 -0.0326
vn -0.6057 -0.7331 -0.3095
vn -0.5123 -0.7560 -0.4074
vn 0.3310 0.0532 -0.9421
vn 0.8245 0.0315 -0.5650
vn -0.3516 -0.7489 -0.5617
vn -0.5355 -0.7642 -0.3595
vn -0.1923 -0.7139 -0.6733
vn -0.5564 -0.8277 -0.0731
vn -0.4473 -0.8084 -0.3827
vn -0.1408 -0.7549 -0.6406
vn -0.5556 -0.8065 -0.2023
vn -0.2780 -0.8082 -0.5191
vn -0.5599 -0.8284 -0.0170
vn -0.5198 -0.7900 -0.3251
vn -0.3777 -0.8415 -0.3862
vn -0.2360 -0.8223 -0.5179
vn -0.4148 -0.9066 -0.0775
vn -0.4360 -0.9000 0.0026
vn -0.1696 -0.8481 -0.5020
vn -0.4224 -0.9064 -0.0099
vn -0.3549 -0.9107 -0.2116
vn -0.0651 -0.7996 -0.5970
vn -0.0800 -0.8604 -0.5032
vn -0.0086 -0.8203 -0.5719
vn -0.3304 -0.9438 0.0103
vn -0.2332 -0.9636 -0.1307
vn -0.3070 -0.9516 -0.0163
vn 0.0387 -0.8754 -0.4818
vn 0.0921 -0.8406 -0.5338
vn -0.1128 -0.9867 -0.1174
vn -0.2225 -0.9749 -0.0089
vn 0.2040 -0.8557 -0.4756
vn 0.0038 -0.9921 -0.1253
vn -0.1180 -0.9926 -0.0270
vn 0.1649 -0.8893 -0.4265
vn 0.1138 -0.9852 -0.1284
vn 0.0022 -0.9996 -0.0280
vn 0.2583 -0.8886 -0.3791
vn 0.2892 -0.8615 -0.4172
vn 0.2940 -0.9516 -0.0896
vn 0.1575 -0.9821 0.1032
vn 0.3891 -0.8499 -0.3553
vn 0.4129 -0.8553 -0.3129
vn 0.4905 -0.8501 -0.1915
vn 0.4791 -0.8747 -0.0739
vn -0.2493 -0.9679 0.0310
vn -0.2505 -0.9681 0.0024
vn -0.1465 -0.9890 -0.0227
vn -0.0643 -0.9914 0.1142
vn -0.3438 -0.9388 0.0189
vn 0.3694 -0.9023 -0.2224
vn 0.2668 -0.9321 -0.2449
vn 0.1847 -0.9751 -0.1225
vn 0.2076 -0.9456 -0.2507
vn 0.1630 -0.9527 -0.2565
vn 0.0602 -0.9900 -0.1276
vn 0.1112 -0.9576 -0.2659
vn 0.0562 -0.9584 -0.2797
vn -0.0510 -0.9913 -0.1217
vn -0.0100 -0.9533 -0.3019
vn -0.0786 -0.9428 -0.3241
vn -0.1775 -0.9771 -0.1173
vn -0.1422 -0.9269 -0.3474
vn -0.2072 -0.9042 -0.3734
vn -0.2907 -0.9428 -0.1635
vn -0.2692 -0.8776 -0.3966
vn -0.3166 -0.8564 -0.4078
vn -0.3845 -0.8898 -0.2458
vn 0.3629 -0.9292 -0.0699
vn 0.5084 -0.8159 -0.2753
vn 0.5922 -0.7708 -0.2349
vn 0.6162 -0.7667 -0.1803
vn 0.6290 -0.7745 -0.0675
vn 0.5779 -0.7699 -0.2707
vn -0.0020 -0.7272 -0.6864
vn -0.0135 -0.3766 -0.9263
vn -0.1015 -0.4717 -0.8759
vn -0.1172 -0.6017 -0.7901
vn 0.0396 -0.7618 -0.6465
vn -0.0600 -0.6879 -0.7234
vn -0.0290 -0.2242 -0.9741
vn 0.0522 -0.2924 -0.9549
vn -0.1156 -0.0120 -0.9932
vn -0.0083 -0.2791 -0.9602
vn -0.0185 -0.1396 -0.9900
vn -0.1566 -0.1279 -0.9793
vn -0.0025 0.0926 -0.9957
vn -0.2534 -0.0324 -0.9668
vn -0.2060 -0.0397 -0.9778
vn -0.1782 -0.0549 -0.9825
vn -0.5140 0.2294 -0.8265
vn -0.3628 0.2949 -0.8839
vn -0.5633 0.2036 -0.8008
vn -0.3065 0.3116 -0.8994
vn -0.4685 0.2693 -0.8414
vn -0.5926 0.1864 -0.7836
vn -0.2996 0.3131 -0.9012
vn -0.6619 0.0951 -0.7436
vn -0.8831 -0.3647 -0.2952
vn -0.6213 0.2028 -0.7569
vn -0.9400 -0.1036 -0.3249
vn -0.9955 -0.0927 0.0213
vn -0.9650 -0.0921 -0.2455
vn -0.9937 -0.1049 0.0400
vn -0.8977 -0.0661 -0.4355
vn -0.9880 -0.0765 -0.1341
vn -0.7142 0.0448 -0.6985
vn -0.8083 -0.0411 -0.5874
vn -0.9967 -0.0772 0.0232
vn -0.9702 -0.0842 -0.2272
vn -0.9917 -0.0551 -0.1158
vn -0.9983 -0.0583 0.0079
vn -0.9987 0.0457 0.0212
vn -0.9732 -0.0678 -0.2199
vn -0.7645 0.0643 -0.6414
vn -0.8851 -0.0138 -0.4652
vn -0.9977 -0.0153 -0.0656
vn -0.6729 0.1455 -0.7253
vn -0.9982 0.0580 0.0165
vn -0.9419 -0.0583 -0.3308
vn -0.6075 0.1637 -0.7773
vn -0.5467 0.3785 -0.7469
vn -0.9760 0.1940 0.0986
vn -0.3682 0.4441 -0.8169
vn -0.2671 0.4279 -0.8634
vn -0.2623 0.3856 -0.8846
vn -0.4808 0.4075 -0.7764
vn -0.3294 0.4611 -0.8239
vn -0.1967 0.3985 -0.8958
vn -0.2903 0.6907 -0.6623
vn -0.1100 0.7251 -0.6798
vn -0.0633 0.5738 -0.8166
vn -0.1612 0.7332 -0.6606
vn -0.1504 0.6612 -0.7350
vn -0.1920 0.5056 -0.8411
vn -0.5171 0.3898 -0.7620
vn -0.2670 0.0403 -0.9629
vn -0.9772 0.0662 -0.2019
vn -0.6975 0.2391 -0.6756
vn -0.8464 0.1467 -0.5119
vn -0.9935 0.1110 0.0264
vn -0.9716 0.2340 0.0354
vn -0.9284 0.0754 -0.3638
vn -0.9534 0.2805 0.1107
vn -0.7523 0.3711 -0.5444
vn -0.9218 0.3832 0.0592
vn -0.5688 0.4674 -0.6768
vn -0.9234 0.3365 0.1846
vn -0.9460 0.2681 -0.1824
vn 0.9322 -0.3096 -0.1874
vn -0.8870 0.2952 -0.3551
vn -0.8649 0.4467 0.2290
vn -0.8846 0.4427 -0.1467
vn -0.4887 0.5846 -0.6476
vn -0.6464 0.5478 -0.5311
vn 0.9129 -0.4069 -0.0334
vn -0.8901 0.4269 0.1597
vn -0.8804 0.4675 0.0798
vn -0.7885 0.5033 -0.3535
vn -0.7682 0.6364 -0.0703
vn -0.3762 0.7204 -0.5827
vn -0.4942 0.7223 -0.4838
vn -0.8597 0.5018 0.0954
vn -0.8108 0.5430 0.2187
vn -0.8202 0.5641 0.0951
vn -0.6425 0.6910 -0.3313
vn -0.8082 0.5545 0.1986
vn -0.6954 0.6717 0.2554
vn -0.1185 0.1611 -0.9798
vn -0.4369 0.8419 -0.3168
vn -0.7335 0.6705 0.1114
vn -0.6139 0.7890 0.0245
vn -0.2461 0.8325 -0.4964
vn -0.3008 0.8545 -0.4236
vn -0.2144 0.9324 -0.2908
vn -0.6316 0.7730 0.0599
vn -0.4240 0.9043 0.0505
vn -0.1160 0.9081 -0.4024
vn -0.1602 0.9066 -0.3904
vn -0.5303 0.8158 0.2308
vn -0.2437 0.2708 -0.9313
vn -0.3236 0.1585 -0.9328
vn -0.2319 0.2350 -0.9439
vn -0.2088 0.3538 -0.9117
vn -0.2534 0.2081 -0.9447
vn -0.0936 0.4997 -0.8611
vn -0.3740 0.1127 -0.9206
vn -0.1984 0.2318 -0.9523
vn -0.3074 0.1072 -0.9455
vn -0.0519 0.3672 -0.9287
vn -0.1759 0.2333 -0.9564
vn -0.2541 0.1800 -0.9503
vn 0.0920 0.5105 -0.8550
vn -0.1615 0.2400 -0.9572
vn 0.0479 0.3958 -0.9171
vn -0.1669 0.2757 -0.9467
vn -0.2195 0.1603 -0.9624
vn 0.0590 0.4712 -0.8800
vn -0.0793 0.2848 -0.9553
vn -0.2108 0.2457 -0.9461
vn -0.2161 0.0831 -0.9728
vn -0.0015 0.3624 -0.9320
vn 0.0240 0.3755 -0.9265
vn -0.1111 0.2116 -0.9710
vn -0.0791 0.0184 -0.9967
vn 0.0508 0.3693 -0.9279
vn -0.0508 0.3380 -0.9398
vn -0.1143 0.0769 -0.9905
vn -0.0387 -0.1019 -0.9940
vn -0.0276 -0.2365 -0.9712
vn 0.0353 -0.1661 -0.9855
vn 0.1585 -0.3351 -0.9288
vn 0.0523 -0.0293 -0.9982
vn 0.1147 -0.0192 -0.9932
vn 0.2593 0.2449 -0.9342
vn 0.2480 -0.4170 -0.8744
vn 0.1556 0.3136 -0.9367
vn 0.2385 -0.4179 -0.8766
vn 0.1819 0.3133 -0.9321
vn 0.1248 -0.7387 -0.6624
vn 0.1540 0.2040 -0.9668
vn -0.3953 -0.6212 -0.6767
vn -0.3134 -0.4910 -0.8128
vn -0.2593 -0.5900 -0.7646
vn -0.2926 -0.6886 -0.6635
vn 0.2019 0.4420 -0.8740
vn 0.2225 0.4634 -0.8578
vn 0.1718 0.2666 -0.9484
vn -0.2173 -0.6379 -0.7388
vn -0.1705 -0.7016 -0.6918
vn -0.0565 -0.4327 -0.8998
vn 0.1747 0.4670 -0.8668
vn 0.1660 0.4524 -0.8762
vn 0.1523 0.3316 -0.9311
vn -0.0501 -0.7728 -0.6327
vn 0.0276 -0.7657 -0.6426
vn 0.2333 -0.2487 -0.9400
vn 0.2359 0.4502 -0.8612
vn 0.2026 0.3788 -0.9030
vn 0.1474 0.2705 -0.9514
vn -0.7577 -0.2476 -0.6038
vn 0.1864 0.4811 -0.8566
vn 0.1804 0.3818 -0.9064
vn 0.2049 0.2093 -0.9561
vn -0.7453 -0.2474 -0.6191
vn -0.3782 -0.3674 -0.8497
vn 0.0712 -0.3795 -0.9224
vn 0.0980 0.1456 -0.9845
vn -0.5570 -0.3196 -0.7665
vn 0.1194 -0.1020 -0.9876
vn 0.1208 -0.0761 -0.9898
vn 0.0850 -0.0455 -0.9953
vn 0.1345 -0.0863 -0.9871
vn -0.0409 0.3158 -0.9479
vn 0.1331 0.3341 -0.9331
vn 0.0545 0.0340 -0.9979
vn -0.0988 0.2715 -0.9574
vn 0.0492 0.3420 -0.9384
vn 0.1172 0.1752 -0.9775
vn 0.0185 -0.0186 -0.9997
vn -0.0631 0.2427 -0.9680
vn 0.0497 0.2660 -0.9627
vn 0.0899 0.0487 -0.9948
vn -0.0477 0.2468 -0.9679
vn -0.0268 0.2633 -0.9644
vn 0.0967 0.1618 -0.9821
vn 0.0588 -0.0196 -0.9981
vn 0.0807 0.1581 -0.9841
vn 0.1362 0.0040 -0.9907
vn 0.1274 0.2547 -0.9586
vn 0.0452 0.2087 -0.9769
vn 0.1107 0.0624 -0.9919
vn 0.1351 -0.0678 -0.9885
vn 0.0705 0.2370 -0.9689
vn 0.3020 0.2728 -0.9135
vn 0.2429 0.1410 -0.9597
vn 0.2010 -0.0286 -0.9792
vn 0.1946 -0.0792 -0.9777
vn 0.2769 0.2135 -0.9369
vn 0.2169 0.0575 -0.9745
vn 0.2131 -0.0592 -0.9752
vn -0.4420 0.5684 -0.6939
vn -0.3583 0.6869 -0.6323
vn -0.2585 0.7871 -0.5601
vn -0.1202 0.8953 -0.4289
vn -0.6063 0.3096 -0.7325
vn -0.5085 0.5013 -0.7001
vn -0.4179 0.6359 -0.6489
vn -0.3370 0.7388 -0.5837
vn -0.1568 0.8770 -0.4541
vn -0.3306 0.6305 -0.7023
vn -0.4042 0.0638 -0.9124
vn -0.3231 -0.0078 -0.9463
vn -0.0570 -0.0040 -0.9984
vn -0.2257 0.0369 -0.9735
vn 0.0168 -0.0654 -0.9977
vn -0.4466 0.5038 -0.7394
vn -0.4845 0.4879 -0.7261
vn -0.5971 0.4397 -0.6709
vn -0.8179 -0.1739 -0.5484
vn -0.7941 0.0565 -0.6052
vn -0.7691 -0.0520 -0.6370
vn -0.7920 0.0196 -0.6102
vn -0.9190 -0.2999 -0.2560
vn -0.9269 -0.3465 -0.1446
vn -0.9034 -0.3342 -0.2685
vn 0.1244 -0.1430 -0.9819
vn 0.0834 -0.2191 -0.9721
vn 0.0146 -0.3093 -0.9509
vn -0.0517 -0.4181 -0.9069
vn -0.0337 -0.3029 -0.9524
vn -0.0176 -0.4233 -0.9058
vn -0.0261 -0.2932 -0.9557
vn 0.0017 -0.4481 -0.8940
vn -0.0135 -0.3115 -0.9501
vn 0.0341 -0.4805 -0.8763
vn 0.0099 -0.3311 -0.9435
vn -0.0210 -0.2778 -0.9604
vn 0.0136 -0.2331 -0.9724
vn 0.0268 -0.1807 -0.9832
vn 0.0160 -0.1529 -0.9881
vn -0.0567 -0.5477 -0.8348
vn 0.0076 -0.5899 -0.8074
vn 0.0284 -0.6283 -0.7774
vn 0.0699 -0.6607 -0.7473
vn 0.1092 -0.3784 -0.9192
vn 0.2320 -0.2579 -0.9379
vn 0.1260 -0.2683 -0.9551
vn -0.0745 -0.2578 -0.9633
vn -0.0535 -0.3733 -0.9262
vn -0.1680 -0.4047 -0.8989
vn -0.1098 -0.3621 -0.9257
vn -0.1200 -0.3141 -0.9418
vn -0.0025 -0.2605 -0.9655
vn -0.0251 -0.2505 -0.9678
vn -0.2714 -0.1705 -0.9472
vn -0.3451 -0.1208 -0.9307
vn 0.0784 -0.1423 -0.9867
vn 0.0081 -0.3942 -0.9190
vn 0.1529 -0.2894 -0.9449
vn -0.1186 -0.3292 -0.9368
vn -0.0934 -0.0063 -0.9956
vn -0.0166 -0.2148 -0.9765
vn -0.1022 -0.1829 -0.9778
vn 0.0862 -0.1801 -0.9799
vn 0.0655 -0.2252 -0.9721
vn 0.0526 -0.1949 -0.9794
vn 0.1136 -0.1994 -0.9733
vn 0.0799 -0.1202 -0.9895
vn 0.1102 0.1610 -0.9808
vn 0.1509 0.0600 -0.9867
vn 0.1616 0.0726 -0.9842
vn 0.1322 0.0497 -0.9900
vn 0.1525 0.0887 -0.9843
vn 0.1531 0.0888 -0.9842
vn 0.1528 0.0847 -0.9846
vn 0.1547 0.0261 -0.9876
vn 0.1884 0.0740 -0.9793
vn 0.1902 0.0417 -0.9809
vn 0.0489 -0.0934 -0.9944
vn 0.1292 -0.7920 -0.5967
vn 0.1584 -0.7800 -0.6054
vn 0.2102 -0.7468 -0.6309
vn 0.2232 -0.7235 -0.6533
vn 0.2833 -0.6575 -0.6981
vn 0.3032 -0.5990 -0.7411
vn 0.3286 -0.4666 -0.8212
vn 0.3412 -0.3564 -0.8698
vn 0.3666 -0.2621 -0.8927
vn 0.4238 -0.1920 -0.8852
vn 0.5246 -0.1610 -0.8360
vn 0.2193 -0.8423 -0.4923
vn 0.2968 -0.8150 -0.4977
vn 0.3676 -0.7804 -0.5059
vn 0.3771 -0.7706 -0.5139
vn 0.3681 -0.7518 -0.5471
vn 0.4281 -0.6707 -0.6057
vn 0.5175 -0.5963 -0.6138
vn 0.6332 -0.4791 -0.6079
vn 0.7348 -0.2785 -0.6185
vn 0.2734 -0.6393 -0.7187
vn 0.3419 -0.5688 -0.7481
vn 0.3719 -0.4881 -0.7896
vn 0.5052 -0.3739 -0.7778
vn 0.6162 -0.2152 -0.7576
vn 0.6572 -0.1782 -0.7324
vn 0.0771 -0.6684 -0.7398
vn 0.0914 -0.6685 -0.7381
vn 0.1387 -0.5887 -0.7964
vn 0.1299 -0.4409 -0.8881
vn 0.1245 -0.2906 -0.9487
vn 0.1162 -0.1130 -0.9868
vn 0.1081 -0.0431 -0.9932
vn 0.0262 -0.0270 -0.9993
vn 0.0824 -0.0248 -0.9963
vn -0.0082 -0.1586 -0.9873
vn 0.0621 -0.3521 -0.9339
vn 0.0318 -0.4969 -0.8672
vn -0.0069 -0.1504 -0.9886
vn 0.0405 -0.1580 -0.9866
vn 0.0156 -0.1510 -0.9884
vn 0.1788 -0.6448 -0.7432
vn 0.2226 -0.5584 -0.7992
vn 0.2449 -0.4538 -0.8568
vn 0.2589 -0.2499 -0.9330
vn 0.2585 -0.1576 -0.9531
vn 0.5571 -0.7902 -0.2555
vn 0.5234 -0.8129 -0.2555
vn 0.5836 -0.7862 -0.2029
vn 0.6647 -0.7377 -0.1186
vn 0.7393 -0.6719 -0.0436
vn 0.8144 -0.5800 0.0203
vn 0.8723 -0.4847 0.0648
vn 0.9525 -0.2807 0.1179
vn 0.6470 -0.7368 -0.1962
vn 0.6830 -0.7180 -0.1341
vn 0.7485 -0.6623 -0.0343
vn 0.7738 -0.6329 0.0236
vn 0.8316 -0.5531 0.0501
vn 0.6329 -0.6479 -0.4238
vn 0.7245 -0.5581 -0.4044
vn 0.8078 -0.4390 -0.3933
vn 0.2610 -0.1352 -0.9558
vn 0.3036 -0.0088 -0.9528
vn 0.2213 -0.1229 -0.9674
vn 0.2285 -0.1762 -0.9575
vn 0.2206 -0.0481 -0.9742
vn 0.3286 -0.1300 -0.9355
vn 0.3602 -0.0575 -0.9311
vn 0.4082 0.0150 -0.9128
vn 0.4676 0.1170 -0.8762
vn 0.5304 0.2410 -0.8128
vn 0.5768 0.3051 -0.7578
vn 0.1734 -0.1039 -0.9794
vn 0.1941 -0.0640 -0.9789
vn 0.2409 -0.0138 -0.9705
vn 0.3306 0.0864 -0.9398
vn 0.4114 0.1847 -0.8925
vn 0.4715 0.1777 -0.8638
vn 0.4990 0.2665 -0.8246
vn 0.7034 -0.1262 -0.6996
vn 0.7555 -0.1673 -0.6334
vn 0.7328 -0.0828 -0.6753
vn 0.7790 -0.1020 -0.6186
vn 0.7626 0.0277 -0.6462
vn 0.8203 0.0033 -0.5720
vn 0.7894 0.1473 -0.5959
vn 0.8530 0.1388 -0.5032
vn 0.8017 0.2647 -0.5359
vn 0.8651 0.2454 -0.4375
vn 0.8546 -0.3454 -0.3877
vn 0.9443 -0.3006 -0.1339
vn 0.8725 -0.2306 -0.4309
vn 0.9817 -0.1772 -0.0704
vn 0.9985 0.0346 0.0414
vn 0.9309 -0.0203 -0.3647
vn 0.9613 0.0986 -0.2572
vn 0.6196 -0.1038 -0.7780
vn 0.6579 -0.0443 -0.7518
vn 0.6901 0.0794 -0.7193
vn 0.7094 0.1751 -0.6827
vn 0.7362 0.2684 -0.6212
vn 0.9887 -0.0934 0.1176
vn 0.9921 0.1227 0.0262
vn 0.9813 0.1887 -0.0380
vn 0.9799 0.1815 -0.0825
vn 0.8877 0.4413 -0.1311
vn 0.9877 0.1188 -0.1015
vn -0.2165 0.7713 -0.5984
vn -0.1084 0.9130 -0.3934
vn -0.0745 0.8734 -0.4812
vn -0.0480 0.8585 -0.5105
vn -0.0229 0.8483 -0.5291
vn -0.0101 0.8291 -0.5590
vn -0.0275 0.8472 -0.5305
vn 0.0403 0.7958 -0.6043
vn 0.0393 0.7640 -0.6441
vn 0.1077 0.6846 -0.7209
vn 0.0795 0.5656 -0.8208
vn -0.0425 0.4719 -0.8806
vn -0.1042 0.3304 -0.9381
vn -0.1466 0.2416 -0.9592
vn 0.0282 0.3085 -0.9508
vn -0.1561 0.8229 -0.5463
vn -0.0559 0.8635 -0.5012
vn 0.0251 0.8793 -0.4757
vn 0.0232 0.8345 -0.5505
vn -0.0677 0.8189 -0.5700
vn 0.0083 0.7179 -0.6961
vn -0.0911 0.6424 -0.7609
vn -0.0009 0.5803 -0.8144
vn 0.1278 0.5545 -0.8223
vn 0.0131 0.4772 -0.8787
vn -0.0638 0.3311 -0.9414
vn -0.1268 0.2755 -0.9529
vn -0.0050 0.3199 -0.9475
vn 0.2012 0.2857 -0.9369
vn 0.3644 0.2608 -0.8940
vn 0.5578 0.2598 -0.7883
vn 0.6389 0.3246 -0.6975
vn 0.7490 0.3259 -0.5769
vn 0.8222 0.3003 -0.4836
vn 0.8137 0.3092 -0.4922
vn 0.7423 0.3218 -0.5877
vn 0.6121 0.3223 -0.7221
vn 0.5302 0.2729 -0.8027
vn 0.3261 0.2642 -0.9077
vn 0.1760 0.2681 -0.9472
vn 0.9611 0.1938 -0.1968
vn 0.7869 0.3670 -0.4961
vn 0.8756 0.2826 -0.3917
vn 0.8867 0.2762 -0.3708
vn 0.9497 0.2246 -0.2182
vn 0.9388 0.2351 -0.2516
vn 0.9093 0.2743 -0.3130
vn 0.8216 0.5047 -0.2649
vn 0.9577 0.1271 -0.2583
vn 0.7860 0.1553 -0.5984
vn 0.6944 0.1178 -0.7099
vn 0.6408 0.0865 -0.7628
vn 0.6977 0.4744 -0.5368
vn 0.5999 0.6075 -0.5207
vn 0.5297 0.6164 -0.5827
vn 0.5714 0.0538 -0.8189
vn 0.2730 0.0571 -0.9603
vn 0.0252 0.0643 -0.9976
vn -0.1348 0.0727 -0.9882
vn -0.3246 0.0667 -0.9435
vn -0.5537 0.0749 -0.8294
vn -0.6518 0.1024 -0.7514
vn -0.7308 0.1313 -0.6699
vn -0.8347 0.1866 -0.5182
vn -0.6785 0.2537 -0.6894
vn -0.5915 0.3120 -0.7435
vn -0.5535 0.3411 -0.7598
vn -0.6192 0.4475 -0.6452
vn -0.6577 0.4368 -0.6137
vn -0.6392 0.4492 -0.6242
vn -0.6756 0.5405 -0.5015
vn -0.7855 0.5953 -0.1690
vn -0.2369 0.8636 -0.4451
vn -0.2509 0.8390 -0.4828
vn -0.1712 0.8470 -0.5032
vn -0.1942 0.7553 -0.6260
vn -0.3469 0.6268 -0.6977
vn -0.4113 0.6288 -0.6599
vn -0.3605 0.9284 -0.0897
vn -0.4474 0.5535 -0.7024
vn -0.3072 0.8544 -0.4191
vn -0.2558 0.8520 -0.4568
vn -0.0553 0.9602 -0.2737
vn -0.0138 0.7738 -0.6333
vn -0.0256 0.7695 -0.6381
vn -0.0374 0.9483 -0.3150
vn -0.0162 0.9002 -0.4352
vn -0.0743 0.8347 -0.5457
vn -0.0339 0.9396 -0.3406
vn -0.0264 0.9599 -0.2790
vn -0.0587 0.8186 -0.5713
vn -0.0836 0.9954 -0.0477
vn -0.4561 0.8898 -0.0180
vn -0.1359 0.9745 0.1783
vn -0.0719 0.9475 -0.3115
vn -0.0404 0.9366 -0.3480
vn -0.0381 0.9396 -0.3403
vn -0.0334 0.9547 -0.2957
vn -0.1050 0.9258 -0.3630
vn -0.2058 0.8791 -0.4300
vn -0.2295 0.7628 -0.6045
vn -0.0537 0.7963 -0.6025
vn 0.0544 0.8494 -0.5249
vn 0.0631 0.8902 -0.4511
vn 0.0625 0.8829 -0.4654
vn 0.1056 0.8483 -0.5188
vn 0.1156 0.8146 -0.5684
vn 0.0764 0.7295 -0.6797
vn -0.2820 0.5856 -0.7600
vn -0.1519 0.5204 -0.8403
vn -0.1466 0.4074 -0.9014
vn -0.0948 0.3891 -0.9163
vn 0.0175 0.4291 -0.9031
vn 0.2439 0.4239 -0.8723
vn 0.4414 0.4669 -0.7663
vn 0.3472 0.6331 -0.6919
vn -0.4123 0.4711 -0.7798
vn -0.2876 0.7398 -0.6082
vn -0.5025 0.6571 -0.5619
vn -0.9952 -0.0345 -0.0916
vn -0.9979 0.0007 -0.0641
vn 0.0940 -0.9847 0.1467
vn 0.1230 -0.9871 -0.1028
vn 0.3575 0.9235 0.1389
vn 0.3490 0.9212 0.1719
vn 0.4699 0.7878 0.3982
vn 0.1035 -0.9918 0.0756
vn 0.3579 0.9245 0.1314
vn 0.3147 0.8989 0.3047
vn 0.1288 -0.9819 -0.1391
vn 0.0537 -0.9120 0.4067
vn -0.9037 0.3488 -0.2484
vn -0.7963 0.1388 -0.5888
vn -0.8399 0.2135 -0.4990
vn -0.8493 0.2630 -0.4577
vn -0.6616 0.1615 -0.7323
vn -0.8575 0.2847 -0.4284
vn -0.7394 0.1503 -0.6563
vn -0.9002 0.3104 -0.3055
vn -0.9521 0.1493 -0.2668
vn 0.1099 -0.9924 -0.0550
vn 0.4363 -0.8989 -0.0390
vn 0.4313 -0.8644 0.2584
vn 0.4363 -0.8980 -0.0572
vn 0.4361 -0.8800 0.1884
vn 0.4882 0.8655 0.1122
vn 0.0499 -0.1717 0.9839
vn 0.4190 -0.8305 0.3671
vn 0.3922 0.9169 -0.0747
vn 0.1274 -0.9838 -0.1260
vn 0.3165 0.9004 0.2986
vn 0.1153 -0.9932 -0.0185
vn 0.3447 0.9192 0.1903
vn 0.1187 -0.9918 -0.0482
vn 0.3085 0.8936 0.3261
vn -0.1858 -0.5255 0.8302
vn 0.4113 0.8699 -0.2722
vn -0.9875 0.1463 -0.0584
vn -0.9674 0.1530 -0.2019
vn -0.9264 0.1578 -0.3420
vn -0.8533 0.1502 -0.4992
vn -0.8600 0.1488 -0.4882
vn -0.8159 0.1398 -0.5610
vn -0.8007 0.1379 -0.5830
vn -0.7658 0.1229 -0.6313
vn 0.4363 -0.8808 0.1839
vn 0.4828 0.8245 0.2949
vn 0.4385 -0.8985 0.0202
vn 0.4684 0.7841 0.4072
vn 0.4889 0.8466 0.2104
vn 0.4634 0.8577 -0.2229
vn 0.4798 0.8154 0.3238
vn 0.3845 -0.7451 0.5450
vn 0.4912 0.8608 0.1332
vn -0.7088 0.0572 -0.7031
vn -0.6357 0.0768 -0.7681
vn -0.9832 0.0491 -0.1759
vn 0.9941 -0.0190 -0.1068
vn -0.2975 0.0828 -0.9511
vn -0.7926 0.0746 -0.6051
vn -0.8589 0.0773 -0.5063
vn 0.7196 0.0450 -0.6929
vn 0.0494 0.0633 -0.9968
vn -0.7542 0.0984 -0.6492
vn -0.7602 0.0683 -0.6461
vn 0.9710 -0.0044 -0.2389
vn 0.6188 0.0341 -0.7848
vn -0.5133 0.0685 -0.8555
vn -0.6775 0.0806 -0.7311
vn -0.9003 0.0828 -0.4274
vn 0.6947 0.0362 -0.7184
vn -0.1163 0.0689 -0.9908
vn -0.8590 0.0980 -0.5025
vn -0.7941 0.0725 -0.6034
vn -0.8659 -0.0116 -0.5001
vn 0.9954 -0.0000 -0.0961
vn 0.3303 -0.0016 -0.9439
vn -0.9785 -0.0000 -0.2061
vn -0.7985 -0.0026 -0.6020
vn 0.9670 -0.0000 -0.2547
vn 0.0516 0.0042 -0.9987
vn -0.6949 -0.0191 -0.7189
vn -0.1314 -0.0000 -0.9913
vn -0.6583 -0.0117 -0.7526
vn -0.3098 -0.0022 -0.9508
vn 0.8143 -0.0000 -0.5805
vn -0.7702 0.0009 -0.6378
vn -0.5220 0.0060 -0.8529
vn 0.7175 -0.0000 -0.6966
vn -0.8033 -0.0000 -0.5955
vn -0.7239 0.0097 -0.6898
vn 0.7208 -0.0000 -0.6931
vn -0.8679 -0.0000 -0.4967
vn -0.8112 -0.0072 -0.5847
vn 0.6078 -0.0000 -0.7941
vn -0.9090 -0.0000 -0.4167
vn -0.6216 -0.1235 -0.7736
vn 0.8449 0.4254 -0.3242
vn -0.4038 0.5148 -0.7562
vn -0.9472 -0.2970 -0.1212
vn -0.0547 0.9957 -0.0751
vn -0.0172 0.9379 -0.3464
vt 0.000000 0.000000
s 0
f 1933/1119/2049 2877/1119/2049 2874/1119/2049 1932/1119/2049
f 1930/1119/2050 2876/1119/2050 1929/1119/2050 1934/1119/2050 1935/1119/2050
f 1935/1119/2051 1934/1119/2051 1936/1119/2051 1937/1119/2051
f 1937/1119/2052 1936/1119/2052 1938/1119/2052 1939/1119/2052
f 1939/1119/2053 1938/1119/2053 1941/1119/2053 1942/1119/2053 2181/1119/2053
f 1942/1119/2054 1941/1119/2054 1943/1119/2054 1944/1119/2054 2180/1119/2054
f 1944/1119/2055 1943/1119/2055 1945/1119/2055 1946/1119/2055 2177/1119/2055
f 1946/1119/2056 1945/1119/2056 1947/1119/2056 1948/1119/2056
f 1948/1119/2057 1947/1119/2057 1949/1119/2057 1950/1119/2057
f 1950/1119/2058 1949/1119/2058 1951/1119/2058 1952/1119/2058
f 1952/1119/2059 1951/1119/2059 1953/1119/2059 1954/1119/2059
f 1954/1119/2060 1953/1119/2060 1955/1119/2060 1956/1119/2060
f 1956/1119/2061 1955/1119/2061 1957/1119/2061 1958/1119/2061
f 1958/1119/2062 1957/1119/2062 1959/1119/2062 1960/1119/2062
f 1960/1119/2063 1959/1119/2063 1961/1119/2063 1962/1119/2063
f 1962/1119/2064 1961/1119/2064 1963/1119/2064 1964/1119/2064
f 1964/1119/2065 1963/1119/2065 1965/1119/2065 1966/1119/2065
f 1966/1119/2066 1965/1119/2066 1967/1119/2066 1968/1119/2066
f 1968/1119/2067 1967/1119/2067 1969/1119/2067 1970/1119/2067
f 1970/1119/2068 1969/1119/2068 1971/1119/2068 1972/1119/2068
f 1972/1119/2069 1971/1119/2069 1973/1119/2069 1974/1119/2069
f 1974/1119/2070 1973/1119/2070 1975/1119/2070 1976/1119/2070
f 1976/1119/2071 1975/1119/2071 1977/1119/2071 1978/1119/2071
f 1978/1119/2072 1977/1119/2072 1979/1119/2072 1980/1119/2072
f 1980/1119/2073 1979/1119/2073 1981/1119/2073 1982/1119/2073
f 1982/1119/2074 1981/1119/2074 1983/1119/2074 1984/1119/2074
f 1984/1119/2075 1983/1119/2075 1985/1119/2075 1986/1119/2075
f 1986/1119/2076 1985/1119/2076 1987/1119/2076 1988/1119/2076
f 1988/1119/2077 1987/1119/2077 1989/1119/2077 1990/1119/2077
f 1937/1119/2078 1990/1119/2078 1989/1119/2078 2021/1119/2078 1935/1119/2078
f 1946/1119/2079 1948/1119/2079 1992/1119/2079 1991/1119/2079 2178/1119/2079
f 1991/1119/2080 1992/1119/2080 1994/1119/2080 1993/1119/2080 2179/1119/2080
f 1970/1119/2081 1972/1119/2081 1996/1119/2081 1995/1119/2081
f 1995/1119/2082 1996/1119/2082 1998/1119/2082 1997/1119/2082
f 1994/1119/2083 1997/1119/2083 1998/1119/2083 1993/1119/2083
f 2000/1119/2084 1999/1119/2084 2001/1119/2084 2002/1119/2084
f 2002/1119/2085 2001/1119/2085 2003/1119/2085 2004/1119/2085
f 2004/1119/2086 2003/1119/2086 2005/1119/2086 2006/1119/2086
f 2006/1119/2087 2005/1119/2087 2007/1119/2087 2008/1119/2087
f 2008/1119/2088 2007/1119/2088 2009/1119/2088 2010/1119/2088
f 2010/1119/2089 2009/1119/2089 2011/1119/2089 2012/1119/2089
f 2012/1119/2090 2011/1119/2090 2013/1119/2090 2014/1119/2090
f 2014/1119/2091 2013/1119/2091 2015/1119/2091 2016/1119/2091
f 2016/1119/2092 2015/1119/2092 2017/1119/2092 2018/1119/2092
f 2018/1119/2093 2017/1119/2093 2019/1119/2093 2020/1119/2093
f 1935/1119/2094 2022/1119/2094 2001/1119/2094 1999/1119/2094 1930/1119/2094
f 1989/1119/2095 2023/1119/2095 2021/1119/2095
f 1989/1119/2096 1987/1119/2096 2024/1119/2096 2023/1119/2096
f 2023/1119/2097 2001/1119/2097 2022/1119/2097
f 2021/1119/2098 2023/1119/2098 2022/1119/2098
f 2021/1119/2099 2022/1119/2099 1935/1119/2099
f 2001/1119/2100 2023/1119/2100 2025/1119/2100 2003/1119/2100
f 2023/1119/2101 2024/1119/2101 2025/1119/2101
f 2025/1119/2102 2026/1119/2102 2003/1119/2102
f 2025/1119/2103 2024/1119/2103 2026/1119/2103
f 2024/1119/2104 1987/1119/2104 2026/1119/2104
f 1987/1119/2105 1985/1119/2105 2027/1119/2105 2026/1119/2105
f 2003/1119/2106 2026/1119/2106 2028/1119/2106 2038/1119/2106 2005/1119/2106
f 2026/1119/2107 2027/1119/2107 2028/1119/2107
f 2028/1119/2108 2039/1119/2108 2038/1119/2108
f 2028/1119/2109 2027/1119/2109 2029/1119/2109 2039/1119/2109
f 2027/1119/2110 1985/1119/2110 2029/1119/2110
f 1985/1119/2111 1983/1119/2111 2032/1119/2111 2029/1119/2111
f 2036/1119/2112 2035/1119/2112 2030/1119/2112 2033/1119/2112
f 2034/1119/2113 2036/1119/2113 2033/1119/2113 2031/1119/2113
f 2029/1119/2114 2032/1119/2114 2036/1119/2114 2034/1119/2114
f 2032/1119/2115 1983/1119/2115 2035/1119/2115 2036/1119/2115
f 2038/1119/2116 2037/1119/2116 2040/1119/2116 2005/1119/2116
f 2038/1119/2117 2039/1119/2117 2037/1119/2117
f 2039/1119/2118 2029/1119/2118 2037/1119/2118
f 2029/1119/2119 2034/1119/2119 2041/1119/2119 2037/1119/2119
f 2037/1119/2120 2041/1119/2120 2040/1119/2120
f 2040/1119/2121 2042/1119/2121 2005/1119/2121
f 2040/1119/2122 2041/1119/2122 2042/1119/2122
f 2041/1119/2123 2034/1119/2123 2042/1119/2123
f 2034/1119/2124 2031/1119/2124 2042/1119/2124
f 2042/1119/2125 2007/1119/2125 2043/1119/2125 3206/1119/2125 2044/1119/2125
f 2046/1119/2126 2007/1119/2126 3113/1119/2126
f 2042/1119/2127 2044/1119/2127 3206/1119/2127 2043/1119/2127 2005/1119/2127
f 2009/1119/2128 2007/1119/2128 2046/1119/2128
f 3113/1119/2129 3114/1119/2129 2047/1119/2129
f 2030/1119/2130 2035/1119/2130 2048/1119/2130 2049/1119/2130
f 2049/1119/2131 2048/1119/2131 2050/1119/2131 2051/1119/2131
f 2051/1119/2132 2050/1119/2132 2052/1119/2132 2053/1119/2132
f 2053/1119/2133 2052/1119/2133 2054/1119/2133 2055/1119/2133
f 2055/1119/2134 2054/1119/2134 2056/1119/2134 2057/1119/2134
f 2057/1119/2135 2056/1119/2135 2058/1119/2135 2059/1119/2135
f 2059/1119/2136 2058/1119/2136 2060/1119/2136 2061/1119/2136
f 1981/1119/2137 2048/1119/2137 2035/1119/2137 1983/1119/2137
f 2050/1119/2138 2048/1119/2138 1981/1119/2138 2052/1119/2138
f 2061/1119/2139 2060/1119/2139 2062/1119/2139 2063/1119/2139
f 1979/1119/2140 2054/1119/2140 2052/1119/2140 1981/1119/2140
f 2056/1119/2141 2054/1119/2141 1979/1119/2141
f 1977/1119/2142 2058/1119/2142 2056/1119/2142 1979/1119/2142
f 2063/1119/2143 2062/1119/2143 2064/1119/2143 2065/1119/2143
f 2065/1119/2144 2064/1119/2144 2066/1119/2144 2067/1119/2144
f 2067/1119/2145 2066/1119/2145 2068/1119/2145 2069/1119/2145
f 1975/1119/2146 2060/1119/2146 2058/1119/2146 1977/1119/2146
f 1973/1119/2147 2062/1119/2147 2060/1119/2147 1975/1119/2147
f 1971/1119/2148 2064/1119/2148 2062/1119/2148 1973/1119/2148
f 1969/1119/2149 2066/1119/2149 2064/1119/2149 1971/1119/2149
f 1967/1119/2150 2068/1119/2150 2066/1119/2150 1969/1119/2150
f 2069/1119/2151 2068/1119/2151 2070/1119/2151 2071/1119/2151
f 2071/1119/2152 2070/1119/2152 2072/1119/2152 2073/1119/2152
f 2067/1119/2153 2069/1119/2153 2085/1119/2153 2084/1119/2153
f 2051/1119/2154 2053/1119/2154 2077/1119/2154 2076/1119/2154
f 2069/1119/2155 2071/1119/2155 2086/1119/2155 2085/1119/2155
f 2061/1119/2156 2063/1119/2156 2082/1119/2156 2081/1119/2156
f 2063/1119/2157 2065/1119/2157 2083/1119/2157 2082/1119/2157
f 2030/1119/2158 2049/1119/2158 2075/1119/2158 2074/1119/2158
f 2057/1119/2159 2059/1119/2159 2080/1119/2159 2079/1119/2159
f 2071/1119/2160 2073/1119/2160 2087/1119/2160 2086/1119/2160
f 2053/1119/2161 2055/1119/2161 2078/1119/2161 2077/1119/2161
f 2065/1119/2162 2067/1119/2162 2084/1119/2162 2083/1119/2162
f 2049/1119/2163 2051/1119/2163 2076/1119/2163 2075/1119/2163
f 2059/1119/2164 2061/1119/2164 2081/1119/2164 2080/1119/2164
f 2055/1119/2165 2057/1119/2165 2079/1119/2165 2078/1119/2165
f 3114/1119/2166 3206/1119/2166 2047/1119/2166
f 3114/1119/2167 3116/1119/2167 3115/1119/2167
f 2009/1119/2168 2046/1119/2168 2011/1119/2168
f 2046/1119/2169 2089/1119/2169 2033/1119/2169 2088/1119/2169 2011/1119/2169
f 2033/1119/2170 2030/1119/2170 2074/1119/2170 2088/1119/2170
f 3116/1119/2171 3114/1119/2171 3113/1119/2171
f 1965/1119/2172 2070/1119/2172 2068/1119/2172 1967/1119/2172
f 1963/1119/2173 2072/1119/2173 2070/1119/2173 1965/1119/2173
f 2087/1119/2174 2073/1119/2174 2091/1119/2174 2092/1119/2174
f 2073/1119/2175 2072/1119/2175 2090/1119/2175 2091/1119/2175
f 2085/1119/2176 2086/1119/2176 2096/1119/2176 2095/1119/2176
f 2084/1119/2177 2085/1119/2177 2095/1119/2177 2094/1119/2177
f 2083/1119/2178 2084/1119/2178 2094/1119/2178 2093/1119/2178
f 2095/1119/2179 2096/1119/2179 2100/1119/2179 2099/1119/2179
f 2094/1119/2180 2095/1119/2180 2099/1119/2180 2098/1119/2180
f 2093/1119/2181 2094/1119/2181 2098/1119/2181 2097/1119/2181
f 2099/1119/2182 2100/1119/2182 2104/1119/2182 2103/1119/2182
f 2098/1119/2183 2099/1119/2183 2103/1119/2183 2102/1119/2183
f 2097/1119/2184 2098/1119/2184 2102/1119/2184 2101/1119/2184
f 2097/1119/2185 2101/1119/2185 2106/1119/2185 2105/1119/2185
f 2105/1119/2186 2106/1119/2186 2108/1119/2186 2107/1119/2186
f 2107/1119/2187 2108/1119/2187 2110/1119/2187 2109/1119/2187
f 2109/1119/2188 2110/1119/2188 2112/1119/2188 2111/1119/2188
f 2111/1119/2189 2112/1119/2189 2114/1119/2189 2113/1119/2189
f 2106/1119/2190 2101/1119/2190 2115/1119/2190 2116/1119/2190
f 2116/1119/2191 2115/1119/2191 2117/1119/2191 2118/1119/2191
f 2118/1119/2192 2117/1119/2192 2119/1119/2192 2120/1119/2192
f 2120/1119/2193 2119/1119/2193 2121/1119/2193 2122/1119/2193
f 2122/1119/2194 2121/1119/2194 2123/1119/2194 2124/1119/2194
f 2124/1119/2195 2123/1119/2195 2125/1119/2195 2126/1119/2195
f 2126/1119/2196 2125/1119/2196 2127/1119/2196 2128/1119/2196
f 2128/1119/2197 2127/1119/2197 2129/1119/2197 2130/1119/2197
f 2130/1119/2198 2129/1119/2198 2131/1119/2198 2132/1119/2198
f 2132/1119/2199 2131/1119/2199 2133/1119/2199 2134/1119/2199
f 2134/1119/2200 2133/1119/2200 2135/1119/2200 2136/1119/2200
f 2136/1119/2201 3119/1119/2201 2138/1119/2201
f 2138/1119/2202 3119/1119/2202 3118/1119/2202 2140/1119/2202
f 2140/1119/2203 3118/1119/2203 3117/1119/2203 2142/1119/2203
f 2142/1119/2204 3117/1119/2204 3123/1119/2204 2144/1119/2204
f 2144/1119/2205 3123/1119/2205 3122/1119/2205 2146/1119/2205
f 2146/1119/2206 3122/1119/2206 3121/1119/2206 2148/1119/2206
f 2148/1119/2207 3121/1119/2207 3120/1119/2207 2150/1119/2207
f 2152/1119/2208 2151/1119/2208 2153/1119/2208 2154/1119/2208
f 2154/1119/2209 2153/1119/2209 2155/1119/2209 2156/1119/2209
f 2011/1119/2210 2088/1119/2210 2158/1119/2210 2157/1119/2210
f 2157/1119/2211 2158/1119/2211 2160/1119/2211 2159/1119/2211
f 2159/1119/2212 2160/1119/2212 2162/1119/2212 2161/1119/2212
f 2161/1119/2213 2162/1119/2213 2164/1119/2213 2163/1119/2213
f 2074/1119/2214 2160/1119/2214 2158/1119/2214 2088/1119/2214
f 2075/1119/2215 2162/1119/2215 2160/1119/2215 2074/1119/2215
f 2076/1119/2216 2164/1119/2216 2162/1119/2216 2075/1119/2216
f 2163/1119/2217 2164/1119/2217 2166/1119/2217 2165/1119/2217
f 2165/1119/2218 2166/1119/2218 2168/1119/2218 2167/1119/2218
f 2167/1119/2219 2168/1119/2219 2170/1119/2219 2169/1119/2219
f 2169/1119/2220 2170/1119/2220 2172/1119/2220 2171/1119/2220
f 2171/1119/2221 2172/1119/2221 2174/1119/2221 2173/1119/2221
f 2173/1119/2222 2174/1119/2222 2176/1119/2222 2175/1119/2222
f 2097/1119/2223 2175/1119/2223 2176/1119/2223 2093/1119/2223
f 2082/1119/2224 2083/1119/2224 2093/1119/2224 2176/1119/2224
f 2082/1119/2225 2176/1119/2225 2174/1119/2225 2081/1119/2225
f 2081/1119/2226 2174/1119/2226 2172/1119/2226 2080/1119/2226
f 2080/1119/2227 2172/1119/2227 2170/1119/2227 2079/1119/2227
f 2079/1119/2228 2170/1119/2228 2168/1119/2228 2078/1119/2228
f 2078/1119/2229 2168/1119/2229 2166/1119/2229 2077/1119/2229
f 2077/1119/2230 2166/1119/2230 2164/1119/2230 2076/1119/2230
f 1972/1119/2231 1974/1119/2231 1996/1119/2231
f 1976/1119/2232 1978/1119/2232 2189/1119/2232 2188/1119/2232
f 2177/1119/2233 1946/1119/2233 2186/1119/2233 2200/1119/2233
f 1986/1119/2234 1988/1119/2234 2194/1119/2234 2193/1119/2234
f 1942/1119/2235 2180/1119/2235 2203/1119/2235 2184/1119/2235
f 1946/1119/2236 2178/1119/2236 2201/1119/2236 2186/1119/2236
f 2178/1119/2237 1991/1119/2237 2196/1119/2237 2201/1119/2237
f 1982/1119/2238 1984/1119/2238 2192/1119/2238 2191/1119/2238
f 2179/1119/2239 1993/1119/2239 2197/1119/2239 2202/1119/2239
f 1937/1119/2240 1939/1119/2240 2183/1119/2240 2182/1119/2240
f 1978/1119/2241 1980/1119/2241 2190/1119/2241 2189/1119/2241
f 2180/1119/2242 1944/1119/2242 2185/1119/2242 2203/1119/2242
f 1988/1119/2243 1990/1119/2243 2195/1119/2243 2194/1119/2243
f 1998/1119/2244 1996/1119/2244 2198/1119/2244 2199/1119/2244
f 1991/1119/2245 2179/1119/2245 2202/1119/2245 2196/1119/2245
f 1944/1119/2246 2177/1119/2246 2200/1119/2246 2185/1119/2246
f 2181/1119/2247 1942/1119/2247 2184/1119/2247 2204/1119/2247
f 1974/1119/2248 1976/1119/2248 2188/1119/2248 2187/1119/2248
f 1984/1119/2249 1986/1119/2249 2193/1119/2249 2192/1119/2249
f 1939/1119/2250 2181/1119/2250 2204/1119/2250 2183/1119/2250
f 1990/1119/2251 1937/1119/2251 2182/1119/2251 2195/1119/2251
f 1993/1119/2252 1998/1119/2252 2199/1119/2252 2197/1119/2252
f 1996/1119/2253 1974/1119/2253 2187/1119/2253 2198/1119/2253
f 1980/1119/2254 1982/1119/2254 2191/1119/2254 2190/1119/2254
f 2186/1119/2255 2201/1119/2255 2200/1119/2255
f 2184/1119/2256 2203/1119/2256 2225/1119/2256 2207/1119/2256
f 2198/1119/2257 2187/1119/2257 2209/1119/2257 2220/1119/2257
f 2200/1119/2258 2201/1119/2258 2223/1119/2258 2222/1119/2258
f 2193/1119/2259 2194/1119/2259 2216/1119/2259 2215/1119/2259
f 2185/1119/2260 2200/1119/2260 2222/1119/2260 2208/1119/2260
f 2194/1119/2261 2195/1119/2261 2217/1119/2261 2216/1119/2261
f 2187/1119/2262 2188/1119/2262 2210/1119/2262 2209/1119/2262
f 2201/1119/2263 2196/1119/2263 2218/1119/2263 2223/1119/2263
f 2195/1119/2264 2182/1119/2264 2205/1119/2264 2217/1119/2264
f 2188/1119/2265 2189/1119/2265 2211/1119/2265 2210/1119/2265
f 2202/1119/2266 2197/1119/2266 2219/1119/2266 2224/1119/2266
f 2189/1119/2267 2190/1119/2267 2212/1119/2267 2211/1119/2267
f 2203/1119/2268 2185/1119/2268 2208/1119/2268 2225/1119/2268
f 2196/1119/2269 2202/1119/2269 2224/1119/2269 2218/1119/2269
f 2190/1119/2270 2191/1119/2270 2213/1119/2270 2212/1119/2270
f 2204/1119/2271 2184/1119/2271 2207/1119/2271 2226/1119/2271
f 2199/1119/2272 2198/1119/2272 2220/1119/2272 2221/1119/2272
f 2191/1119/2273 2192/1119/2273 2214/1119/2273 2213/1119/2273
f 2183/1119/2274 2204/1119/2274 2226/1119/2274 2206/1119/2274
f 2182/1119/2275 2183/1119/2275 2206/1119/2275 2205/1119/2275
f 2197/1119/2276 2199/1119/2276 2221/1119/2276 2219/1119/2276
f 2192/1119/2277 2193/1119/2277 2215/1119/2277 2214/1119/2277
f 2221/1119/2278 2220/1119/2278 2242/1119/2278 2243/1119/2278
f 2212/1119/2279 2213/1119/2279 2235/1119/2279 2234/1119/2279
f 2222/1119/2280 2223/1119/2280 2245/1119/2280 2244/1119/2280
f 2219/1119/2281 2221/1119/2281 2243/1119/2281 2241/1119/2281
f 2213/1119/2282 2214/1119/2282 2236/1119/2282 2235/1119/2282
f 2205/1119/2283 2206/1119/2283 2228/1119/2283 2227/1119/2283
f 2220/1119/2284 2209/1119/2284 2231/1119/2284 2242/1119/2284
f 2214/1119/2285 2215/1119/2285 2237/1119/2285 2236/1119/2285
f 2207/1119/2286 2225/1119/2286 2247/1119/2286 2229/1119/2286
f 2223/1119/2287 2218/1119/2287 2240/1119/2287 2245/1119/2287
f 2215/1119/2288 2216/1119/2288 2238/1119/2288 2237/1119/2288
f 2208/1119/2289 2222/1119/2289 2244/1119/2289 2230/1119/2289
f 2224/1119/2290 2219/1119/2290 2241/1119/2290 2246/1119/2290
f 2216/1119/2291 2217/1119/2291 2239/1119/2291 2238/1119/2291
f 2209/1119/2292 2210/1119/2292 2232/1119/2292 2231/1119/2292
f 2225/1119/2293 2208/1119/2293 2230/1119/2293 2247/1119/2293
f 2217/1119/2294 2205/1119/2294 2227/1119/2294 2239/1119/2294
f 2210/1119/2295 2211/1119/2295 2233/1119/2295 2232/1119/2295
f 2226/1119/2296 2207/1119/2296 2229/1119/2296 2248/1119/2296
f 2218/1119/2297 2224/1119/2297 2246/1119/2297 2240/1119/2297
f 2211/1119/2298 2212/1119/2298 2234/1119/2298 2233/1119/2298
f 2206/1119/2299 2226/1119/2299 2248/1119/2299 2228/1119/2299
f 2234/1119/2300 2235/1119/2300 2257/1119/2300 2256/1119/2300
f 2244/1119/2301 2245/1119/2301 2267/1119/2301 2266/1119/2301
f 2241/1119/2302 2243/1119/2302 2265/1119/2302 2263/1119/2302
f 2235/1119/2303 2236/1119/2303 2258/1119/2303 2257/1119/2303
f 2227/1119/2304 2228/1119/2304 2250/1119/2304 2249/1119/2304
f 2242/1119/2305 2231/1119/2305 2253/1119/2305 2264/1119/2305
f 2236/1119/2306 2237/1119/2306 2259/1119/2306 2258/1119/2306
f 2229/1119/2307 2247/1119/2307 2269/1119/2307 2251/1119/2307
f 2245/1119/2308 2240/1119/2308 2262/1119/2308 2267/1119/2308
f 2237/1119/2309 2238/1119/2309 2260/1119/2309 2259/1119/2309
f 2230/1119/2310 2244/1119/2310 2266/1119/2310 2252/1119/2310
f 2246/1119/2311 2241/1119/2311 2263/1119/2311 2268/1119/2311
f 2238/1119/2312 2239/1119/2312 2261/1119/2312 2260/1119/2312
f 2231/1119/2313 2232/1119/2313 2254/1119/2313 2253/1119/2313
f 2247/1119/2314 2230/1119/2314 2252/1119/2314 2269/1119/2314
f 2239/1119/2315 2227/1119/2315 2249/1119/2315 2261/1119/2315
f 2232/1119/2316 2233/1119/2316 2255/1119/2316 2254/1119/2316
f 2248/1119/2317 2229/1119/2317 2251/1119/2317 2270/1119/2317
f 2240/1119/2318 2246/1119/2318 2268/1119/2318 2262/1119/2318
f 2233/1119/2319 2234/1119/2319 2256/1119/2319 2255/1119/2319
f 2228/1119/2320 2248/1119/2320 2270/1119/2320 2250/1119/2320
f 2243/1119/2321 2242/1119/2321 2264/1119/2321 2265/1119/2321
f 2263/1119/2322 2265/1119/2322 2287/1119/2322 2285/1119/2322
f 2257/1119/2323 2258/1119/2323 2280/1119/2323 2279/1119/2323
f 2249/1119/2324 2250/1119/2324 2272/1119/2324 2271/1119/2324
f 2264/1119/2325 2253/1119/2325 2275/1119/2325 2286/1119/2325
f 2258/1119/2326 2259/1119/2326 2281/1119/2326 2280/1119/2326
f 2251/1119/2327 2269/1119/2327 2291/1119/2327 2273/1119/2327
f 2267/1119/2328 2262/1119/2328 2284/1119/2328 2289/1119/2328
f 2259/1119/2329 2260/1119/2329 2282/1119/2329 2281/1119/2329
f 2252/1119/2330 2266/1119/2330 2288/1119/2330 2274/1119/2330
f 2268/1119/2331 2263/1119/2331 2285/1119/2331 2290/1119/2331
f 2260/1119/2332 2261/1119/2332 2283/1119/2332 2282/1119/2332
f 2253/1119/2333 2254/1119/2333 2276/1119/2333 2275/1119/2333
f 2269/1119/2334 2252/1119/2334 2274/1119/2334 2291/1119/2334
f 2261/1119/2335 2249/1119/2335 2271/1119/2335 2283/1119/2335
f 2254/1119/2336 2255/1119/2336 2277/1119/2336 2276/1119/2336
f 2270/1119/2337 2251/1119/2337 2273/1119/2337 2292/1119/2337
f 2262/1119/2338 2268/1119/2338 2290/1119/2338 2284/1119/2338
f 2255/1119/2339 2256/1119/2339 2278/1119/2339 2277/1119/2339
f 2250/1119/2340 2270/1119/2340 2292/1119/2340 2272/1119/2340
f 2265/1119/2341 2264/1119/2341 2286/1119/2341 2287/1119/2341
f 2256/1119/2342 2257/1119/2342 2279/1119/2342 2278/1119/2342
f 2266/1119/2343 2267/1119/2343 2289/1119/2343 2288/1119/2343
f 2279/1119/2344 2280/1119/2344 2302/1119/2344 2301/1119/2344
f 2271/1119/2345 2272/1119/2345 2294/1119/2345 2293/1119/2345
f 2286/1119/2346 2275/1119/2346 2297/1119/2346 2308/1119/2346
f 2280/1119/2347 2281/1119/2347 2303/1119/2347 2302/1119/2347
f 2273/1119/2348 2291/1119/2348 2313/1119/2348 2295/1119/2348
f 2289/1119/2349 2284/1119/2349 2306/1119/2349 2311/1119/2349
f 2281/1119/2350 2282/1119/2350 2304/1119/2350 2303/1119/2350
f 2274/1119/2351 2288/1119/2351 2310/1119/2351 2296/1119/2351
f 2290/1119/2352 2285/1119/2352 2307/1119/2352 2312/1119/2352
f 2282/1119/2353 2283/1119/2353 2305/1119/2353 2304/1119/2353
f 2275/1119/2354 2276/1119/2354 2298/1119/2354 2297/1119/2354
f 2291/1119/2355 2274/1119/2355 2296/1119/2355 2313/1119/2355
f 2283/1119/2356 2271/1119/2356 2293/1119/2356 2305/1119/2356
f 2276/1119/2357 2277/1119/2357 2299/1119/2357 2298/1119/2357
f 2292/1119/2358 2273/1119/2358 2295/1119/2358 2314/1119/2358
f 2284/1119/2359 2290/1119/2359 2312/1119/2359 2306/1119/2359
f 2277/1119/2360 2278/1119/2360 2300/1119/2360 2299/1119/2360
f 2272/1119/2361 2292/1119/2361 2314/1119/2361 2294/1119/2361
f 2287/1119/2362 2286/1119/2362 2308/1119/2362 2309/1119/2362
f 2278/1119/2363 2279/1119/2363 2301/1119/2363 2300/1119/2363
f 2288/1119/2364 2289/1119/2364 2311/1119/2364 2310/1119/2364
f 2285/1119/2365 2287/1119/2365 2309/1119/2365 2307/1119/2365
f 2294/1119/2366 2314/1119/2366 2295/1119/2366 2313/1119/2366 2296/1119/2366 2310/1119/2366 2311/1119/2366 2306/1119/2366 2312/1119/2366 2307/1119/2366 2309/1119/2366 2308/1119/2366 2297/1119/2366 2298/1119/2366 2299/1119/2366 2300/1119/2366 2301/1119/2366 2302/1119/2366 2303/1119/2366 2304/1119/2366 2305/1119/2366 2293/1119/2366
f 2105/1119/2367 2173/1119/2367 2175/1119/2367 2097/1119/2367
f 2107/1119/2368 2171/1119/2368 2173/1119/2368 2105/1119/2368
f 2109/1119/2369 2169/1119/2369 2171/1119/2369 2107/1119/2369
f 2111/1119/2370 2167/1119/2370 2169/1119/2370 2109/1119/2370
f 2113/1119/2371 2165/1119/2371 2167/1119/2371 2111/1119/2371
f 2163/1119/2372 2165/1119/2372 2113/1119/2372 2161/1119/2372
f 2159/1119/2373 2161/1119/2373 2113/1119/2373
f 2011/1119/2374 2157/1119/2374 2322/1119/2374 2315/1119/2374
f 2019/1119/2375 2017/1119/2375 2318/1119/2375 2319/1119/2375
f 2017/1119/2376 2015/1119/2376 2317/1119/2376 2318/1119/2376
f 2113/1119/2377 2114/1119/2377 2330/1119/2377 2321/1119/2377 2320/1119/2377
f 2015/1119/2378 2013/1119/2378 2316/1119/2378 2317/1119/2378
f 2159/1119/2379 2113/1119/2379 2320/1119/2379 2323/1119/2379
f 2013/1119/2380 2011/1119/2380 2315/1119/2380 2316/1119/2380
f 2157/1119/2381 2159/1119/2381 2323/1119/2381 2322/1119/2381
f 2315/1119/2382 2324/1119/2382 2316/1119/2382
f 2320/1119/2383 2326/1119/2383 2325/1119/2383 2323/1119/2383
f 2320/1119/2384 2321/1119/2384 2326/1119/2384
f 2316/1119/2385 2324/1119/2385 2318/1119/2385 2317/1119/2385
f 2319/1119/2386 2318/1119/2386 2324/1119/2386
f 2315/1119/2387 2322/1119/2387 2324/1119/2387
f 2325/1119/2388 2324/1119/2388 2322/1119/2388
f 2322/1119/2389 2323/1119/2389 2325/1119/2389
f 2326/1119/2390 2321/1119/2390 2327/1119/2390 2329/1119/2390
f 2324/1119/2391 2325/1119/2391 2328/1119/2391
f 2325/1119/2392 2326/1119/2392 2329/1119/2392 2328/1119/2392
f 2324/1119/2393 2328/1119/2393 2319/1119/2393
f 2019/1119/2394 2319/1119/2394 2332/1119/2394 2331/1119/2394
f 2328/1119/2395 2329/1119/2395 2335/1119/2395 2334/1119/2395
f 2329/1119/2396 2327/1119/2396 2333/1119/2396 2335/1119/2396
f 2319/1119/2397 2328/1119/2397 2334/1119/2397 2332/1119/2397
f 2336/1119/2398 2020/1119/2398 2019/1119/2398 2331/1119/2398
f 2106/1119/2399 2116/1119/2399 2108/1119/2399
f 2338/1119/2400 2337/1119/2400 2339/1119/2400 2340/1119/2400
f 2340/1119/2401 2339/1119/2401 2341/1119/2401 2342/1119/2401
f 2342/1119/2402 2341/1119/2402 2343/1119/2402 2344/1119/2402
f 2344/1119/2403 2343/1119/2403 2345/1119/2403 2346/1119/2403
f 2346/1119/2404 2345/1119/2404 2347/1119/2404 2348/1119/2404
f 2348/1119/2405 2347/1119/2405 2349/1119/2405 2350/1119/2405
f 2350/1119/2406 2349/1119/2406 2351/1119/2406 2352/1119/2406
f 2337/1119/2407 2354/1119/2407 2358/1119/2407 2355/1119/2407
f 2354/1119/2408 2353/1119/2408 2357/1119/2408 2358/1119/2408
f 2339/1119/2409 2337/1119/2409 2355/1119/2409 2356/1119/2409
f 2339/1119/2410 2356/1119/2410 2341/1119/2410
f 2114/1119/2411 2112/1119/2411 2359/1119/2411 2360/1119/2411
f 2114/1119/2412 2360/1119/2412 2357/1119/2412 2353/1119/2412
f 2335/1119/2413 2333/1119/2413 2338/1119/2413 2334/1119/2413
f 2334/1119/2414 2338/1119/2414 2340/1119/2414 2332/1119/2414
f 2340/1119/2415 2342/1119/2415 2344/1119/2415 2332/1119/2415
f 2332/1119/2416 2344/1119/2416 2346/1119/2416 2331/1119/2416
f 2331/1119/2417 2346/1119/2417 2348/1119/2417 2336/1119/2417
f 2348/1119/2418 2350/1119/2418 2352/1119/2418 2336/1119/2418
f 2347/1119/2419 2345/1119/2419 2363/1119/2419 2364/1119/2419
f 2345/1119/2420 2343/1119/2420 2362/1119/2420 2363/1119/2420
f 2343/1119/2421 2341/1119/2421 2361/1119/2421 2362/1119/2421
f 2356/1119/2422 2355/1119/2422 2367/1119/2422 2368/1119/2422
f 2341/1119/2423 2356/1119/2423 2368/1119/2423 2361/1119/2423
f 2358/1119/2424 2357/1119/2424 2370/1119/2424
f 2351/1119/2425 2349/1119/2425 2365/1119/2425 2366/1119/2425
f 2355/1119/2426 2358/1119/2426 2370/1119/2426 2367/1119/2426
f 2349/1119/2427 2347/1119/2427 2364/1119/2427 2365/1119/2427
f 2368/1119/2428 2367/1119/2428 2377/1119/2428 2378/1119/2428
f 2364/1119/2429 2363/1119/2429 2373/1119/2429 2374/1119/2429
f 2370/1119/2430 2357/1119/2430 2369/1119/2430 2379/1119/2430
f 2365/1119/2431 2364/1119/2431 2374/1119/2431 2375/1119/2431
f 2362/1119/2432 2361/1119/2432 2371/1119/2432 2372/1119/2432
f 2367/1119/2433 2370/1119/2433 2379/1119/2433 2377/1119/2433
f 2366/1119/2434 2365/1119/2434 2375/1119/2434 2376/1119/2434
f 2363/1119/2435 2362/1119/2435 2372/1119/2435 2373/1119/2435
f 2361/1119/2436 2368/1119/2436 2378/1119/2436 2371/1119/2436
f 2128/1119/2437 2130/1119/2437 2359/1119/2437 2383/1119/2437
f 2132/1119/2438 2134/1119/2438 2357/1119/2438 2360/1119/2438
f 2136/1119/2439 2138/1119/2439 2369/1119/2439
f 2136/1119/2440 2369/1119/2440 2357/1119/2440 2134/1119/2440
f 2110/1119/2441 2383/1119/2441 2359/1119/2441 2112/1119/2441
f 2116/1119/2442 2384/1119/2442 2108/1119/2442
f 2110/1119/2443 2108/1119/2443 2384/1119/2443 2383/1119/2443
f 1948/1119/2444 1950/1119/2444 1992/1119/2444
f 1992/1119/2445 1950/1119/2445 2385/1119/2445 2386/1119/2445
f 1950/1119/2446 1952/1119/2446 2385/1119/2446
f 2385/1119/2447 1952/1119/2447 1940/1119/2447 2400/1119/2447
f 1952/1119/2448 1954/1119/2448 2387/1119/2448 1940/1119/2448
f 1962/1119/2449 1964/1119/2449 2392/1119/2449 2391/1119/2449
f 1995/1119/2450 1997/1119/2450 2399/1119/2450 2398/1119/2450
f 1958/1119/2451 1960/1119/2451 2390/1119/2451 2389/1119/2451
f 1968/1119/2452 1970/1119/2452 2395/1119/2452 2394/1119/2452
f 1954/1119/2453 1956/1119/2453 2388/1119/2453 2387/1119/2453
f 1964/1119/2454 1966/1119/2454 2393/1119/2454 2392/1119/2454
f 1997/1119/2455 1994/1119/2455 2397/1119/2455 2399/1119/2455
f 1994/1119/2456 1992/1119/2456 2396/1119/2456 2397/1119/2456
f 2386/1119/2457 2385/1119/2457 2400/1119/2457 2401/1119/2457
f 1960/1119/2458 1962/1119/2458 2391/1119/2458 2390/1119/2458
f 1992/1119/2459 2386/1119/2459 2401/1119/2459 2396/1119/2459
f 1970/1119/2460 1995/1119/2460 2398/1119/2460 2395/1119/2460
f 1956/1119/2461 1958/1119/2461 2389/1119/2461 2388/1119/2461
f 1966/1119/2462 1968/1119/2462 2394/1119/2462 2393/1119/2462
f 2394/1119/2463 2395/1119/2463 2411/1119/2463 2410/1119/2463
f 2397/1119/2464 2396/1119/2464 2412/1119/2464 2413/1119/2464
f 2388/1119/2465 2389/1119/2465 2405/1119/2465 2404/1119/2465
f 2395/1119/2466 2398/1119/2466 2414/1119/2466 2411/1119/2466
f 2389/1119/2467 2390/1119/2467 2406/1119/2467 2405/1119/2467
f 2398/1119/2468 2399/1119/2468 2415/1119/2468 2414/1119/2468
f 2390/1119/2469 2391/1119/2469 2407/1119/2469 2406/1119/2469
f 2387/1119/2470 2388/1119/2470 2404/1119/2470 2403/1119/2470
f 2399/1119/2471 2397/1119/2471 2413/1119/2471 2415/1119/2471
f 2391/1119/2472 2392/1119/2472 2408/1119/2472 2407/1119/2472
f 2401/1119/2473 2400/1119/2473 2416/1119/2473 2417/1119/2473
f 2392/1119/2474 2393/1119/2474 2409/1119/2474 2408/1119/2474
f 1940/1119/2475 2387/1119/2475 2403/1119/2475 2402/1119/2475
f 2396/1119/2476 2401/1119/2476 2417/1119/2476 2412/1119/2476
f 2393/1119/2477 2394/1119/2477 2410/1119/2477 2409/1119/2477
f 2400/1119/2478 1940/1119/2478 2402/1119/2478 2416/1119/2478
f 2417/1119/2479 2416/1119/2479 2432/1119/2479 2433/1119/2479
f 2408/1119/2480 2409/1119/2480 2425/1119/2480 2424/1119/2480
f 2412/1119/2481 2417/1119/2481 2433/1119/2481 2428/1119/2481
f 2409/1119/2482 2410/1119/2482 2426/1119/2482 2425/1119/2482
f 2403/1119/2483 2404/1119/2483 2420/1119/2483 2419/1119/2483
f 2416/1119/2484 2402/1119/2484 2418/1119/2484 2432/1119/2484
f 2410/1119/2485 2411/1119/2485 2427/1119/2485 2426/1119/2485
f 2402/1119/2486 2403/1119/2486 2419/1119/2486 2418/1119/2486
f 2413/1119/2487 2412/1119/2487 2428/1119/2487 2429/1119/2487
f 2404/1119/2488 2405/1119/2488 2421/1119/2488 2420/1119/2488
f 2411/1119/2489 2414/1119/2489 2430/1119/2489 2427/1119/2489
f 2405/1119/2490 2406/1119/2490 2422/1119/2490 2421/1119/2490
f 2414/1119/2491 2415/1119/2491 2431/1119/2491 2430/1119/2491
f 2406/1119/2492 2407/1119/2492 2423/1119/2492 2422/1119/2492
f 2415/1119/2493 2413/1119/2493 2429/1119/2493 2431/1119/2493
f 2407/1119/2494 2408/1119/2494 2424/1119/2494 2423/1119/2494
f 2421/1119/2495 2422/1119/2495 2438/1119/2495 2437/1119/2495
f 2430/1119/2496 2431/1119/2496 2447/1119/2496 2446/1119/2496
f 2422/1119/2497 2423/1119/2497 2439/1119/2497 2438/1119/2497
f 2431/1119/2498 2429/1119/2498 2445/1119/2498 2447/1119/2498
f 2423/1119/2499 2424/1119/2499 2440/1119/2499 2439/1119/2499
f 2433/1119/2500 2432/1119/2500 2448/1119/2500 2449/1119/2500
f 2424/1119/2501 2425/1119/2501 2441/1119/2501 2440/1119/2501
f 2428/1119/2502 2433/1119/2502 2449/1119/2502 2444/1119/2502
f 2425/1119/2503 2426/1119/2503 2442/1119/2503 2441/1119/2503
f 2419/1119/2504 2420/1119/2504 2436/1119/2504 2435/1119/2504
f 2432/1119/2505 2418/1119/2505 2434/1119/2505 2448/1119/2505
f 2426/1119/2506 2427/1119/2506 2443/1119/2506 2442/1119/2506
f 2418/1119/2507 2419/1119/2507 2435/1119/2507 2434/1119/2507
f 2429/1119/2508 2428/1119/2508 2444/1119/2508 2445/1119/2508
f 2420/1119/2509 2421/1119/2509 2437/1119/2509 2436/1119/2509
f 2427/1119/2510 2430/1119/2510 2446/1119/2510 2443/1119/2510
f 2436/1119/2511 2437/1119/2511 2438/1119/2511 2439/1119/2511 2440/1119/2511 2441/1119/2511 2442/1119/2511 2443/1119/2511 2446/1119/2511 2447/1119/2511 2445/1119/2511 2444/1119/2511 2449/1119/2511 2448/1119/2511 2434/1119/2511 2435/1119/2511
f 2132/1119/2512 2360/1119/2512 2359/1119/2512 2130/1119/2512
f 2116/1119/2513 2118/1119/2513 2120/1119/2513 2124/1119/2513
f 2102/1119/2514 2450/1119/2514 2115/1119/2514 2101/1119/2514
f 2117/1119/2515 2115/1119/2515 2450/1119/2515 2451/1119/2515
f 2119/1119/2516 2117/1119/2516 2451/1119/2516 2452/1119/2516
f 2121/1119/2517 2119/1119/2517 2452/1119/2517 2453/1119/2517
f 2123/1119/2518 2121/1119/2518 2453/1119/2518 2454/1119/2518
f 2125/1119/2519 2123/1119/2519 2454/1119/2519 2455/1119/2519
f 2127/1119/2520 2125/1119/2520 2455/1119/2520 2456/1119/2520
f 2103/1119/2521 2104/1119/2521 2458/1119/2521 2457/1119/2521
f 2457/1119/2522 2458/1119/2522 2460/1119/2522 2459/1119/2522
f 2459/1119/2523 2460/1119/2523 2462/1119/2523 2461/1119/2523
f 2461/1119/2524 2462/1119/2524 2464/1119/2524 2463/1119/2524
f 2463/1119/2525 2464/1119/2525 2466/1119/2525 2465/1119/2525
f 2465/1119/2526 2466/1119/2526 2468/1119/2526 2467/1119/2526
f 2467/1119/2527 2468/1119/2527 2470/1119/2527 2469/1119/2527
f 2469/1119/2528 2470/1119/2528 2472/1119/2528 2471/1119/2528
f 2471/1119/2529 2472/1119/2529 2474/1119/2529 2473/1119/2529
f 2473/1119/2530 2474/1119/2530 2476/1119/2530 2475/1119/2530
f 2103/1119/2531 2457/1119/2531 2450/1119/2531 2102/1119/2531
f 2450/1119/2532 2457/1119/2532 2459/1119/2532 2451/1119/2532
f 2451/1119/2533 2459/1119/2533 2461/1119/2533 2452/1119/2533
f 2452/1119/2534 2461/1119/2534 2463/1119/2534 2453/1119/2534
f 2453/1119/2535 2463/1119/2535 2465/1119/2535 2454/1119/2535
f 2454/1119/2536 2465/1119/2536 2467/1119/2536 2455/1119/2536
f 2455/1119/2537 2467/1119/2537 2469/1119/2537 2456/1119/2537
f 2475/1119/2538 2476/1119/2538 2478/1119/2538 2477/1119/2538
f 2477/1119/2539 2478/1119/2539 2480/1119/2539 2479/1119/2539
f 2479/1119/2540 2480/1119/2540 2482/1119/2540 2481/1119/2540
f 2481/1119/2541 2482/1119/2541 2484/1119/2541 2483/1119/2541
f 2483/1119/2542 2484/1119/2542 2486/1119/2542 2485/1119/2542
f 2485/1119/2543 2486/1119/2543 2488/1119/2543 2487/1119/2543
f 2487/1119/2544 2488/1119/2544 2490/1119/2544 2489/1119/2544
f 2489/1119/2545 2490/1119/2545 2492/1119/2545 2491/1119/2545
f 2491/1119/2546 2492/1119/2546 2494/1119/2546 2493/1119/2546
f 2469/1119/2547 2471/1119/2547 2456/1119/2547
f 2127/1119/2548 2456/1119/2548 2471/1119/2548 2129/1119/2548
f 2129/1119/2549 2471/1119/2549 2473/1119/2549 2131/1119/2549
f 2131/1119/2550 2473/1119/2550 2475/1119/2550 2133/1119/2550
f 2135/1119/2551 2133/1119/2551 2475/1119/2551
f 2135/1119/2552 2475/1119/2552 2477/1119/2552 2137/1119/2552
f 2139/1119/2553 2137/1119/2553 2477/1119/2553
f 2139/1119/2554 2477/1119/2554 2479/1119/2554 2141/1119/2554
f 2141/1119/2555 2479/1119/2555 2481/1119/2555 2143/1119/2555
f 2143/1119/2556 2481/1119/2556 2483/1119/2556 2145/1119/2556
f 2145/1119/2557 2483/1119/2557 2485/1119/2557 2147/1119/2557
f 2147/1119/2558 2485/1119/2558 2487/1119/2558 2149/1119/2558
f 2149/1119/2559 2487/1119/2559 2489/1119/2559 2151/1119/2559
f 2151/1119/2560 2489/1119/2560 2491/1119/2560 2153/1119/2560
f 2153/1119/2561 2491/1119/2561 2493/1119/2561 2155/1119/2561
f 1951/1119/2562 1949/1119/2562 2504/1119/2562 2505/1119/2562
f 1949/1119/2563 1947/1119/2563 2503/1119/2563 2504/1119/2563
f 1947/1119/2564 1945/1119/2564 2502/1119/2564 2503/1119/2564
f 1945/1119/2565 1943/1119/2565 2501/1119/2565 2502/1119/2565
f 1941/1119/2566 1938/1119/2566 2499/1119/2566 2500/1119/2566
f 1943/1119/2567 1941/1119/2567 2500/1119/2567 2501/1119/2567
f 1938/1119/2568 1936/1119/2568 2498/1119/2568 2499/1119/2568
f 1936/1119/2569 1934/1119/2569 2497/1119/2569 2498/1119/2569
f 1953/1119/2570 1951/1119/2570 2505/1119/2570 2506/1119/2570
f 1929/1119/2571 2875/1119/2571 1931/1119/2571 2496/1119/2571 2495/1119/2571
f 1934/1119/2572 1929/1119/2572 2495/1119/2572 2497/1119/2572
f 2503/1119/2573 2502/1119/2573 2514/1119/2573 2515/1119/2573
f 2499/1119/2574 2498/1119/2574 2510/1119/2574 2511/1119/2574
f 2500/1119/2575 2499/1119/2575 2511/1119/2575 2512/1119/2575
f 2495/1119/2576 2496/1119/2576 2508/1119/2576 2507/1119/2576
f 2504/1119/2577 2503/1119/2577 2515/1119/2577 2516/1119/2577
f 2501/1119/2578 2500/1119/2578 2512/1119/2578 2513/1119/2578
f 2497/1119/2579 2495/1119/2579 2507/1119/2579 2509/1119/2579
f 2505/1119/2580 2504/1119/2580 2516/1119/2580 2517/1119/2580
f 2502/1119/2581 2501/1119/2581 2513/1119/2581 2514/1119/2581
f 2498/1119/2582 2497/1119/2582 2509/1119/2582 2510/1119/2582
f 2506/1119/2583 2505/1119/2583 2517/1119/2583 2518/1119/2583
f 2507/1119/2584 2508/1119/2584 2520/1119/2584 2519/1119/2584
f 2516/1119/2585 2515/1119/2585 2527/1119/2585 2528/1119/2585
f 2513/1119/2586 2512/1119/2586 2524/1119/2586 2525/1119/2586
f 2509/1119/2587 2507/1119/2587 2519/1119/2587 2521/1119/2587
f 2517/1119/2588 2516/1119/2588 2528/1119/2588 2529/1119/2588
f 2514/1119/2589 2513/1119/2589 2525/1119/2589 2526/1119/2589
f 2510/1119/2590 2509/1119/2590 2521/1119/2590 2522/1119/2590
f 2518/1119/2591 2517/1119/2591 2529/1119/2591 2530/1119/2591
f 2515/1119/2592 2514/1119/2592 2526/1119/2592 2527/1119/2592
f 2511/1119/2593 2510/1119/2593 2522/1119/2593 2523/1119/2593
f 2512/1119/2594 2511/1119/2594 2523/1119/2594 2524/1119/2594
f 2521/1119/2595 2519/1119/2595 2531/1119/2595 2533/1119/2595
f 2529/1119/2596 2528/1119/2596 2540/1119/2596 2541/1119/2596
f 2526/1119/2597 2525/1119/2597 2537/1119/2597 2538/1119/2597
f 2522/1119/2598 2521/1119/2598 2533/1119/2598 2534/1119/2598
f 2530/1119/2599 2529/1119/2599 2541/1119/2599 2542/1119/2599
f 2527/1119/2600 2526/1119/2600 2538/1119/2600 2539/1119/2600
f 2523/1119/2601 2522/1119/2601 2534/1119/2601 2535/1119/2601
f 2524/1119/2602 2523/1119/2602 2535/1119/2602 2536/1119/2602
f 2519/1119/2603 2520/1119/2603 2532/1119/2603 2531/1119/2603
f 2528/1119/2604 2527/1119/2604 2539/1119/2604 2540/1119/2604
f 2525/1119/2605 2524/1119/2605 2536/1119/2605 2537/1119/2605
f 2537/1119/2606 2536/1119/2606 2546/1119/2606 2547/1119/2606
f 2534/1119/2607 2533/1119/2607 2543/1119/2607 2544/1119/2607
f 2538/1119/2608 2537/1119/2608 2547/1119/2608 2548/1119/2608
f 2535/1119/2609 2534/1119/2609 2544/1119/2609 2545/1119/2609
f 2536/1119/2610 2535/1119/2610 2545/1119/2610 2546/1119/2610
f 2546/1119/2611 2545/1119/2611 2551/1119/2611 2552/1119/2611
f 2545/1119/2612 2544/1119/2612 2550/1119/2612 2551/1119/2612
f 2544/1119/2613 2543/1119/2613 2549/1119/2613 2550/1119/2613
f 2546/1119/2614 2552/1119/2614 2548/1119/2614 2547/1119/2614
f 2540/1119/2615 2539/1119/2615 2553/1119/2615
f 3060/1119/2616 3058/1119/2616 3166/1119/2616 3167/1119/2616
f 3052/1119/2617 3050/1119/2617 3162/1119/2617 3163/1119/2617
f 2541/1119/2618 2540/1119/2618 2553/1119/2618 2554/1119/2618
f 2539/1119/2619 2538/1119/2619 2548/1119/2619 2553/1119/2619
f 2541/1119/2620 2554/1119/2620 2542/1119/2620
f 2551/1119/2621 2550/1119/2621 2557/1119/2621 2558/1119/2621
f 2553/1119/2622 2548/1119/2622 2625/1119/2622 2560/1119/2622
f 2542/1119/2623 2554/1119/2623 2561/1119/2623 2555/1119/2623
f 2552/1119/2624 2551/1119/2624 2558/1119/2624 2559/1119/2624
f 2554/1119/2625 2553/1119/2625 2560/1119/2625 2561/1119/2625
f 2550/1119/2626 2549/1119/2626 2556/1119/2626 2557/1119/2626
f 2548/1119/2627 2552/1119/2627 2559/1119/2627 2625/1119/2627
f 2560/1119/2628 2625/1119/2628 2559/1119/2628 2600/1119/2628 2562/1119/2628
f 2561/1119/2629 2560/1119/2629 2562/1119/2629
f 2559/1119/2630 2558/1119/2630 2566/1119/2630 2567/1119/2630 2602/1119/2630
f 2557/1119/2631 2556/1119/2631 2564/1119/2631 2565/1119/2631
f 2561/1119/2632 2562/1119/2632 2603/1119/2632 2569/1119/2632 2568/1119/2632
f 2558/1119/2633 2557/1119/2633 2565/1119/2633 2566/1119/2633
f 2624/1119/2634 2602/1119/2634 2567/1119/2634 2601/1119/2634
f 2555/1119/2635 2561/1119/2635 2568/1119/2635 2563/1119/2635
f 2568/1119/2636 2569/1119/2636 2605/1119/2636 2575/1119/2636 2574/1119/2636
f 2563/1119/2637 2568/1119/2637 2574/1119/2637 2570/1119/2637
f 2566/1119/2638 2565/1119/2638 2571/1119/2638 2572/1119/2638
f 2623/1119/2639 2606/1119/2639 2573/1119/2639 2604/1119/2639
f 2567/1119/2640 2566/1119/2640 2572/1119/2640 2573/1119/2640 2606/1119/2640
f 2574/1119/2641 2575/1119/2641 2608/1119/2641 2581/1119/2641 2580/1119/2641
f 2570/1119/2642 2574/1119/2642 2580/1119/2642 2576/1119/2642
f 2622/1119/2643 2609/1119/2643 2579/1119/2643 2607/1119/2643
f 2573/1119/2644 2572/1119/2644 2578/1119/2644 2579/1119/2644 2609/1119/2644
f 2576/1119/2645 2580/1119/2645 2586/1119/2645 2582/1119/2645
f 2621/1119/2646 2612/1119/2646 2585/1119/2646 2610/1119/2646
f 2579/1119/2647 2578/1119/2647 2584/1119/2647 2585/1119/2647 2612/1119/2647
f 2580/1119/2648 2581/1119/2648 2611/1119/2648 2587/1119/2648 2586/1119/2648
f 2620/1119/2649 2615/1119/2649 2590/1119/2649 2613/1119/2649
f 2585/1119/2650 2584/1119/2650 2589/1119/2650 2590/1119/2650 2615/1119/2650
f 2586/1119/2651 2587/1119/2651 2614/1119/2651 2592/1119/2651 2591/1119/2651
f 2582/1119/2652 2586/1119/2652 2591/1119/2652 2588/1119/2652
f 2619/1119/2653 2618/1119/2653 2594/1119/2653 2616/1119/2653
f 2590/1119/2654 2589/1119/2654 2594/1119/2654 2618/1119/2654
f 2591/1119/2655 2592/1119/2655 2617/1119/2655 2596/1119/2655 2595/1119/2655
f 2588/1119/2656 2591/1119/2656 2595/1119/2656 2593/1119/2656
f 2596/1119/2657 2616/1119/2657 2598/1119/2657 2599/1119/2657
f 2616/1119/2658 2626/1119/2658 2597/1119/2658 2598/1119/2658
f 2572/1119/2659 2571/1119/2659 2578/1119/2659
f 2578/1119/2660 2571/1119/2660 2583/1119/2660 2577/1119/2660
f 2578/1119/2661 2577/1119/2661 2584/1119/2661
f 2584/1119/2662 2577/1119/2662 2589/1119/2662
f 2565/1119/2663 2564/1119/2663 2571/1119/2663
f 2617/1119/2664 2619/1119/2664 2616/1119/2664 2596/1119/2664
f 2592/1119/2665 2613/1119/2665 2619/1119/2665 2617/1119/2665
f 2613/1119/2666 2590/1119/2666 2618/1119/2666 2619/1119/2666
f 2614/1119/2667 2620/1119/2667 2613/1119/2667 2592/1119/2667
f 2587/1119/2668 2610/1119/2668 2620/1119/2668 2614/1119/2668
f 2610/1119/2669 2585/1119/2669 2615/1119/2669 2620/1119/2669
f 2611/1119/2670 2621/1119/2670 2610/1119/2670 2587/1119/2670
f 2581/1119/2671 2607/1119/2671 2621/1119/2671 2611/1119/2671
f 2607/1119/2672 2579/1119/2672 2612/1119/2672 2621/1119/2672
f 2608/1119/2673 2622/1119/2673 2607/1119/2673 2581/1119/2673
f 2575/1119/2674 2604/1119/2674 2622/1119/2674 2608/1119/2674
f 2604/1119/2675 2573/1119/2675 2609/1119/2675 2622/1119/2675
f 2605/1119/2676 2623/1119/2676 2604/1119/2676 2575/1119/2676
f 2569/1119/2677 2601/1119/2677 2623/1119/2677 2605/1119/2677
f 2601/1119/2678 2567/1119/2678 2606/1119/2678 2623/1119/2678
f 2603/1119/2679 2624/1119/2679 2601/1119/2679 2569/1119/2679
f 2562/1119/2680 2600/1119/2680 2624/1119/2680 2603/1119/2680
f 2600/1119/2681 2559/1119/2681 2602/1119/2681 2624/1119/2681
f 2616/1119/2682 2594/1119/2682 2626/1119/2682
f 2596/1119/2683 2599/1119/2683 2595/1119/2683
f 2595/1119/2684 2599/1119/2684 2630/1119/2684 2627/1119/2684
f 2599/1119/2685 2598/1119/2685 2629/1119/2685 2630/1119/2685
f 2598/1119/2686 2597/1119/2686 2628/1119/2686 2629/1119/2686
f 2595/1119/2687 2627/1119/2687 2593/1119/2687
f 2555/1119/2688 2563/1119/2688 2636/1119/2688 2635/1119/2688
f 2506/1119/2689 2518/1119/2689 2632/1119/2689 2631/1119/2689
f 2518/1119/2690 2530/1119/2690 2633/1119/2690 2632/1119/2690
f 2530/1119/2691 2542/1119/2691 2634/1119/2691 2633/1119/2691
f 2563/1119/2692 2570/1119/2692 2637/1119/2692 2636/1119/2692
f 2542/1119/2693 2555/1119/2693 2635/1119/2693 2634/1119/2693
f 1953/1119/2694 2506/1119/2694 2639/1119/2694 2638/1119/2694
f 2506/1119/2695 2631/1119/2695 2639/1119/2695
f 1953/1119/2696 2638/1119/2696 1955/1119/2696
f 2638/1119/2697 2639/1119/2697 2641/1119/2697 2640/1119/2697
f 2638/1119/2698 2640/1119/2698 2643/1119/2698 2642/1119/2698
f 1955/1119/2699 2638/1119/2699 2642/1119/2699 1957/1119/2699
f 1957/1119/2700 2642/1119/2700 2643/1119/2700 1959/1119/2700
f 1961/1119/2701 2090/1119/2701 2072/1119/2701 1963/1119/2701
f 1961/1119/2702 1959/1119/2702 2090/1119/2702
f 2643/1119/2703 2090/1119/2703 1959/1119/2703
f 2470/1119/2704 2468/1119/2704 2648/1119/2704 2649/1119/2704
f 2466/1119/2705 2464/1119/2705 2646/1119/2705 2647/1119/2705
f 2472/1119/2706 2470/1119/2706 2649/1119/2706 2650/1119/2706
f 2462/1119/2707 2460/1119/2707 2644/1119/2707 2645/1119/2707
f 2468/1119/2708 2466/1119/2708 2647/1119/2708 2648/1119/2708
f 2474/1119/2709 2472/1119/2709 2650/1119/2709 2651/1119/2709
f 2464/1119/2710 2462/1119/2710 2645/1119/2710 2646/1119/2710
f 2478/1119/2711 2476/1119/2711 2873/1119/2711 2652/1119/2711
f 2876/1119/2712 2877/1119/2712 2875/1119/2712 1929/1119/2712
f 2872/1119/2713 2665/1119/2713 2652/1119/2713 2873/1119/2713
f 2486/1119/2714 2484/1119/2714 2655/1119/2714 2656/1119/2714
f 2492/1119/2715 2490/1119/2715 2658/1119/2715 2659/1119/2715
f 2488/1119/2716 2486/1119/2716 2656/1119/2716 2657/1119/2716
f 2494/1119/2717 2492/1119/2717 2659/1119/2717 2660/1119/2717
f 2484/1119/2718 2482/1119/2718 2654/1119/2718 2655/1119/2718
f 2490/1119/2719 2488/1119/2719 2657/1119/2719 2658/1119/2719
f 2480/1119/2720 2478/1119/2720 2652/1119/2720 2653/1119/2720
f 2482/1119/2721 2480/1119/2721 2653/1119/2721 2654/1119/2721
f 2660/1119/2722 2659/1119/2722 2661/1119/2722 2662/1119/2722
f 2657/1119/2723 2656/1119/2723 2664/1119/2723
f 2663/1119/2724 2658/1119/2724 2657/1119/2724 2664/1119/2724
f 2658/1119/2725 2663/1119/2725 2661/1119/2725 2659/1119/2725
f 2661/1119/2726 2663/1119/2726 2672/1119/2726 2670/1119/2726
f 2664/1119/2727 2656/1119/2727 2669/1119/2727 2673/1119/2727
f 2654/1119/2728 2653/1119/2728 2666/1119/2728 2667/1119/2728
f 2655/1119/2729 2654/1119/2729 2667/1119/2729 2668/1119/2729
f 2663/1119/2730 2664/1119/2730 2673/1119/2730 2672/1119/2730
f 2653/1119/2731 2652/1119/2731 2665/1119/2731 2666/1119/2731
f 2662/1119/2732 2661/1119/2732 2670/1119/2732 2671/1119/2732
f 2656/1119/2733 2655/1119/2733 2668/1119/2733 2669/1119/2733
f 2476/1119/2734 2474/1119/2734 2651/1119/2734 2872/1119/2734 2873/1119/2734
f 2665/1119/2735 2872/1119/2735 2651/1119/2735 2674/1119/2735 2675/1119/2735
f 2670/1119/2736 2672/1119/2736 2697/1119/2736 2695/1119/2736
f 2649/1119/2737 2648/1119/2737 2682/1119/2737 2683/1119/2737
f 2647/1119/2738 2646/1119/2738 2680/1119/2738 2681/1119/2738
f 2645/1119/2739 2644/1119/2739 2678/1119/2739 2679/1119/2739
f 2650/1119/2740 2649/1119/2740 2683/1119/2740 2684/1119/2740
f 2648/1119/2741 2647/1119/2741 2681/1119/2741 2682/1119/2741
f 2646/1119/2742 2645/1119/2742 2679/1119/2742 2680/1119/2742
f 2684/1119/2743 2683/1119/2743 2690/1119/2743 2691/1119/2743
f 2682/1119/2744 2681/1119/2744 2688/1119/2744 2689/1119/2744
f 2680/1119/2745 2679/1119/2745 2686/1119/2745 2687/1119/2745
f 2683/1119/2746 2682/1119/2746 2689/1119/2746 2690/1119/2746
f 2681/1119/2747 2680/1119/2747 2687/1119/2747 2688/1119/2747
f 2679/1119/2748 2678/1119/2748 2685/1119/2748 2686/1119/2748
f 2650/1119/2749 2684/1119/2749 2674/1119/2749 2651/1119/2749
f 2662/1119/2750 2671/1119/2750 2696/1119/2750 2677/1119/2750
f 2673/1119/2751 2669/1119/2751 2694/1119/2751 2698/1119/2751
f 2667/1119/2752 2666/1119/2752 2676/1119/2752 2692/1119/2752
f 2668/1119/2753 2667/1119/2753 2692/1119/2753 2693/1119/2753
f 2672/1119/2754 2673/1119/2754 2698/1119/2754 2697/1119/2754
f 2671/1119/2755 2670/1119/2755 2695/1119/2755 2696/1119/2755
f 2669/1119/2756 2668/1119/2756 2693/1119/2756 2694/1119/2756
f 2697/1119/2757 2698/1119/2757 2707/1119/2757 2706/1119/2757
f 2693/1119/2758 2692/1119/2758 2701/1119/2758 2702/1119/2758
f 2696/1119/2759 2695/1119/2759 2704/1119/2759 2705/1119/2759
f 2692/1119/2760 2676/1119/2760 2699/1119/2760 2701/1119/2760
f 2695/1119/2761 2697/1119/2761 2706/1119/2761 2704/1119/2761
f 2698/1119/2762 2694/1119/2762 2703/1119/2762 2707/1119/2762
f 2677/1119/2763 2696/1119/2763 2705/1119/2763 2700/1119/2763
f 2694/1119/2764 2693/1119/2764 2702/1119/2764 2703/1119/2764
f 2704/1119/2765 2706/1119/2765 2715/1119/2765 2713/1119/2765
f 2707/1119/2766 2703/1119/2766 2712/1119/2766 2716/1119/2766
f 2701/1119/2767 2699/1119/2767 2708/1119/2767 2710/1119/2767
f 2702/1119/2768 2701/1119/2768 2710/1119/2768 2711/1119/2768
f 2700/1119/2769 2705/1119/2769 2714/1119/2769 2709/1119/2769
f 2706/1119/2770 2707/1119/2770 2716/1119/2770 2715/1119/2770
f 2705/1119/2771 2704/1119/2771 2713/1119/2771 2714/1119/2771
f 2703/1119/2772 2702/1119/2772 2711/1119/2772 2712/1119/2772
f 2716/1119/2773 2712/1119/2773 2721/1119/2773 2725/1119/2773
f 2710/1119/2774 2708/1119/2774 2717/1119/2774 2719/1119/2774
f 2711/1119/2775 2710/1119/2775 2719/1119/2775 2720/1119/2775
f 2709/1119/2776 2714/1119/2776 2723/1119/2776 2718/1119/2776
f 2715/1119/2777 2716/1119/2777 2725/1119/2777 2724/1119/2777
f 2714/1119/2778 2713/1119/2778 2722/1119/2778 2723/1119/2778
f 2712/1119/2779 2711/1119/2779 2720/1119/2779 2721/1119/2779
f 2713/1119/2780 2715/1119/2780 2724/1119/2780 2722/1119/2780
f 2724/1119/2781 2725/1119/2781 2733/1119/2781 2732/1119/2781
f 2723/1119/2782 2722/1119/2782 2730/1119/2782 2731/1119/2782
f 2721/1119/2783 2720/1119/2783 2728/1119/2783 2729/1119/2783
f 2722/1119/2784 2724/1119/2784 2732/1119/2784 2730/1119/2784
f 2725/1119/2785 2721/1119/2785 2729/1119/2785 2733/1119/2785
f 2719/1119/2786 2717/1119/2786 2726/1119/2786 2727/1119/2786
f 2720/1119/2787 2719/1119/2787 2727/1119/2787 2728/1119/2787
f 2729/1119/2788 2728/1119/2788 2736/1119/2788 2737/1119/2788
f 2730/1119/2789 2732/1119/2789 2739/1119/2789 2738/1119/2789
f 2733/1119/2790 2729/1119/2790 2737/1119/2790 2740/1119/2790
f 2727/1119/2791 2726/1119/2791 2734/1119/2791 2735/1119/2791
f 2728/1119/2792 2727/1119/2792 2735/1119/2792 2736/1119/2792
f 2732/1119/2793 2733/1119/2793 2740/1119/2793 2739/1119/2793
f 2644/1119/2794 2460/1119/2794 2745/1119/2794 2746/1119/2794
f 2104/1119/2795 2100/1119/2795 2742/1119/2795 2743/1119/2795
f 2460/1119/2796 2458/1119/2796 2744/1119/2796 2745/1119/2796
f 2678/1119/2797 2644/1119/2797 2746/1119/2797 2747/1119/2797
f 2458/1119/2798 2104/1119/2798 2743/1119/2798 2744/1119/2798
f 2685/1119/2799 2678/1119/2799 2747/1119/2799 2748/1119/2799
f 2100/1119/2800 2096/1119/2800 2741/1119/2800 2742/1119/2800
f 2744/1119/2801 2743/1119/2801 2751/1119/2801 2752/1119/2801
f 2742/1119/2802 2741/1119/2802 2749/1119/2802 2750/1119/2802
f 2747/1119/2803 2746/1119/2803 2754/1119/2803 2755/1119/2803
f 2745/1119/2804 2744/1119/2804 2752/1119/2804 2753/1119/2804
f 2743/1119/2805 2742/1119/2805 2750/1119/2805 2751/1119/2805
f 2748/1119/2806 2747/1119/2806 2755/1119/2806 2756/1119/2806
f 2746/1119/2807 2745/1119/2807 2753/1119/2807 2754/1119/2807
f 2755/1119/2808 2754/1119/2808 2762/1119/2808 2763/1119/2808
f 2753/1119/2809 2752/1119/2809 2760/1119/2809 2761/1119/2809
f 2751/1119/2810 2750/1119/2810 2758/1119/2810 2759/1119/2810
f 2756/1119/2811 2755/1119/2811 2763/1119/2811 2764/1119/2811
f 2754/1119/2812 2753/1119/2812 2761/1119/2812 2762/1119/2812
f 2752/1119/2813 2751/1119/2813 2759/1119/2813 2760/1119/2813
f 2750/1119/2814 2749/1119/2814 2757/1119/2814 2758/1119/2814
f 2764/1119/2815 2763/1119/2815 2771/1119/2815 2772/1119/2815
f 2762/1119/2816 2761/1119/2816 2769/1119/2816 2770/1119/2816
f 2760/1119/2817 2759/1119/2817 2767/1119/2817 2768/1119/2817
f 2758/1119/2818 2757/1119/2818 2765/1119/2818 2766/1119/2818
f 2763/1119/2819 2762/1119/2819 2770/1119/2819 2771/1119/2819
f 2761/1119/2820 2760/1119/2820 2768/1119/2820 2769/1119/2820
f 2759/1119/2821 2758/1119/2821 2766/1119/2821 2767/1119/2821
f 2092/1119/2822 2091/1119/2822 2774/1119/2822 2775/1119/2822
f 2091/1119/2823 2090/1119/2823 2773/1119/2823 2774/1119/2823
f 2775/1119/2824 2774/1119/2824 2777/1119/2824 2778/1119/2824
f 2774/1119/2825 2773/1119/2825 2776/1119/2825 2777/1119/2825
f 2779/1119/2826 2781/1119/2826 2773/1119/2826 2090/1119/2826
f 2780/1119/2827 2779/1119/2827 2090/1119/2827 2643/1119/2827
f 2773/1119/2828 2781/1119/2828 2784/1119/2828 2796/1119/2828 2782/1119/2828
f 2776/1119/2829 2773/1119/2829 2782/1119/2829 2795/1119/2829 2783/1119/2829
f 2817/1119/2830 2800/1119/2830 2787/1119/2830 2798/1119/2830
f 2816/1119/2831 2799/1119/2831 2785/1119/2831 2797/1119/2831
f 2815/1119/2832 2805/1119/2832 2790/1119/2832 2803/1119/2832
f 2814/1119/2833 2804/1119/2833 2788/1119/2833 2802/1119/2833
f 2813/1119/2834 2810/1119/2834 2793/1119/2834 2822/1119/2834 2808/1119/2834
f 2812/1119/2835 2809/1119/2835 2791/1119/2835 2821/1119/2835 2807/1119/2835
f 2811/1119/2836 2812/1119/2836 2807/1119/2836 2818/1119/2836 2792/1119/2836
f 2789/1119/2837 2802/1119/2837 2812/1119/2837 2811/1119/2837
f 2802/1119/2838 2788/1119/2838 2809/1119/2838 2812/1119/2838
f 2809/1119/2839 2813/1119/2839 2808/1119/2839 2819/1119/2839 2791/1119/2839
f 2788/1119/2840 2803/1119/2840 2813/1119/2840 2809/1119/2840
f 2803/1119/2841 2790/1119/2841 2810/1119/2841 2813/1119/2841
f 2806/1119/2842 2814/1119/2842 2802/1119/2842 2789/1119/2842
f 2786/1119/2843 2797/1119/2843 2814/1119/2843 2806/1119/2843
f 2797/1119/2844 2785/1119/2844 2804/1119/2844 2814/1119/2844
f 2804/1119/2845 2815/1119/2845 2803/1119/2845 2788/1119/2845
f 2785/1119/2846 2798/1119/2846 2815/1119/2846 2804/1119/2846
f 2798/1119/2847 2787/1119/2847 2805/1119/2847 2815/1119/2847
f 2801/1119/2848 2816/1119/2848 2797/1119/2848 2786/1119/2848
f 2783/1119/2849 2795/1119/2849 2816/1119/2849 2801/1119/2849
f 2795/1119/2850 2782/1119/2850 2799/1119/2850 2816/1119/2850
f 2799/1119/2851 2817/1119/2851 2798/1119/2851 2785/1119/2851
f 2782/1119/2852 2796/1119/2852 2817/1119/2852 2799/1119/2852
f 2796/1119/2853 2784/1119/2853 2800/1119/2853 2817/1119/2853
f 2791/1119/2854 2820/1119/2854 2821/1119/2854
f 2791/1119/2855 2819/1119/2855 2820/1119/2855
f 2820/1119/2856 2819/1119/2856 2808/1119/2856 2794/1119/2856
f 2808/1119/2857 2822/1119/2857 2793/1119/2857 2794/1119/2857
f 2820/1119/2858 2807/1119/2858 2821/1119/2858 2791/1119/2858
f 2818/1119/2859 2820/1119/2859 2794/1119/2859 2792/1119/2859
f 2792/1119/2860 2794/1119/2860 2825/1119/2860 2823/1119/2860
f 2794/1119/2861 2793/1119/2861 2824/1119/2861 2825/1119/2861
f 2807/1119/2862 2820/1119/2862 2818/1119/2862
f 2779/1119/2863 2780/1119/2863 2827/1119/2863 2826/1119/2863
f 2781/1119/2864 2779/1119/2864 2826/1119/2864 2828/1119/2864
f 2826/1119/2865 2827/1119/2865 2830/1119/2865 2829/1119/2865
f 2828/1119/2866 2826/1119/2866 2829/1119/2866 2831/1119/2866
f 2771/1119/2867 2770/1119/2867 2837/1119/2867 2838/1119/2867
f 2769/1119/2868 2768/1119/2868 2835/1119/2868 2836/1119/2868
f 2767/1119/2869 2766/1119/2869 2833/1119/2869 2834/1119/2869
f 2772/1119/2870 2771/1119/2870 2838/1119/2870 2839/1119/2870
f 2770/1119/2871 2769/1119/2871 2836/1119/2871 2837/1119/2871
f 2768/1119/2872 2767/1119/2872 2834/1119/2872 2835/1119/2872
f 2766/1119/2873 2765/1119/2873 2832/1119/2873 2833/1119/2873
f 2838/1119/2874 2837/1119/2874 2845/1119/2874 2846/1119/2874
f 2836/1119/2875 2835/1119/2875 2843/1119/2875 2844/1119/2875
f 2834/1119/2876 2833/1119/2876 2841/1119/2876 2842/1119/2876
f 2839/1119/2877 2838/1119/2877 2846/1119/2877 2847/1119/2877
f 2837/1119/2878 2836/1119/2878 2844/1119/2878 2845/1119/2878
f 2835/1119/2879 2834/1119/2879 2842/1119/2879 2843/1119/2879
f 2833/1119/2880 2832/1119/2880 2840/1119/2880 2841/1119/2880
f 2844/1119/2881 2843/1119/2881 2851/1119/2881 2852/1119/2881
f 2842/1119/2882 2841/1119/2882 2849/1119/2882 2850/1119/2882
f 2847/1119/2883 2846/1119/2883 2854/1119/2883 2855/1119/2883
f 2845/1119/2884 2844/1119/2884 2852/1119/2884 2853/1119/2884
f 2843/1119/2885 2842/1119/2885 2850/1119/2885 2851/1119/2885
f 2841/1119/2886 2840/1119/2886 2848/1119/2886 2849/1119/2886
f 2846/1119/2887 2845/1119/2887 2853/1119/2887 2854/1119/2887
f 2855/1119/2888 2854/1119/2888 2862/1119/2888 2863/1119/2888
f 2853/1119/2889 2852/1119/2889 2860/1119/2889 2861/1119/2889
f 2851/1119/2890 2850/1119/2890 2858/1119/2890 2859/1119/2890
f 2849/1119/2891 2848/1119/2891 2856/1119/2891 2857/1119/2891
f 2854/1119/2892 2853/1119/2892 2861/1119/2892 2862/1119/2892
f 2852/1119/2893 2851/1119/2893 2859/1119/2893 2860/1119/2893
f 2850/1119/2894 2849/1119/2894 2857/1119/2894 2858/1119/2894
f 2675/1119/2895 2674/1119/2895 2864/1119/2895 2865/1119/2895
f 2865/1119/2896 2864/1119/2896 2866/1119/2896 2867/1119/2896
f 2867/1119/2897 2866/1119/2897 2868/1119/2897 2869/1119/2897
f 2869/1119/2898 2868/1119/2898 2870/1119/2898 2871/1119/2898
f 2666/1119/2899 2665/1119/2899 2675/1119/2899 2676/1119/2899
f 2676/1119/2900 2675/1119/2900 2865/1119/2900 2699/1119/2900
f 2699/1119/2901 2865/1119/2901 2867/1119/2901 2708/1119/2901
f 2708/1119/2902 2867/1119/2902 2869/1119/2902 2717/1119/2902
f 2717/1119/2903 2869/1119/2903 2871/1119/2903 2726/1119/2903
f 2691/1119/2904 2864/1119/2904 2674/1119/2904 2684/1119/2904
f 2087/1119/2905 2741/1119/2905 2096/1119/2905 2086/1119/2905
f 2092/1119/2906 2749/1119/2906 2741/1119/2906 2087/1119/2906
f 2757/1119/2907 2092/1119/2907 2775/1119/2907 2765/1119/2907
f 2749/1119/2908 2092/1119/2908 2757/1119/2908
f 2778/1119/2909 2832/1119/2909 2765/1119/2909 2775/1119/2909
f 2128/1119/2910 2383/1119/2910 2384/1119/2910 2126/1119/2910
f 2126/1119/2911 2384/1119/2911 2116/1119/2911 2124/1119/2911
f 2122/1119/2912 2124/1119/2912 2120/1119/2912
f 2321/1119/2913 2330/1119/2913 2333/1119/2913 2327/1119/2913
f 2330/1119/2914 2114/1119/2914 2353/1119/2914 2333/1119/2914
f 2338/1119/2915 2333/1119/2915 2353/1119/2915 2354/1119/2915
f 2338/1119/2916 2354/1119/2916 2337/1119/2916
f 1930/1119/2917 2874/1119/2917 2877/1119/2917 2876/1119/2917
f 2875/1119/2918 2877/1119/2918 1933/1119/2918 1931/1119/2918
f 2874/1119/2919 1930/1119/2919 1999/1119/2919
f 2643/1119/2920 2640/1119/2920 2780/1119/2920
f 2641/1119/2921 2890/1119/2921 2827/1119/2921 2780/1119/2921 2640/1119/2921
f 2639/1119/2922 2631/1119/2922 2641/1119/2922
f 2632/1119/2923 2633/1119/2923 2880/1119/2923 2879/1119/2923
f 2631/1119/2924 2632/1119/2924 2879/1119/2924 2878/1119/2924
f 2879/1119/2925 2880/1119/2925 2883/1119/2925 2882/1119/2925
f 2878/1119/2926 2879/1119/2926 2882/1119/2926 2881/1119/2926
f 2882/1119/2927 2883/1119/2927 2886/1119/2927 2885/1119/2927
f 2881/1119/2928 2882/1119/2928 2885/1119/2928 2884/1119/2928
f 2885/1119/2929 2886/1119/2929 2889/1119/2929 2888/1119/2929
f 2884/1119/2930 2885/1119/2930 2888/1119/2930 2887/1119/2930
f 2631/1119/2931 2878/1119/2931 2641/1119/2931
f 2881/1119/2932 2890/1119/2932 2641/1119/2932 2878/1119/2932
f 2890/1119/2933 2881/1119/2933 2884/1119/2933 2827/1119/2933
f 2827/1119/2934 2884/1119/2934 2887/1119/2934 2830/1119/2934
f 2633/1119/2935 2634/1119/2935 2880/1119/2935
f 2635/1119/2936 2883/1119/2936 2880/1119/2936 2634/1119/2936
f 2636/1119/2937 2886/1119/2937 2883/1119/2937 2635/1119/2937
f 2637/1119/2938 2889/1119/2938 2886/1119/2938 2636/1119/2938
f 2776/1119/2939 2783/1119/2939 2777/1119/2939
f 2778/1119/2940 2777/1119/2940 2783/1119/2940
f 2801/1119/2941 2832/1119/2941 2778/1119/2941 2783/1119/2941
f 2786/1119/2942 2840/1119/2942 2832/1119/2942 2801/1119/2942
f 2811/1119/2943 2792/1119/2943 2892/1119/2943 2894/1119/2943
f 2806/1119/2944 2789/1119/2944 2891/1119/2944 2893/1119/2944
f 2789/1119/2945 2811/1119/2945 2894/1119/2945 2891/1119/2945
f 2893/1119/2946 2891/1119/2946 2896/1119/2946
f 2894/1119/2947 2892/1119/2947 2895/1119/2947
f 2891/1119/2948 2894/1119/2948 2895/1119/2948 2896/1119/2948
f 2806/1119/2949 2893/1119/2949 2840/1119/2949 2786/1119/2949
f 2893/1119/2950 2896/1119/2950 2840/1119/2950
f 2840/1119/2951 2896/1119/2951 2895/1119/2951 2848/1119/2951
f 2792/1119/2952 2823/1119/2952 2892/1119/2952
f 2892/1119/2953 2823/1119/2953 2848/1119/2953 2895/1119/2953
f 2823/1119/2954 2825/1119/2954 2899/1119/2954 2897/1119/2954
f 2825/1119/2955 2824/1119/2955 2898/1119/2955 2899/1119/2955
f 2897/1119/2956 2899/1119/2956 2902/1119/2956 2900/1119/2956
f 2899/1119/2957 2898/1119/2957 2901/1119/2957 2902/1119/2957
f 2900/1119/2958 2902/1119/2958 2905/1119/2958 2903/1119/2958
f 2902/1119/2959 2901/1119/2959 2904/1119/2959 2905/1119/2959
f 2823/1119/2960 2897/1119/2960 2848/1119/2960
f 2848/1119/2961 2897/1119/2961 2900/1119/2961 2856/1119/2961
f 2900/1119/2962 2903/1119/2962 2856/1119/2962
f 2787/1119/2963 2800/1119/2963 2906/1119/2963
f 2790/1119/2964 2805/1119/2964 2907/1119/2964
f 2810/1119/2965 2790/1119/2965 2907/1119/2965
f 2787/1119/2966 2906/1119/2966 2907/1119/2966 2805/1119/2966
f 2800/1119/2967 2784/1119/2967 2906/1119/2967
f 2784/1119/2968 2781/1119/2968 2906/1119/2968
f 2781/1119/2969 2828/1119/2969 2906/1119/2969
f 2828/1119/2970 2831/1119/2970 2907/1119/2970 2906/1119/2970
f 2810/1119/2971 2907/1119/2971 2793/1119/2971
f 2793/1119/2972 2907/1119/2972 2831/1119/2972 2824/1119/2972
f 2898/1119/2973 2824/1119/2973 2831/1119/2973
f 2570/1119/2974 2576/1119/2974 2637/1119/2974
f 2637/1119/2975 2576/1119/2975 2908/1119/2975 2909/1119/2975
f 2909/1119/2976 2908/1119/2976 2910/1119/2976 2911/1119/2976
f 2911/1119/2977 2910/1119/2977 2912/1119/2977 2913/1119/2977
f 2913/1119/2978 2912/1119/2978 2914/1119/2978 2915/1119/2978
f 2915/1119/2979 2914/1119/2979 2916/1119/2979 2917/1119/2979
f 2917/1119/2980 2916/1119/2980 2918/1119/2980 2919/1119/2980
f 2919/1119/2981 2918/1119/2981 2920/1119/2981 2921/1119/2981
f 2921/1119/2982 2920/1119/2982 2922/1119/2982 2923/1119/2982
f 2923/1119/2983 2922/1119/2983 2924/1119/2983 2925/1119/2983
f 2925/1119/2984 2924/1119/2984 2926/1119/2984 2927/1119/2984
f 2576/1119/2985 2582/1119/2985 2908/1119/2985
f 2588/1119/2986 2910/1119/2986 2908/1119/2986 2582/1119/2986
f 2593/1119/2987 2912/1119/2987 2910/1119/2987 2588/1119/2987
f 2912/1119/2988 2593/1119/2988 2914/1119/2988
f 2914/1119/2989 2593/1119/2989 2928/1119/2989 2929/1119/2989
f 2929/1119/2990 2928/1119/2990 2930/1119/2990 2931/1119/2990
f 2931/1119/2991 2930/1119/2991 2932/1119/2991 2933/1119/2991
f 2933/1119/2992 2932/1119/2992 2934/1119/2992 2935/1119/2992
f 2935/1119/2993 2934/1119/2993 2936/1119/2993 2937/1119/2993
f 2914/1119/2994 2929/1119/2994 2916/1119/2994
f 2916/1119/2995 2929/1119/2995 2931/1119/2995 2918/1119/2995
f 2918/1119/2996 2931/1119/2996 2933/1119/2996 2920/1119/2996
f 2920/1119/2997 2933/1119/2997 2935/1119/2997 2922/1119/2997
f 2922/1119/2998 2935/1119/2998 2937/1119/2998 2924/1119/2998
f 2926/1119/2999 2924/1119/2999 2937/1119/2999
f 2637/1119/3000 2909/1119/3000 2889/1119/3000
f 2909/1119/3001 2911/1119/3001 2889/1119/3001
f 2889/1119/3002 2911/1119/3002 2939/1119/3002 2938/1119/3002
f 2938/1119/3003 2939/1119/3003 2941/1119/3003 2940/1119/3003
f 2940/1119/3004 2941/1119/3004 2943/1119/3004 2942/1119/3004
f 2942/1119/3005 2943/1119/3005 2945/1119/3005 2944/1119/3005
f 2944/1119/3006 2945/1119/3006 2947/1119/3006 2946/1119/3006
f 2829/1119/3007 2944/1119/3007 2946/1119/3007 2831/1119/3007
f 2830/1119/3008 2942/1119/3008 2944/1119/3008 2829/1119/3008
f 2887/1119/3009 2940/1119/3009 2942/1119/3009 2830/1119/3009
f 2888/1119/3010 2938/1119/3010 2940/1119/3010 2887/1119/3010
f 2889/1119/3011 2938/1119/3011 2888/1119/3011
f 2901/1119/3012 2898/1119/3012 2831/1119/3012 2946/1119/3012
f 2904/1119/3013 2901/1119/3013 2946/1119/3013
f 2904/1119/3014 2946/1119/3014 2947/1119/3014 2905/1119/3014
f 2911/1119/3015 2913/1119/3015 2939/1119/3015
f 2915/1119/3016 2941/1119/3016 2939/1119/3016 2913/1119/3016
f 2917/1119/3017 2943/1119/3017 2941/1119/3017 2915/1119/3017
f 2919/1119/3018 2945/1119/3018 2943/1119/3018 2917/1119/3018
f 2921/1119/3019 2947/1119/3019 2945/1119/3019 2919/1119/3019
f 2627/1119/3020 2928/1119/3020 2593/1119/3020
f 2928/1119/3021 2627/1119/3021 2930/1119/3021
f 2930/1119/3022 2627/1119/3022 2948/1119/3022 2949/1119/3022
f 2949/1119/3023 2948/1119/3023 2950/1119/3023 2951/1119/3023
f 2951/1119/3024 2950/1119/3024 2952/1119/3024 2953/1119/3024
f 2953/1119/3025 2952/1119/3025 2954/1119/3025 2955/1119/3025
f 2955/1119/3026 2954/1119/3026 2956/1119/3026 2957/1119/3026
f 2957/1119/3027 2956/1119/3027 2958/1119/3027 2959/1119/3027
f 2630/1119/3028 2948/1119/3028 2627/1119/3028
f 2629/1119/3029 2950/1119/3029 2948/1119/3029 2630/1119/3029
f 2628/1119/3030 2962/1119/3030 2961/1119/3030 2950/1119/3030 2629/1119/3030
f 2950/1119/3031 2961/1119/3031 2960/1119/3031 2952/1119/3031
f 2952/1119/3032 2960/1119/3032 2956/1119/3032 2954/1119/3032
f 2930/1119/3033 2949/1119/3033 2932/1119/3033
f 2932/1119/3034 2949/1119/3034 2951/1119/3034 2934/1119/3034
f 2934/1119/3035 2951/1119/3035 2953/1119/3035 2936/1119/3035
f 2921/1119/3036 2923/1119/3036 2947/1119/3036
f 2947/1119/3037 2923/1119/3037 2905/1119/3037
f 2905/1119/3038 2923/1119/3038 2925/1119/3038 2903/1119/3038
f 2903/1119/3039 2925/1119/3039 2927/1119/3039 2963/1119/3039 2856/1119/3039
f 2857/1119/3040 2856/1119/3040 2963/1119/3040
f 2963/1119/3041 2927/1119/3041 2964/1119/3041 2965/1119/3041
f 2965/1119/3042 2964/1119/3042 2966/1119/3042 2967/1119/3042
f 2967/1119/3043 2966/1119/3043 2968/1119/3043 2969/1119/3043
f 2969/1119/3044 2968/1119/3044 2970/1119/3044 2971/1119/3044
f 2971/1119/3045 2970/1119/3045 2972/1119/3045 2973/1119/3045
f 2973/1119/3046 2972/1119/3046 2974/1119/3046 2975/1119/3046
f 2963/1119/3047 2965/1119/3047 2857/1119/3047
f 2857/1119/3048 2965/1119/3048 2967/1119/3048 2858/1119/3048
f 2858/1119/3049 2967/1119/3049 2969/1119/3049 2859/1119/3049
f 2859/1119/3050 2969/1119/3050 2971/1119/3050 2860/1119/3050
f 2860/1119/3051 2971/1119/3051 2973/1119/3051 2861/1119/3051
f 2862/1119/3052 2861/1119/3052 2973/1119/3052
f 2862/1119/3053 2973/1119/3053 2975/1119/3053 2863/1119/3053
f 2926/1119/3054 2937/1119/3054 2978/1119/3054 2976/1119/3054
f 2937/1119/3055 2936/1119/3055 2977/1119/3055 2978/1119/3055
f 2976/1119/3056 2978/1119/3056 2981/1119/3056 2979/1119/3056
f 2978/1119/3057 2977/1119/3057 2980/1119/3057 2981/1119/3057
f 2979/1119/3058 2981/1119/3058 2984/1119/3058 2982/1119/3058
f 2981/1119/3059 2980/1119/3059 2983/1119/3059 2984/1119/3059
f 2982/1119/3060 2984/1119/3060 2987/1119/3060 2985/1119/3060
f 2984/1119/3061 2983/1119/3061 2986/1119/3061 2987/1119/3061
f 2985/1119/3062 2987/1119/3062 2990/1119/3062 2988/1119/3062
f 2987/1119/3063 2986/1119/3063 2989/1119/3063 2990/1119/3063
f 2955/1119/3064 2977/1119/3064 2936/1119/3064 2953/1119/3064
f 2955/1119/3065 2957/1119/3065 2991/1119/3065
f 2977/1119/3066 2955/1119/3066 2991/1119/3066 2980/1119/3066
f 2991/1119/3067 2957/1119/3067 2992/1119/3067 2993/1119/3067
f 2993/1119/3068 2992/1119/3068 2994/1119/3068 2995/1119/3068
f 2980/1119/3069 2991/1119/3069 2993/1119/3069 2983/1119/3069
f 2983/1119/3070 2993/1119/3070 2995/1119/3070 2986/1119/3070
f 2926/1119/3071 2976/1119/3071 2964/1119/3071 2927/1119/3071
f 2964/1119/3072 2976/1119/3072 2979/1119/3072 2968/1119/3072 2966/1119/3072
f 2968/1119/3073 2979/1119/3073 2982/1119/3073 2970/1119/3073
f 2970/1119/3074 2982/1119/3074 2985/1119/3074 2972/1119/3074
f 2972/1119/3075 2985/1119/3075 2988/1119/3075 2974/1119/3075
f 2959/1119/3076 2994/1119/3076 2992/1119/3076 2957/1119/3076
f 2995/1119/3077 2994/1119/3077 2996/1119/3077 2997/1119/3077
f 2997/1119/3078 2996/1119/3078 2998/1119/3078 2999/1119/3078
f 2999/1119/3079 2998/1119/3079 3000/1119/3079 3001/1119/3079
f 3001/1119/3080 3000/1119/3080 3002/1119/3080 3003/1119/3080
f 3003/1119/3081 3002/1119/3081 3004/1119/3081 3005/1119/3081
f 2868/1119/3082 2866/1119/3082 3007/1119/3082 3006/1119/3082
f 2864/1119/3083 2691/1119/3083 2866/1119/3083
f 2734/1119/3084 2726/1119/3084 2871/1119/3084
f 2870/1119/3085 2868/1119/3085 3008/1119/3085 3009/1119/3085
f 3009/1119/3086 3008/1119/3086 3010/1119/3086 3011/1119/3086
f 3011/1119/3087 3010/1119/3087 3012/1119/3087 3013/1119/3087
f 3013/1119/3088 3012/1119/3088 3014/1119/3088 3015/1119/3088
f 3015/1119/3089 3014/1119/3089 3016/1119/3089 3017/1119/3089
f 3017/1119/3090 3016/1119/3090 3018/1119/3090 3019/1119/3090
f 3019/1119/3091 3018/1119/3091 3020/1119/3091 3021/1119/3091
f 3021/1119/3092 3020/1119/3092 3022/1119/3092 3023/1119/3092
f 3023/1119/3093 3022/1119/3093 3024/1119/3093 3025/1119/3093
f 3025/1119/3094 3024/1119/3094 3026/1119/3094 3027/1119/3094
f 3027/1119/3095 3026/1119/3095 3028/1119/3095 3029/1119/3095
f 3029/1119/3096 3028/1119/3096 3030/1119/3096 3031/1119/3096
f 3031/1119/3097 3030/1119/3097 3032/1119/3097 3033/1119/3097
f 3008/1119/3098 2868/1119/3098 2866/1119/3098 2691/1119/3098
f 2690/1119/3099 3010/1119/3099 3008/1119/3099 2691/1119/3099
f 2689/1119/3100 3012/1119/3100 3010/1119/3100 2690/1119/3100
f 2688/1119/3101 3014/1119/3101 3012/1119/3101 2689/1119/3101
f 2687/1119/3102 3016/1119/3102 3014/1119/3102 2688/1119/3102
f 2686/1119/3103 3018/1119/3103 3016/1119/3103 2687/1119/3103
f 2685/1119/3104 3020/1119/3104 3018/1119/3104 2686/1119/3104
f 2748/1119/3105 3022/1119/3105 3020/1119/3105 2685/1119/3105
f 2756/1119/3106 3024/1119/3106 3022/1119/3106 2748/1119/3106
f 2764/1119/3107 3026/1119/3107 3024/1119/3107 2756/1119/3107
f 2772/1119/3108 3028/1119/3108 3026/1119/3108 2764/1119/3108
f 2839/1119/3109 3030/1119/3109 3028/1119/3109 2772/1119/3109
f 2847/1119/3110 3032/1119/3110 3030/1119/3110 2839/1119/3110
f 3033/1119/3111 3032/1119/3111 3034/1119/3111 3035/1119/3111
f 3035/1119/3112 3034/1119/3112 3036/1119/3112 3037/1119/3112
f 3037/1119/3113 3036/1119/3113 3038/1119/3113 3039/1119/3113
f 3039/1119/3114 3038/1119/3114 3040/1119/3114 3041/1119/3114
f 3041/1119/3115 3040/1119/3115 3042/1119/3115 3043/1119/3115
f 3043/1119/3116 3042/1119/3116 3044/1119/3116 3045/1119/3116
f 2990/1119/3117 3044/1119/3117 3042/1119/3117 2988/1119/3117
f 2988/1119/3118 3042/1119/3118 3040/1119/3118 2974/1119/3118
f 2974/1119/3119 3040/1119/3119 3038/1119/3119 2975/1119/3119
f 2975/1119/3120 3038/1119/3120 3036/1119/3120 2863/1119/3120
f 2863/1119/3121 3036/1119/3121 3034/1119/3121 2855/1119/3121
f 2855/1119/3122 3034/1119/3122 3032/1119/3122 2847/1119/3122
f 2986/1119/3123 2995/1119/3123 2997/1119/3123 2989/1119/3123
f 3043/1119/3124 3045/1119/3124 3049/1119/3124 3048/1119/3124
f 2990/1119/3125 2989/1119/3125 3046/1119/3125 3044/1119/3125
f 3045/1119/3126 3044/1119/3126 3046/1119/3126 3047/1119/3126
f 2999/1119/3127 3046/1119/3127 2989/1119/3127 2997/1119/3127
f 3001/1119/3128 3047/1119/3128 3046/1119/3128 2999/1119/3128
f 3045/1119/3129 3047/1119/3129 3001/1119/3129 3049/1119/3129
f 3003/1119/3130 3048/1119/3130 3049/1119/3130 3001/1119/3130
f 3050/1119/3131 3048/1119/3131 3003/1119/3131 3005/1119/3131
f 3048/1119/3132 3050/1119/3132 3052/1119/3132 3051/1119/3132
f 3051/1119/3133 3052/1119/3133 3054/1119/3133 3053/1119/3133
f 3053/1119/3134 3054/1119/3134 3056/1119/3134 3055/1119/3134
f 3043/1119/3135 3048/1119/3135 3051/1119/3135 3041/1119/3135
f 3041/1119/3136 3051/1119/3136 3053/1119/3136 3039/1119/3136
f 3039/1119/3137 3053/1119/3137 3055/1119/3137 3037/1119/3137
f 3055/1119/3138 3056/1119/3138 3058/1119/3138 3057/1119/3138
f 3057/1119/3139 3058/1119/3139 3060/1119/3139 3059/1119/3139
f 3059/1119/3140 3060/1119/3140 3062/1119/3140 3061/1119/3140
f 3061/1119/3141 3062/1119/3141 3064/1119/3141 3063/1119/3141
f 3063/1119/3142 3064/1119/3142 3066/1119/3142 3065/1119/3142
f 3065/1119/3143 3066/1119/3143 3068/1119/3143 3067/1119/3143
f 3067/1119/3144 3068/1119/3144 3070/1119/3144 3069/1119/3144
f 3069/1119/3145 3070/1119/3145 3072/1119/3145 3071/1119/3145
f 3071/1119/3146 3072/1119/3146 3074/1119/3146 3073/1119/3146
f 3073/1119/3147 3074/1119/3147 3076/1119/3147 3075/1119/3147
f 3075/1119/3148 3076/1119/3148 3078/1119/3148 3077/1119/3148
f 3077/1119/3149 3078/1119/3149 3080/1119/3149 3079/1119/3149
f 3079/1119/3150 3080/1119/3150 3082/1119/3150 3081/1119/3150
f 3081/1119/3151 3082/1119/3151 3084/1119/3151 3083/1119/3151
f 3083/1119/3152 3084/1119/3152 3086/1119/3152 3085/1119/3152
f 3085/1119/3153 3086/1119/3153 3088/1119/3153 3087/1119/3153
f 3087/1119/3154 3088/1119/3154 3090/1119/3154 3089/1119/3154
f 3081/1119/3155 3083/1119/3155 3098/1119/3155 3097/1119/3155
f 3079/1119/3156 3081/1119/3156 3097/1119/3156 3096/1119/3156
f 3077/1119/3157 3079/1119/3157 3096/1119/3157 3095/1119/3157
f 3075/1119/3158 3077/1119/3158 3095/1119/3158 3094/1119/3158
f 3073/1119/3159 3075/1119/3159 3094/1119/3159 3093/1119/3159
f 3071/1119/3160 3073/1119/3160 3093/1119/3160 3092/1119/3160
f 3087/1119/3161 3089/1119/3161 3101/1119/3161 3100/1119/3161
f 3069/1119/3162 3071/1119/3162 3092/1119/3162 3091/1119/3162
f 3085/1119/3163 3087/1119/3163 3100/1119/3163 3099/1119/3163
f 3083/1119/3164 3085/1119/3164 3099/1119/3164 3098/1119/3164
f 3097/1119/3165 3098/1119/3165 3109/1119/3165 3108/1119/3165
f 3094/1119/3166 3095/1119/3166 3106/1119/3166 3105/1119/3166
f 3091/1119/3167 3092/1119/3167 3103/1119/3167 3102/1119/3167
f 3098/1119/3168 3099/1119/3168 3207/1119/3168 3110/1119/3168 3109/1119/3168
f 3095/1119/3169 3096/1119/3169 3107/1119/3169 3106/1119/3169
f 3092/1119/3170 3093/1119/3170 3104/1119/3170 3103/1119/3170
f 3207/1119/3171 3208/1119/3171 3111/1119/3171 3110/1119/3171
f 3096/1119/3172 3097/1119/3172 3108/1119/3172 3107/1119/3172
f 3093/1119/3173 3094/1119/3173 3105/1119/3173 3104/1119/3173
f 3208/1119/3174 3209/1119/3174 3112/1119/3174 3111/1119/3174
f 2739/1119/3175 3111/1119/3175 3112/1119/3175 2738/1119/3175
f 2737/1119/3176 3111/1119/3176 2739/1119/3176 2740/1119/3176
f 2736/1119/3177 3110/1119/3177 3111/1119/3177 2737/1119/3177
f 2736/1119/3178 2735/1119/3178 3110/1119/3178
f 2734/1119/3179 3109/1119/3179 3110/1119/3179 2735/1119/3179
f 2871/1119/3180 3109/1119/3180 2734/1119/3180
f 2870/1119/3181 3108/1119/3181 3109/1119/3181 2871/1119/3181
f 3108/1119/3182 2870/1119/3182 3107/1119/3182
f 2870/1119/3183 3009/1119/3183 3107/1119/3183
f 3011/1119/3184 3106/1119/3184 3107/1119/3184 3009/1119/3184
f 3013/1119/3185 3105/1119/3185 3106/1119/3185 3011/1119/3185
f 3015/1119/3186 3104/1119/3186 3105/1119/3186 3013/1119/3186
f 3017/1119/3187 3103/1119/3187 3104/1119/3187 3015/1119/3187
f 3019/1119/3188 3102/1119/3188 3103/1119/3188 3017/1119/3188
f 3019/1119/3189 3021/1119/3189 3102/1119/3189
f 3023/1119/3190 3091/1119/3190 3102/1119/3190 3021/1119/3190
f 3069/1119/3191 3091/1119/3191 3023/1119/3191 3067/1119/3191
f 3025/1119/3192 3065/1119/3192 3067/1119/3192 3023/1119/3192
f 3027/1119/3193 3063/1119/3193 3065/1119/3193 3025/1119/3193
f 3029/1119/3194 3061/1119/3194 3063/1119/3194 3027/1119/3194
f 3031/1119/3195 3059/1119/3195 3061/1119/3195 3029/1119/3195
f 3033/1119/3196 3057/1119/3196 3059/1119/3196 3031/1119/3196
f 3035/1119/3197 3055/1119/3197 3057/1119/3197 3033/1119/3197
f 3035/1119/3198 3037/1119/3198 3055/1119/3198
f 2046/1119/3199 3113/1119/3199 3116/1119/3199 2089/1119/3199
f 2033/1119/3200 2089/1119/3200 3116/1119/3200 3115/1119/3200 2031/1119/3200
f 2031/1119/3201 3115/1119/3201 3114/1119/3201 2045/1119/3201 2042/1119/3201
f 2382/1119/3202 2381/1119/3202 2154/1119/3202 2156/1119/3202
f 2380/1119/3203 2152/1119/3203 2154/1119/3203 2381/1119/3203
f 2140/1119/3204 2142/1119/3204 3126/1119/3204 3124/1119/3204
f 2380/1119/3205 2381/1119/3205 3141/1119/3205 3140/1119/3205
f 2375/1119/3206 2374/1119/3206 3134/1119/3206 3135/1119/3206
f 2372/1119/3207 2371/1119/3207 3131/1119/3207 3132/1119/3207
f 3137/1119/3208 3136/1119/3208 3154/1119/3208 3155/1119/3208
f 2144/1119/3209 2146/1119/3209 3128/1119/3209 3127/1119/3209
f 2374/1119/3210 2373/1119/3210 3133/1119/3210 3134/1119/3210
f 2373/1119/3211 2372/1119/3211 3132/1119/3211 3133/1119/3211
f 2148/1119/3212 2150/1119/3212 3130/1119/3212 3129/1119/3212
f 2138/1119/3213 2140/1119/3213 3124/1119/3213 3125/1119/3213
f 2152/1119/3214 3120/1119/3214 2149/1119/3214 2151/1119/3214
f 3117/1119/3215 3118/1119/3215 2139/1119/3215 2141/1119/3215
f 3123/1119/3216 3117/1119/3216 2141/1119/3216 2143/1119/3216
f 3122/1119/3217 3123/1119/3217 2143/1119/3217 2145/1119/3217
f 3119/1119/3218 2136/1119/3218 2135/1119/3218 2137/1119/3218
f 3121/1119/3219 3122/1119/3219 2145/1119/3219 2147/1119/3219
f 3118/1119/3220 3119/1119/3220 2137/1119/3220 2139/1119/3220
f 3120/1119/3221 3121/1119/3221 2147/1119/3221 2149/1119/3221
f 2150/1119/3222 3120/1119/3222 2152/1119/3222 2380/1119/3222
f 2381/1119/3223 2382/1119/3223 3141/1119/3223
f 3130/1119/3224 3140/1119/3224 3159/1119/3224 3148/1119/3224
f 3127/1119/3225 3128/1119/3225 3146/1119/3225 3145/1119/3225
f 3140/1119/3226 3141/1119/3226 3158/1119/3226 3159/1119/3226
f 3126/1119/3227 3127/1119/3227 3145/1119/3227 3144/1119/3227
f 3135/1119/3228 3134/1119/3228 3152/1119/3228 3153/1119/3228
f 3139/1119/3229 3125/1119/3229 3143/1119/3229 3157/1119/3229
f 3124/1119/3230 3126/1119/3230 3144/1119/3230 3142/1119/3230
f 2375/1119/3231 3135/1119/3231 2376/1119/3231
f 2150/1119/3232 2380/1119/3232 3140/1119/3232 3130/1119/3232
f 2378/1119/3233 2377/1119/3233 3136/1119/3233 3137/1119/3233
f 2146/1119/3234 2148/1119/3234 3129/1119/3234 3128/1119/3234
f 2377/1119/3235 2379/1119/3235 3138/1119/3235 3136/1119/3235
f 2142/1119/3236 2144/1119/3236 3127/1119/3236 3126/1119/3236
f 2371/1119/3237 2378/1119/3237 3137/1119/3237 3131/1119/3237
f 2369/1119/3238 2138/1119/3238 3125/1119/3238 3139/1119/3238
f 2379/1119/3239 2369/1119/3239 3139/1119/3239 3138/1119/3239
f 3151/1119/3240 3159/1119/3240 3158/1119/3240 3153/1119/3240 3152/1119/3240
f 3151/1119/3241 3150/1119/3241 3148/1119/3241 3159/1119/3241
f 3148/1119/3242 3150/1119/3242 3149/1119/3242 3147/1119/3242
f 3146/1119/3243 3147/1119/3243 3149/1119/3243 3155/1119/3243
f 3145/1119/3244 3146/1119/3244 3155/1119/3244
f 3145/1119/3245 3155/1119/3245 3154/1119/3245 3144/1119/3245
f 3142/1119/3246 3144/1119/3246 3154/1119/3246 3156/1119/3246
f 3142/1119/3247 3156/1119/3247 3157/1119/3247 3143/1119/3247
f 3128/1119/3248 3129/1119/3248 3147/1119/3248 3146/1119/3248
f 3136/1119/3249 3138/1119/3249 3156/1119/3249 3154/1119/3249
f 3129/1119/3250 3130/1119/3250 3148/1119/3250 3147/1119/3250
f 3131/1119/3251 3137/1119/3251 3155/1119/3251 3149/1119/3251
f 3132/1119/3252 3131/1119/3252 3149/1119/3252 3150/1119/3252
f 3138/1119/3253 3139/1119/3253 3157/1119/3253 3156/1119/3253
f 3133/1119/3254 3132/1119/3254 3150/1119/3254 3151/1119/3254
f 3125/1119/3255 3124/1119/3255 3142/1119/3255 3143/1119/3255
f 3134/1119/3256 3133/1119/3256 3151/1119/3256 3152/1119/3256
f 3070/1119/3257 3068/1119/3257 3171/1119/3257 3172/1119/3257
f 3080/1119/3258 3078/1119/3258 3176/1119/3258 3177/1119/3258
f 3090/1119/3259 3088/1119/3259 3181/1119/3259 3182/1119/3259
f 3005/1119/3260 3004/1119/3260 3160/1119/3260 3161/1119/3260
f 3066/1119/3261 3064/1119/3261 3169/1119/3261 3170/1119/3261
f 3076/1119/3262 3074/1119/3262 3174/1119/3262 3175/1119/3262
f 3086/1119/3263 3084/1119/3263 3179/1119/3263 3180/1119/3263
f 3054/1119/3264 3052/1119/3264 3163/1119/3264 3164/1119/3264
f 3062/1119/3265 3060/1119/3265 3167/1119/3265 3168/1119/3265
f 3072/1119/3266 3070/1119/3266 3172/1119/3266 3173/1119/3266
f 3082/1119/3267 3080/1119/3267 3177/1119/3267 3178/1119/3267
f 3050/1119/3268 3005/1119/3268 3161/1119/3268 3162/1119/3268
f 3058/1119/3269 3056/1119/3269 3165/1119/3269 3166/1119/3269
f 3068/1119/3270 3066/1119/3270 3170/1119/3270 3171/1119/3270
f 3078/1119/3271 3076/1119/3271 3175/1119/3271 3176/1119/3271
f 3088/1119/3272 3086/1119/3272 3180/1119/3272 3181/1119/3272
f 3056/1119/3273 3054/1119/3273 3164/1119/3273 3165/1119/3273
f 3064/1119/3274 3062/1119/3274 3168/1119/3274 3169/1119/3274
f 3074/1119/3275 3072/1119/3275 3173/1119/3275 3174/1119/3275
f 3084/1119/3276 3082/1119/3276 3178/1119/3276 3179/1119/3276
f 3174/1119/3277 3173/1119/3277 3196/1119/3277 3197/1119/3277
f 3161/1119/3278 3160/1119/3278 3183/1119/3278 3184/1119/3278
f 3167/1119/3279 3166/1119/3279 3189/1119/3279 3190/1119/3279
f 3182/1119/3280 3181/1119/3280 3204/1119/3280 3205/1119/3280
f 3175/1119/3281 3174/1119/3281 3197/1119/3281 3198/1119/3281
f 3162/1119/3282 3161/1119/3282 3184/1119/3282 3185/1119/3282
f 3168/1119/3283 3167/1119/3283 3190/1119/3283 3191/1119/3283
f 3176/1119/3284 3175/1119/3284 3198/1119/3284 3199/1119/3284
f 3169/1119/3285 3168/1119/3285 3191/1119/3285 3192/1119/3285
f 3177/1119/3286 3176/1119/3286 3199/1119/3286 3200/1119/3286
f 3170/1119/3287 3169/1119/3287 3192/1119/3287 3193/1119/3287
f 3163/1119/3288 3162/1119/3288 3185/1119/3288 3186/1119/3288
f 3178/1119/3289 3177/1119/3289 3200/1119/3289 3201/1119/3289
f 3171/1119/3290 3170/1119/3290 3193/1119/3290 3194/1119/3290
f 3164/1119/3291 3163/1119/3291 3186/1119/3291 3187/1119/3291
f 3179/1119/3292 3178/1119/3292 3201/1119/3292 3202/1119/3292
f 3172/1119/3293 3171/1119/3293 3194/1119/3293 3195/1119/3293
f 3165/1119/3294 3164/1119/3294 3187/1119/3294 3188/1119/3294
f 3180/1119/3295 3179/1119/3295 3202/1119/3295 3203/1119/3295
f 3173/1119/3296 3172/1119/3296 3195/1119/3296 3196/1119/3296
f 3166/1119/3297 3165/1119/3297 3188/1119/3297 3189/1119/3297
f 3181/1119/3298 3180/1119/3298 3203/1119/3298 3204/1119/3298
f 2047/1119/3299 3113/1119/3299 2007/1119/3299
f 3206/1119/3300 2047/1119/3300 2007/1119/3300 2043/1119/3300
f 3114/1119/3301 3206/1119/3301 2044/1119/3301 2045/1119/3301
f 1999/1119/3302 2000/1119/3302 1932/1119/3302 2874/1119/3302
f 3100/1119/3303 3101/1119/3303 3209/1119/3303 3208/1119/3303
f 3099/1119/3304 3100/1119/3304 3208/1119/3304 3207/1119/3304
f 1933/1119/3305 1932/1119/3305 4126/1119/3305 4129/1119/3305
f 3211/1119/3306 3213/1119/3306 3212/1119/3306 3210/1119/3306 4128/1119/3306
f 3213/1119/3307 3215/1119/3307 3214/1119/3307 3212/1119/3307
f 3215/1119/3308 3217/1119/3308 3216/1119/3308 3214/1119/3308
f 3217/1119/3309 3449/1119/3309 3220/1119/3309 3219/1119/3309 3216/1119/3309
f 3220/1119/3310 3448/1119/3310 3222/1119/3310 3221/1119/3310 3219/1119/3310
f 3222/1119/3311 3445/1119/3311 3224/1119/3311 3223/1119/3311 3221/1119/3311
f 3224/1119/3312 3226/1119/3312 3225/1119/3312 3223/1119/3312
f 3226/1119/3313 3228/1119/3313 3227/1119/3313 3225/1119/3313
f 3228/1119/3314 3230/1119/3314 3229/1119/3314 3227/1119/3314
f 3230/1119/3315 3232/1119/3315 3231/1119/3315 3229/1119/3315
f 3232/1119/3316 3234/1119/3316 3233/1119/3316 3231/1119/3316
f 3234/1119/3317 3236/1119/3317 3235/1119/3317 3233/1119/3317
f 3236/1119/3318 3238/1119/3318 3237/1119/3318 3235/1119/3318
f 3238/1119/3319 3240/1119/3319 3239/1119/3319 3237/1119/3319
f 3240/1119/3320 3242/1119/3320 3241/1119/3320 3239/1119/3320
f 3242/1119/3321 3244/1119/3321 3243/1119/3321 3241/1119/3321
f 3244/1119/3322 3246/1119/3322 3245/1119/3322 3243/1119/3322
f 3246/1119/3323 3248/1119/3323 3247/1119/3323 3245/1119/3323
f 3248/1119/3324 3250/1119/3324 3249/1119/3324 3247/1119/3324
f 3250/1119/3325 3252/1119/3325 3251/1119/3325 3249/1119/3325
f 3252/1119/3326 3254/1119/3326 3253/1119/3326 3251/1119/3326
f 3254/1119/3327 3256/1119/3327 3255/1119/3327 3253/1119/3327
f 3256/1119/3328 3258/1119/3328 3257/1119/3328 3255/1119/3328
f 3258/1119/3329 3260/1119/3329 3259/1119/3329 3257/1119/3329
f 3260/1119/3330 3262/1119/3330 3261/1119/3330 3259/1119/3330
f 3262/1119/3331 3264/1119/3331 3263/1119/3331 3261/1119/3331
f 3264/1119/3332 3266/1119/3332 3265/1119/3332 3263/1119/3332
f 3266/1119/3333 3268/1119/3333 3267/1119/3333 3265/1119/3333
f 3215/1119/3334 3213/1119/3334 3290/1119/3334 3267/1119/3334 3268/1119/3334
f 3224/1119/3335 3446/1119/3335 3269/1119/3335 3270/1119/3335 3226/1119/3335
f 3269/1119/3336 3447/1119/3336 3271/1119/3336 3272/1119/3336 3270/1119/3336
f 3248/1119/3337 3273/1119/3337 3274/1119/3337 3250/1119/3337
f 3273/1119/3338 3275/1119/3338 3276/1119/3338 3274/1119/3338
f 3272/1119/3339 3271/1119/3339 3276/1119/3339 3275/1119/3339
f 2000/1119/3340 2002/1119/3340 3278/1119/3340 3277/1119/3340
f 2002/1119/3341 2004/1119/3341 3279/1119/3341 3278/1119/3341
f 2004/1119/3342 2006/1119/3342 3280/1119/3342 3279/1119/3342
f 2006/1119/3343 3282/1119/3343 3281/1119/3343 3280/1119/3343
f 3282/1119/3344 3284/1119/3344 3283/1119/3344 3281/1119/3344
f 3284/1119/3345 2012/1119/3345 3285/1119/3345 3283/1119/3345
f 2012/1119/3346 2014/1119/3346 3286/1119/3346 3285/1119/3346
f 2014/1119/3347 2016/1119/3347 3287/1119/3347 3286/1119/3347
f 2016/1119/3348 2018/1119/3348 3288/1119/3348 3287/1119/3348
f 2018/1119/3349 2020/1119/3349 3289/1119/3349 3288/1119/3349
f 3213/1119/3350 3211/1119/3350 3277/1119/3350 3278/1119/3350 3291/1119/3350
f 3267/1119/3351 3290/1119/3351 3292/1119/3351
f 3267/1119/3352 3292/1119/3352 3293/1119/3352 3265/1119/3352
f 3292/1119/3353 3291/1119/3353 3278/1119/3353
f 3290/1119/3354 3291/1119/3354 3292/1119/3354
f 3290/1119/3355 3213/1119/3355 3291/1119/3355
f 3278/1119/3356 3279/1119/3356 3294/1119/3356 3292/1119/3356
f 3292/1119/3357 3294/1119/3357 3293/1119/3357
f 3294/1119/3358 3279/1119/3358 3295/1119/3358
f 3294/1119/3359 3295/1119/3359 3293/1119/3359
f 3293/1119/3360 3295/1119/3360 3265/1119/3360
f 3265/1119/3361 3295/1119/3361 3296/1119/3361 3263/1119/3361
f 3279/1119/3362 3280/1119/3362 3307/1119/3362 3297/1119/3362 3295/1119/3362
f 3295/1119/3363 3297/1119/3363 3296/1119/3363
f 3297/1119/3364 3307/1119/3364 3308/1119/3364
f 3297/1119/3365 3308/1119/3365 3298/1119/3365 3296/1119/3365
f 3296/1119/3366 3298/1119/3366 3263/1119/3366
f 3263/1119/3367 3298/1119/3367 3301/1119/3367 3261/1119/3367
f 3305/1119/3368 3302/1119/3368 3299/1119/3368 3304/1119/3368
f 3303/1119/3369 3300/1119/3369 3302/1119/3369 3305/1119/3369
f 3298/1119/3370 3303/1119/3370 3305/1119/3370 3301/1119/3370
f 3301/1119/3371 3305/1119/3371 3304/1119/3371 3261/1119/3371
f 3307/1119/3372 3280/1119/3372 3309/1119/3372 3306/1119/3372
f 3307/1119/3373 3306/1119/3373 3308/1119/3373
f 3308/1119/3374 3306/1119/3374 3298/1119/3374
f 3298/1119/3375 3306/1119/3375 3310/1119/3375 3303/1119/3375
f 3306/1119/3376 3309/1119/3376 3310/1119/3376
f 3309/1119/3377 3280/1119/3377 3311/1119/3377
f 3309/1119/3378 3311/1119/3378 3310/1119/3378
f 3310/1119/3379 3311/1119/3379 3303/1119/3379
f 3303/1119/3380 3311/1119/3380 3300/1119/3380
f 3311/1119/2125 3313/1119/2125 4441/1119/2125 3312/1119/2125 3281/1119/2125
f 3315/1119/3381 4356/1119/3381 3281/1119/3381
f 3311/1119/3382 3280/1119/3382 3312/1119/3382 4441/1119/3382 3313/1119/3382
f 3283/1119/3383 3315/1119/3383 3281/1119/3383
f 4356/1119/3384 3316/1119/3384 4357/1119/3384
f 3299/1119/3385 3318/1119/3385 3317/1119/3385 3304/1119/3385
f 3318/1119/3386 3320/1119/3386 3319/1119/3386 3317/1119/3386
f 3320/1119/3387 3322/1119/3387 3321/1119/3387 3319/1119/3387
f 3322/1119/3388 3324/1119/3388 3323/1119/3388 3321/1119/3388
f 3324/1119/3389 3326/1119/3389 3325/1119/3389 3323/1119/3389
f 3326/1119/3390 3328/1119/3390 3327/1119/3390 3325/1119/3390
f 3328/1119/3391 3330/1119/3391 3329/1119/3391 3327/1119/3391
f 3259/1119/3392 3261/1119/3392 3304/1119/3392 3317/1119/3392
f 3319/1119/3393 3321/1119/3393 3259/1119/3393 3317/1119/3393
f 3330/1119/3394 3332/1119/3394 3331/1119/3394 3329/1119/3394
f 3257/1119/3395 3259/1119/3395 3321/1119/3395 3323/1119/3395
f 3325/1119/3396 3257/1119/3396 3323/1119/3396
f 3255/1119/3397 3257/1119/3397 3325/1119/3397 3327/1119/3397
f 3332/1119/3398 3334/1119/3398 3333/1119/3398 3331/1119/3398
f 3334/1119/3399 3336/1119/3399 3335/1119/3399 3333/1119/3399
f 3336/1119/3400 3338/1119/3400 3337/1119/3400 3335/1119/3400
f 3253/1119/3401 3255/1119/3401 3327/1119/3401 3329/1119/3401
f 3251/1119/3402 3253/1119/3402 3329/1119/3402 3331/1119/3402
f 3249/1119/3403 3251/1119/3403 3331/1119/3403 3333/1119/3403
f 3247/1119/3404 3249/1119/3404 3333/1119/3404 3335/1119/3404
f 3245/1119/3405 3247/1119/3405 3335/1119/3405 3337/1119/3405
f 3338/1119/3406 3340/1119/3406 3339/1119/3406 3337/1119/3406
f 3340/1119/3407 3342/1119/3407 3341/1119/3407 3339/1119/3407
f 3336/1119/3408 3353/1119/3408 3354/1119/3408 3338/1119/3408
f 3320/1119/3409 3345/1119/3409 3346/1119/3409 3322/1119/3409
f 3338/1119/3410 3354/1119/3410 3355/1119/3410 3340/1119/3410
f 3330/1119/3411 3350/1119/3411 3351/1119/3411 3332/1119/3411
f 3332/1119/3412 3351/1119/3412 3352/1119/3412 3334/1119/3412
f 3299/1119/3413 3343/1119/3413 3344/1119/3413 3318/1119/3413
f 3326/1119/3414 3348/1119/3414 3349/1119/3414 3328/1119/3414
f 3340/1119/3415 3355/1119/3415 3356/1119/3415 3342/1119/3415
f 3322/1119/3416 3346/1119/3416 3347/1119/3416 3324/1119/3416
f 3334/1119/3417 3352/1119/3417 3353/1119/3417 3336/1119/3417
f 3318/1119/3418 3344/1119/3418 3345/1119/3418 3320/1119/3418
f 3328/1119/3419 3349/1119/3419 3350/1119/3419 3330/1119/3419
f 3324/1119/3420 3347/1119/3420 3348/1119/3420 3326/1119/3420
f 4357/1119/3421 3316/1119/3421 4441/1119/3421
f 4357/1119/3422 4358/1119/3422 4359/1119/3422
f 3283/1119/3423 3285/1119/3423 3315/1119/3423
f 3315/1119/3424 3285/1119/3424 3357/1119/3424 3302/1119/3424 3358/1119/3424
f 3302/1119/3425 3357/1119/3425 3343/1119/3425 3299/1119/3425
f 4359/1119/3426 4356/1119/3426 4357/1119/3426
f 3243/1119/3427 3245/1119/3427 3337/1119/3427 3339/1119/3427
f 3241/1119/3428 3243/1119/3428 3339/1119/3428 3341/1119/3428
f 3356/1119/3429 3361/1119/3429 3360/1119/3429 3342/1119/3429
f 3342/1119/3430 3360/1119/3430 3359/1119/3430 3341/1119/3430
f 3354/1119/3431 3364/1119/3431 3365/1119/3431 3355/1119/3431
f 3353/1119/3432 3363/1119/3432 3364/1119/3432 3354/1119/3432
f 3352/1119/3433 3362/1119/3433 3363/1119/3433 3353/1119/3433
f 3364/1119/3434 3368/1119/3434 3369/1119/3434 3365/1119/3434
f 3363/1119/3435 3367/1119/3435 3368/1119/3435 3364/1119/3435
f 3362/1119/3436 3366/1119/3436 3367/1119/3436 3363/1119/3436
f 3368/1119/3437 3372/1119/3437 3373/1119/3437 3369/1119/3437
f 3367/1119/3438 3371/1119/3438 3372/1119/3438 3368/1119/3438
f 3366/1119/3439 3370/1119/3439 3371/1119/3439 3367/1119/3439
f 3366/1119/3440 3374/1119/3440 3375/1119/3440 3370/1119/3440
f 3374/1119/3441 3376/1119/3441 3377/1119/3441 3375/1119/3441
f 3376/1119/3442 3378/1119/3442 3379/1119/3442 3377/1119/3442
f 3378/1119/3443 3380/1119/3443 3381/1119/3443 3379/1119/3443
f 3380/1119/3444 3382/1119/3444 3383/1119/3444 3381/1119/3444
f 3375/1119/3445 3385/1119/3445 3384/1119/3445 3370/1119/3445
f 3385/1119/3446 3387/1119/3446 3386/1119/3446 3384/1119/3446
f 3387/1119/3447 3389/1119/3447 3388/1119/3447 3386/1119/3447
f 3389/1119/3448 3391/1119/3448 3390/1119/3448 3388/1119/3448
f 3391/1119/3449 3393/1119/3449 3392/1119/3449 3390/1119/3449
f 3393/1119/3450 3395/1119/3450 3394/1119/3450 3392/1119/3450
f 3395/1119/3451 3397/1119/3451 3396/1119/3451 3394/1119/3451
f 3397/1119/3452 3399/1119/3452 3398/1119/3452 3396/1119/3452
f 3399/1119/3453 3401/1119/3453 3400/1119/3453 3398/1119/3453
f 3401/1119/3454 3403/1119/3454 3402/1119/3454 3400/1119/3454
f 3403/1119/3455 3405/1119/3455 3404/1119/3455 3402/1119/3455
f 3405/1119/3456 3407/1119/3456 4362/1119/3456
f 3407/1119/3457 3409/1119/3457 4361/1119/3457 4362/1119/3457
f 3409/1119/3458 3411/1119/3458 4360/1119/3458 4361/1119/3458
f 3411/1119/3459 3413/1119/3459 4366/1119/3459 4360/1119/3459
f 3413/1119/3460 3415/1119/3460 4365/1119/3460 4366/1119/3460
f 3415/1119/3461 3417/1119/3461 4364/1119/3461 4365/1119/3461
f 3417/1119/3462 3419/1119/3462 4363/1119/3462 4364/1119/3462
f 3421/1119/3463 3423/1119/3463 3422/1119/3463 3420/1119/3463
f 3423/1119/3464 2156/1119/3464 3424/1119/3464 3422/1119/3464
f 3285/1119/3465 3425/1119/3465 3426/1119/3465 3357/1119/3465
f 3425/1119/3466 3427/1119/3466 3428/1119/3466 3426/1119/3466
f 3427/1119/3467 3429/1119/3467 3430/1119/3467 3428/1119/3467
f 3429/1119/3468 3431/1119/3468 3432/1119/3468 3430/1119/3468
f 3343/1119/3469 3357/1119/3469 3426/1119/3469 3428/1119/3469
f 3344/1119/3470 3343/1119/3470 3428/1119/3470 3430/1119/3470
f 3345/1119/3471 3344/1119/3471 3430/1119/3471 3432/1119/3471
f 3431/1119/3472 3433/1119/3472 3434/1119/3472 3432/1119/3472
f 3433/1119/3473 3435/1119/3473 3436/1119/3473 3434/1119/3473
f 3435/1119/3474 3437/1119/3474 3438/1119/3474 3436/1119/3474
f 3437/1119/3475 3439/1119/3475 3440/1119/3475 3438/1119/3475
f 3439/1119/3476 3441/1119/3476 3442/1119/3476 3440/1119/3476
f 3441/1119/3477 3443/1119/3477 3444/1119/3477 3442/1119/3477
f 3366/1119/3478 3362/1119/3478 3444/1119/3478 3443/1119/3478
f 3351/1119/3479 3444/1119/3479 3362/1119/3479 3352/1119/3479
f 3351/1119/3480 3350/1119/3480 3442/1119/3480 3444/1119/3480
f 3350/1119/3481 3349/1119/3481 3440/1119/3481 3442/1119/3481
f 3349/1119/3482 3348/1119/3482 3438/1119/3482 3440/1119/3482
f 3348/1119/3483 3347/1119/3483 3436/1119/3483 3438/1119/3483
f 3347/1119/3484 3346/1119/3484 3434/1119/3484 3436/1119/3484
f 3346/1119/3485 3345/1119/3485 3432/1119/3485 3434/1119/3485
f 3250/1119/3486 3274/1119/3486 3252/1119/3486
f 3254/1119/3487 3456/1119/3487 3457/1119/3487 3256/1119/3487
f 3445/1119/3488 3468/1119/3488 3454/1119/3488 3224/1119/3488
f 3264/1119/3489 3461/1119/3489 3462/1119/3489 3266/1119/3489
f 3220/1119/3490 3452/1119/3490 3471/1119/3490 3448/1119/3490
f 3224/1119/3491 3454/1119/3491 3469/1119/3491 3446/1119/3491
f 3446/1119/3492 3469/1119/3492 3464/1119/3492 3269/1119/3492
f 3260/1119/3493 3459/1119/3493 3460/1119/3493 3262/1119/3493
f 3447/1119/3494 3470/1119/3494 3465/1119/3494 3271/1119/3494
f 3215/1119/3495 3450/1119/3495 3451/1119/3495 3217/1119/3495
f 3256/1119/3496 3457/1119/3496 3458/1119/3496 3258/1119/3496
f 3448/1119/3497 3471/1119/3497 3453/1119/3497 3222/1119/3497
f 3266/1119/3498 3462/1119/3498 3463/1119/3498 3268/1119/3498
f 3276/1119/3499 3467/1119/3499 3466/1119/3499 3274/1119/3499
f 3269/1119/3500 3464/1119/3500 3470/1119/3500 3447/1119/3500
f 3222/1119/3501 3453/1119/3501 3468/1119/3501 3445/1119/3501
f 3449/1119/3502 3472/1119/3502 3452/1119/3502 3220/1119/3502
f 3252/1119/3503 3455/1119/3503 3456/1119/3503 3254/1119/3503
f 3262/1119/3504 3460/1119/3504 3461/1119/3504 3264/1119/3504
f 3217/1119/3505 3451/1119/3505 3472/1119/3505 3449/1119/3505
f 3268/1119/3506 3463/1119/3506 3450/1119/3506 3215/1119/3506
f 3271/1119/3507 3465/1119/3507 3467/1119/3507 3276/1119/3507
f 3274/1119/3508 3466/1119/3508 3455/1119/3508 3252/1119/3508
f 3258/1119/3509 3458/1119/3509 3459/1119/3509 3260/1119/3509
f 3454/1119/3510 3468/1119/3510 3469/1119/3510
f 3452/1119/3511 3475/1119/3511 3493/1119/3511 3471/1119/3511
f 3466/1119/3512 3488/1119/3512 3477/1119/3512 3455/1119/3512
f 3468/1119/3513 3490/1119/3513 3491/1119/3513 3469/1119/3513
f 3461/1119/3514 3483/1119/3514 3484/1119/3514 3462/1119/3514
f 3453/1119/3515 3476/1119/3515 3490/1119/3515 3468/1119/3515
f 3462/1119/3516 3484/1119/3516 3485/1119/3516 3463/1119/3516
f 3455/1119/3517 3477/1119/3517 3478/1119/3517 3456/1119/3517
f 3469/1119/3518 3491/1119/3518 3486/1119/3518 3464/1119/3518
f 3463/1119/3519 3485/1119/3519 3473/1119/3519 3450/1119/3519
f 3456/1119/3520 3478/1119/3520 3479/1119/3520 3457/1119/3520
f 3470/1119/3521 3492/1119/3521 3487/1119/3521 3465/1119/3521
f 3457/1119/3522 3479/1119/3522 3480/1119/3522 3458/1119/3522
f 3471/1119/3523 3493/1119/3523 3476/1119/3523 3453/1119/3523
f 3464/1119/3524 3486/1119/3524 3492/1119/3524 3470/1119/3524
f 3458/1119/3525 3480/1119/3525 3481/1119/3525 3459/1119/3525
f 3472/1119/3526 3494/1119/3526 3475/1119/3526 3452/1119/3526
f 3467/1119/3527 3489/1119/3527 3488/1119/3527 3466/1119/3527
f 3459/1119/3528 3481/1119/3528 3482/1119/3528 3460/1119/3528
f 3451/1119/3529 3474/1119/3529 3494/1119/3529 3472/1119/3529
f 3450/1119/3530 3473/1119/3530 3474/1119/3530 3451/1119/3530
f 3465/1119/3531 3487/1119/3531 3489/1119/3531 3467/1119/3531
f 3460/1119/3532 3482/1119/3532 3483/1119/3532 3461/1119/3532
f 3489/1119/3533 3511/1119/3533 3510/1119/3533 3488/1119/3533
f 3480/1119/3534 3502/1119/3534 3503/1119/3534 3481/1119/3534
f 3490/1119/3535 3512/1119/3535 3513/1119/3535 3491/1119/3535
f 3487/1119/3536 3509/1119/3536 3511/1119/3536 3489/1119/3536
f 3481/1119/3537 3503/1119/3537 3504/1119/3537 3482/1119/3537
f 3473/1119/3538 3495/1119/3538 3496/1119/3538 3474/1119/3538
f 3488/1119/3539 3510/1119/3539 3499/1119/3539 3477/1119/3539
f 3482/1119/3540 3504/1119/3540 3505/1119/3540 3483/1119/3540
f 3475/1119/3541 3497/1119/3541 3515/1119/3541 3493/1119/3541
f 3491/1119/3542 3513/1119/3542 3508/1119/3542 3486/1119/3542
f 3483/1119/3543 3505/1119/3543 3506/1119/3543 3484/1119/3543
f 3476/1119/3544 3498/1119/3544 3512/1119/3544 3490/1119/3544
f 3492/1119/3545 3514/1119/3545 3509/1119/3545 3487/1119/3545
f 3484/1119/3546 3506/1119/3546 3507/1119/3546 3485/1119/3546
f 3477/1119/3547 3499/1119/3547 3500/1119/3547 3478/1119/3547
f 3493/1119/3548 3515/1119/3548 3498/1119/3548 3476/1119/3548
f 3485/1119/3549 3507/1119/3549 3495/1119/3549 3473/1119/3549
f 3478/1119/3550 3500/1119/3550 3501/1119/3550 3479/1119/3550
f 3494/1119/3551 3516/1119/3551 3497/1119/3551 3475/1119/3551
f 3486/1119/3552 3508/1119/3552 3514/1119/3552 3492/1119/3552
f 3479/1119/3553 3501/1119/3553 3502/1119/3553 3480/1119/3553
f 3474/1119/3554 3496/1119/3554 3516/1119/3554 3494/1119/3554
f 3502/1119/3555 3524/1119/3555 3525/1119/3555 3503/1119/3555
f 3512/1119/3556 3534/1119/3556 3535/1119/3556 3513/1119/3556
f 3509/1119/3557 3531/1119/3557 3533/1119/3557 3511/1119/3557
f 3503/1119/3558 3525/1119/3558 3526/1119/3558 3504/1119/3558
f 3495/1119/3559 3517/1119/3559 3518/1119/3559 3496/1119/3559
f 3510/1119/3560 3532/1119/3560 3521/1119/3560 3499/1119/3560
f 3504/1119/3561 3526/1119/3561 3527/1119/3561 3505/1119/3561
f 3497/1119/3562 3519/1119/3562 3537/1119/3562 3515/1119/3562
f 3513/1119/3563 3535/1119/3563 3530/1119/3563 3508/1119/3563
f 3505/1119/3564 3527/1119/3564 3528/1119/3564 3506/1119/3564
f 3498/1119/3565 3520/1119/3565 3534/1119/3565 3512/1119/3565
f 3514/1119/3566 3536/1119/3566 3531/1119/3566 3509/1119/3566
f 3506/1119/3567 3528/1119/3567 3529/1119/3567 3507/1119/3567
f 3499/1119/3568 3521/1119/3568 3522/1119/3568 3500/1119/3568
f 3515/1119/3569 3537/1119/3569 3520/1119/3569 3498/1119/3569
f 3507/1119/3570 3529/1119/3570 3517/1119/3570 3495/1119/3570
f 3500/1119/3571 3522/1119/3571 3523/1119/3571 3501/1119/3571
f 3516/1119/3572 3538/1119/3572 3519/1119/3572 3497/1119/3572
f 3508/1119/3573 3530/1119/3573 3536/1119/3573 3514/1119/3573
f 3501/1119/3574 3523/1119/3574 3524/1119/3574 3502/1119/3574
f 3496/1119/3575 3518/1119/3575 3538/1119/3575 3516/1119/3575
f 3511/1119/3576 3533/1119/3576 3532/1119/3576 3510/1119/3576
f 3531/1119/3577 3553/1119/3577 3555/1119/3577 3533/1119/3577
f 3525/1119/3578 3547/1119/3578 3548/1119/3578 3526/1119/3578
f 3517/1119/3579 3539/1119/3579 3540/1119/3579 3518/1119/3579
f 3532/1119/3580 3554/1119/3580 3543/1119/3580 3521/1119/3580
f 3526/1119/3581 3548/1119/3581 3549/1119/3581 3527/1119/3581
f 3519/1119/3582 3541/1119/3582 3559/1119/3582 3537/1119/3582
f 3535/1119/3583 3557/1119/3583 3552/1119/3583 3530/1119/3583
f 3527/1119/3584 3549/1119/3584 3550/1119/3584 3528/1119/3584
f 3520/1119/3585 3542/1119/3585 3556/1119/3585 3534/1119/3585
f 3536/1119/3586 3558/1119/3586 3553/1119/3586 3531/1119/3586
f 3528/1119/3587 3550/1119/3587 3551/1119/3587 3529/1119/3587
f 3521/1119/3588 3543/1119/3588 3544/1119/3588 3522/1119/3588
f 3537/1119/3589 3559/1119/3589 3542/1119/3589 3520/1119/3589
f 3529/1119/3590 3551/1119/3590 3539/1119/3590 3517/1119/3590
f 3522/1119/3591 3544/1119/3591 3545/1119/3591 3523/1119/3591
f 3538/1119/3592 3560/1119/3592 3541/1119/3592 3519/1119/3592
f 3530/1119/3593 3552/1119/3593 3558/1119/3593 3536/1119/3593
f 3523/1119/3594 3545/1119/3594 3546/1119/3594 3524/1119/3594
f 3518/1119/3595 3540/1119/3595 3560/1119/3595 3538/1119/3595
f 3533/1119/3596 3555/1119/3596 3554/1119/3596 3532/1119/3596
f 3524/1119/3597 3546/1119/3597 3547/1119/3597 3525/1119/3597
f 3534/1119/3598 3556/1119/3598 3557/1119/3598 3535/1119/3598
f 3547/1119/3599 3569/1119/3599 3570/1119/3599 3548/1119/3599
f 3539/1119/3600 3561/1119/3600 3562/1119/3600 3540/1119/3600
f 3554/1119/3601 3576/1119/3601 3565/1119/3601 3543/1119/3601
f 3548/1119/3602 3570/1119/3602 3571/1119/3602 3549/1119/3602
f 3541/1119/3603 3563/1119/3603 3581/1119/3603 3559/1119/3603
f 3557/1119/3604 3579/1119/3604 3574/1119/3604 3552/1119/3604
f 3549/1119/3605 3571/1119/3605 3572/1119/3605 3550/1119/3605
f 3542/1119/3606 3564/1119/3606 3578/1119/3606 3556/1119/3606
f 3558/1119/3607 3580/1119/3607 3575/1119/3607 3553/1119/3607
f 3550/1119/3608 3572/1119/3608 3573/1119/3608 3551/1119/3608
f 3543/1119/3609 3565/1119/3609 3566/1119/3609 3544/1119/3609
f 3559/1119/3610 3581/1119/3610 3564/1119/3610 3542/1119/3610
f 3551/1119/3611 3573/1119/3611 3561/1119/3611 3539/1119/3611
f 3544/1119/3612 3566/1119/3612 3567/1119/3612 3545/1119/3612
f 3560/1119/3613 3582/1119/3613 3563/1119/3613 3541/1119/3613
f 3552/1119/3614 3574/1119/3614 3580/1119/3614 3558/1119/3614
f 3545/1119/3615 3567/1119/3615 3568/1119/3615 3546/1119/3615
f 3540/1119/3616 3562/1119/3616 3582/1119/3616 3560/1119/3616
f 3555/1119/3617 3577/1119/3617 3576/1119/3617 3554/1119/3617
f 3546/1119/3618 3568/1119/3618 3569/1119/3618 3547/1119/3618
f 3556/1119/3619 3578/1119/3619 3579/1119/3619 3557/1119/3619
f 3553/1119/3620 3575/1119/3620 3577/1119/3620 3555/1119/3620
f 3562/1119/3621 3561/1119/3621 3573/1119/3621 3572/1119/3621 3571/1119/3621 3570/1119/3621 3569/1119/3621 3568/1119/3621 3567/1119/3621 3566/1119/3621 3565/1119/3621 3576/1119/3621 3577/1119/3621 3575/1119/3621 3580/1119/3621 3574/1119/3621 3579/1119/3621 3578/1119/3621 3564/1119/3621 3581/1119/3621 3563/1119/3621 3582/1119/3621
f 3374/1119/3622 3366/1119/3622 3443/1119/3622 3441/1119/3622
f 3376/1119/3623 3374/1119/3623 3441/1119/3623 3439/1119/3623
f 3378/1119/3624 3376/1119/3624 3439/1119/3624 3437/1119/3624
f 3380/1119/3625 3378/1119/3625 3437/1119/3625 3435/1119/3625
f 3382/1119/3626 3380/1119/3626 3435/1119/3626 3433/1119/3626
f 3431/1119/3627 3429/1119/3627 3382/1119/3627 3433/1119/3627
f 3427/1119/3628 3382/1119/3628 3429/1119/3628
f 3285/1119/3629 3583/1119/3629 3590/1119/3629 3425/1119/3629
f 3289/1119/3630 3587/1119/3630 3586/1119/3630 3288/1119/3630
f 3288/1119/3631 3586/1119/3631 3585/1119/3631 3287/1119/3631
f 3382/1119/3632 3588/1119/3632 3589/1119/3632 3598/1119/3632 3383/1119/3632
f 3287/1119/3633 3585/1119/3633 3584/1119/3633 3286/1119/3633
f 3427/1119/3634 3591/1119/3634 3588/1119/3634 3382/1119/3634
f 3286/1119/3635 3584/1119/3635 3583/1119/3635 3285/1119/3635
f 3425/1119/3636 3590/1119/3636 3591/1119/3636 3427/1119/3636
f 3583/1119/3637 3584/1119/3637 3592/1119/3637
f 3588/1119/3638 3591/1119/3638 3593/1119/3638 3594/1119/3638
f 3588/1119/3639 3594/1119/3639 3589/1119/3639
f 3584/1119/3640 3585/1119/3640 3586/1119/3640 3592/1119/3640
f 3587/1119/3641 3592/1119/3641 3586/1119/3641
f 3583/1119/3642 3592/1119/3642 3590/1119/3642
f 3593/1119/3643 3590/1119/3643 3592/1119/3643
f 3590/1119/3644 3593/1119/3644 3591/1119/3644
f 3594/1119/3645 3597/1119/3645 3595/1119/3645 3589/1119/3645
f 3592/1119/3646 3596/1119/3646 3593/1119/3646
f 3593/1119/3647 3596/1119/3647 3597/1119/3647 3594/1119/3647
f 3592/1119/3648 3587/1119/3648 3596/1119/3648
f 3289/1119/3649 3599/1119/3649 3600/1119/3649 3587/1119/3649
f 3596/1119/3650 3602/1119/3650 3603/1119/3650 3597/1119/3650
f 3597/1119/3651 3603/1119/3651 3601/1119/3651 3595/1119/3651
f 3587/1119/3652 3600/1119/3652 3602/1119/3652 3596/1119/3652
f 3604/1119/3653 3599/1119/3653 3289/1119/3653 2020/1119/3653
f 3375/1119/3654 3377/1119/3654 3385/1119/3654
f 3606/1119/3655 3608/1119/3655 3607/1119/3655 3605/1119/3655
f 3608/1119/3656 3610/1119/3656 3609/1119/3656 3607/1119/3656
f 3610/1119/3657 3612/1119/3657 3611/1119/3657 3609/1119/3657
f 3612/1119/3658 3614/1119/3658 3613/1119/3658 3611/1119/3658
f 3614/1119/3659 3616/1119/3659 3615/1119/3659 3613/1119/3659
f 3616/1119/3660 3618/1119/3660 3617/1119/3660 3615/1119/3660
f 3618/1119/3661 3620/1119/3661 3619/1119/3661 3617/1119/3661
f 3605/1119/3662 3623/1119/3662 3626/1119/3662 3622/1119/3662
f 3622/1119/3663 3626/1119/3663 3625/1119/3663 3621/1119/3663
f 3607/1119/3664 3624/1119/3664 3623/1119/3664 3605/1119/3664
f 3607/1119/3665 3609/1119/3665 3624/1119/3665
f 3383/1119/3666 3628/1119/3666 3627/1119/3666 3381/1119/3666
f 3383/1119/3667 3621/1119/3667 3625/1119/3667 3628/1119/3667
f 3603/1119/3668 3602/1119/3668 3606/1119/3668 3601/1119/3668
f 3602/1119/3669 3600/1119/3669 3608/1119/3669 3606/1119/3669
f 3608/1119/3670 3600/1119/3670 3612/1119/3670 3610/1119/3670
f 3600/1119/3671 3599/1119/3671 3614/1119/3671 3612/1119/3671
f 3599/1119/3672 3604/1119/3672 3616/1119/3672 3614/1119/3672
f 3616/1119/3673 3604/1119/3673 3620/1119/3673 3618/1119/3673
f 3615/1119/3674 3632/1119/3674 3631/1119/3674 3613/1119/3674
f 3613/1119/3675 3631/1119/3675 3630/1119/3675 3611/1119/3675
f 3611/1119/3676 3630/1119/3676 3629/1119/3676 3609/1119/3676
f 3624/1119/3677 3636/1119/3677 3635/1119/3677 3623/1119/3677
f 3609/1119/3678 3629/1119/3678 3636/1119/3678 3624/1119/3678
f 3626/1119/3679 3638/1119/3679 3625/1119/3679
f 3619/1119/3680 3634/1119/3680 3633/1119/3680 3617/1119/3680
f 3623/1119/3681 3635/1119/3681 3638/1119/3681 3626/1119/3681
f 3617/1119/3682 3633/1119/3682 3632/1119/3682 3615/1119/3682
f 3636/1119/3683 3646/1119/3683 3645/1119/3683 3635/1119/3683
f 3632/1119/3684 3642/1119/3684 3641/1119/3684 3631/1119/3684
f 3638/1119/3685 3647/1119/3685 3637/1119/3685 3625/1119/3685
f 3633/1119/3686 3643/1119/3686 3642/1119/3686 3632/1119/3686
f 3630/1119/3687 3640/1119/3687 3639/1119/3687 3629/1119/3687
f 3635/1119/3688 3645/1119/3688 3647/1119/3688 3638/1119/3688
f 3634/1119/3689 3644/1119/3689 3643/1119/3689 3633/1119/3689
f 3631/1119/3690 3641/1119/3690 3640/1119/3690 3630/1119/3690
f 3629/1119/3691 3639/1119/3691 3646/1119/3691 3636/1119/3691
f 3397/1119/3692 3650/1119/3692 3627/1119/3692 3399/1119/3692
f 3401/1119/3693 3628/1119/3693 3625/1119/3693 3403/1119/3693
f 3405/1119/3694 3637/1119/3694 3407/1119/3694
f 3405/1119/3695 3403/1119/3695 3625/1119/3695 3637/1119/3695
f 3379/1119/3696 3381/1119/3696 3627/1119/3696 3650/1119/3696
f 3385/1119/3697 3377/1119/3697 3651/1119/3697
f 3379/1119/3698 3650/1119/3698 3651/1119/3698 3377/1119/3698
f 3226/1119/3699 3270/1119/3699 3228/1119/3699
f 3270/1119/3700 3653/1119/3700 3652/1119/3700 3228/1119/3700
f 3228/1119/3701 3652/1119/3701 3230/1119/3701
f 3652/1119/3702 3667/1119/3702 3218/1119/3702 3230/1119/3702
f 3230/1119/3703 3218/1119/3703 3654/1119/3703 3232/1119/3703
f 3240/1119/3704 3658/1119/3704 3659/1119/3704 3242/1119/3704
f 3273/1119/3705 3665/1119/3705 3666/1119/3705 3275/1119/3705
f 3236/1119/3706 3656/1119/3706 3657/1119/3706 3238/1119/3706
f 3246/1119/3707 3661/1119/3707 3662/1119/3707 3248/1119/3707
f 3232/1119/3708 3654/1119/3708 3655/1119/3708 3234/1119/3708
f 3242/1119/3709 3659/1119/3709 3660/1119/3709 3244/1119/3709
f 3275/1119/3710 3666/1119/3710 3664/1119/3710 3272/1119/3710
f 3272/1119/3711 3664/1119/3711 3663/1119/3711 3270/1119/3711
f 3653/1119/3712 3668/1119/3712 3667/1119/3712 3652/1119/3712
f 3238/1119/3713 3657/1119/3713 3658/1119/3713 3240/1119/3713
f 3270/1119/3714 3663/1119/3714 3668/1119/3714 3653/1119/3714
f 3248/1119/3715 3662/1119/3715 3665/1119/3715 3273/1119/3715
f 3234/1119/3716 3655/1119/3716 3656/1119/3716 3236/1119/3716
f 3244/1119/3717 3660/1119/3717 3661/1119/3717 3246/1119/3717
f 3661/1119/3718 3677/1119/3718 3678/1119/3718 3662/1119/3718
f 3664/1119/3719 3680/1119/3719 3679/1119/3719 3663/1119/3719
f 3655/1119/3720 3671/1119/3720 3672/1119/3720 3656/1119/3720
f 3662/1119/3721 3678/1119/3721 3681/1119/3721 3665/1119/3721
f 3656/1119/3722 3672/1119/3722 3673/1119/3722 3657/1119/3722
f 3665/1119/3723 3681/1119/3723 3682/1119/3723 3666/1119/3723
f 3657/1119/3724 3673/1119/3724 3674/1119/3724 3658/1119/3724
f 3654/1119/3725 3670/1119/3725 3671/1119/3725 3655/1119/3725
f 3666/1119/3726 3682/1119/3726 3680/1119/3726 3664/1119/3726
f 3658/1119/3727 3674/1119/3727 3675/1119/3727 3659/1119/3727
f 3668/1119/3728 3684/1119/3728 3683/1119/3728 3667/1119/3728
f 3659/1119/3729 3675/1119/3729 3676/1119/3729 3660/1119/3729
f 3218/1119/3730 3669/1119/3730 3670/1119/3730 3654/1119/3730
f 3663/1119/3731 3679/1119/3731 3684/1119/3731 3668/1119/3731
f 3660/1119/3732 3676/1119/3732 3677/1119/3732 3661/1119/3732
f 3667/1119/3733 3683/1119/3733 3669/1119/3733 3218/1119/3733
f 3684/1119/3734 3700/1119/3734 3699/1119/3734 3683/1119/3734
f 3675/1119/3735 3691/1119/3735 3692/1119/3735 3676/1119/3735
f 3679/1119/3736 3695/1119/3736 3700/1119/3736 3684/1119/3736
f 3676/1119/3737 3692/1119/3737 3693/1119/3737 3677/1119/3737
f 3670/1119/3738 3686/1119/3738 3687/1119/3738 3671/1119/3738
f 3683/1119/3739 3699/1119/3739 3685/1119/3739 3669/1119/3739
f 3677/1119/3740 3693/1119/3740 3694/1119/3740 3678/1119/3740
f 3669/1119/3741 3685/1119/3741 3686/1119/3741 3670/1119/3741
f 3680/1119/3742 3696/1119/3742 3695/1119/3742 3679/1119/3742
f 3671/1119/3743 3687/1119/3743 3688/1119/3743 3672/1119/3743
f 3678/1119/3744 3694/1119/3744 3697/1119/3744 3681/1119/3744
f 3672/1119/3745 3688/1119/3745 3689/1119/3745 3673/1119/3745
f 3681/1119/3746 3697/1119/3746 3698/1119/3746 3682/1119/3746
f 3673/1119/3747 3689/1119/3747 3690/1119/3747 3674/1119/3747
f 3682/1119/3748 3698/1119/3748 3696/1119/3748 3680/1119/3748
f 3674/1119/3749 3690/1119/3749 3691/1119/3749 3675/1119/3749
f 3688/1119/3750 3704/1119/3750 3705/1119/3750 3689/1119/3750
f 3697/1119/3751 3713/1119/3751 3714/1119/3751 3698/1119/3751
f 3689/1119/3752 3705/1119/3752 3706/1119/3752 3690/1119/3752
f 3698/1119/3753 3714/1119/3753 3712/1119/3753 3696/1119/3753
f 3690/1119/3754 3706/1119/3754 3707/1119/3754 3691/1119/3754
f 3700/1119/3755 3716/1119/3755 3715/1119/3755 3699/1119/3755
f 3691/1119/3756 3707/1119/3756 3708/1119/3756 3692/1119/3756
f 3695/1119/3757 3711/1119/3757 3716/1119/3757 3700/1119/3757
f 3692/1119/3758 3708/1119/3758 3709/1119/3758 3693/1119/3758
f 3686/1119/3759 3702/1119/3759 3703/1119/3759 3687/1119/3759
f 3699/1119/3760 3715/1119/3760 3701/1119/3760 3685/1119/3760
f 3693/1119/3761 3709/1119/3761 3710/1119/3761 3694/1119/3761
f 3685/1119/3762 3701/1119/3762 3702/1119/3762 3686/1119/3762
f 3696/1119/3763 3712/1119/3763 3711/1119/3763 3695/1119/3763
f 3687/1119/3764 3703/1119/3764 3704/1119/3764 3688/1119/3764
f 3694/1119/3765 3710/1119/3765 3713/1119/3765 3697/1119/3765
f 3703/1119/3766 3702/1119/3766 3701/1119/3766 3715/1119/3766 3716/1119/3766 3711/1119/3766 3712/1119/3766 3714/1119/3766 3713/1119/3766 3710/1119/3766 3709/1119/3766 3708/1119/3766 3707/1119/3766 3706/1119/3766 3705/1119/3766 3704/1119/3766
f 3401/1119/3767 3399/1119/3767 3627/1119/3767 3628/1119/3767
f 3385/1119/3768 3393/1119/3768 3389/1119/3768 3387/1119/3768
f 3371/1119/3769 3370/1119/3769 3384/1119/3769 3717/1119/3769
f 3386/1119/3770 3718/1119/3770 3717/1119/3770 3384/1119/3770
f 3388/1119/3771 3719/1119/3771 3718/1119/3771 3386/1119/3771
f 3390/1119/3772 3720/1119/3772 3719/1119/3772 3388/1119/3772
f 3392/1119/3773 3721/1119/3773 3720/1119/3773 3390/1119/3773
f 3394/1119/3774 3722/1119/3774 3721/1119/3774 3392/1119/3774
f 3396/1119/3775 3723/1119/3775 3722/1119/3775 3394/1119/3775
f 3372/1119/3776 3724/1119/3776 3725/1119/3776 3373/1119/3776
f 3724/1119/3777 3726/1119/3777 3727/1119/3777 3725/1119/3777
f 3726/1119/3778 3728/1119/3778 3729/1119/3778 3727/1119/3778
f 3728/1119/3779 3730/1119/3779 3731/1119/3779 3729/1119/3779
f 3730/1119/3780 3732/1119/3780 3733/1119/3780 3731/1119/3780
f 3732/1119/3781 3734/1119/3781 3735/1119/3781 3733/1119/3781
f 3734/1119/3782 3736/1119/3782 3737/1119/3782 3735/1119/3782
f 3736/1119/3783 3738/1119/3783 3739/1119/3783 3737/1119/3783
f 3738/1119/3784 3740/1119/3784 3741/1119/3784 3739/1119/3784
f 3740/1119/3785 3742/1119/3785 3743/1119/3785 3741/1119/3785
f 3372/1119/3786 3371/1119/3786 3717/1119/3786 3724/1119/3786
f 3717/1119/3787 3718/1119/3787 3726/1119/3787 3724/1119/3787
f 3718/1119/3788 3719/1119/3788 3728/1119/3788 3726/1119/3788
f 3719/1119/3789 3720/1119/3789 3730/1119/3789 3728/1119/3789
f 3720/1119/3790 3721/1119/3790 3732/1119/3790 3730/1119/3790
f 3721/1119/3791 3722/1119/3791 3734/1119/3791 3732/1119/3791
f 3722/1119/3792 3723/1119/3792 3736/1119/3792 3734/1119/3792
f 3742/1119/3793 3744/1119/3793 3745/1119/3793 3743/1119/3793
f 3744/1119/3794 3746/1119/3794 3747/1119/3794 3745/1119/3794
f 3746/1119/3795 3748/1119/3795 3749/1119/3795 3747/1119/3795
f 3748/1119/3796 3750/1119/3796 3751/1119/3796 3749/1119/3796
f 3750/1119/3797 3752/1119/3797 3753/1119/3797 3751/1119/3797
f 3752/1119/3798 3754/1119/3798 3755/1119/3798 3753/1119/3798
f 3754/1119/3799 3756/1119/3799 3757/1119/3799 3755/1119/3799
f 3756/1119/3800 3758/1119/3800 3759/1119/3800 3757/1119/3800
f 3758/1119/3801 3760/1119/3801 2494/1119/3801 3759/1119/3801
f 3736/1119/3802 3723/1119/3802 3738/1119/3802
f 3396/1119/3803 3398/1119/3803 3738/1119/3803 3723/1119/3803
f 3398/1119/3804 3400/1119/3804 3740/1119/3804 3738/1119/3804
f 3400/1119/3805 3402/1119/3805 3742/1119/3805 3740/1119/3805
f 3404/1119/3806 3742/1119/3806 3402/1119/3806
f 3404/1119/3807 3406/1119/3807 3744/1119/3807 3742/1119/3807
f 3408/1119/3808 3744/1119/3808 3406/1119/3808
f 3408/1119/3809 3410/1119/3809 3746/1119/3809 3744/1119/3809
f 3410/1119/3810 3412/1119/3810 3748/1119/3810 3746/1119/3810
f 3412/1119/3811 3414/1119/3811 3750/1119/3811 3748/1119/3811
f 3414/1119/3812 3416/1119/3812 3752/1119/3812 3750/1119/3812
f 3416/1119/3813 3418/1119/3813 3754/1119/3813 3752/1119/3813
f 3418/1119/3814 3420/1119/3814 3756/1119/3814 3754/1119/3814
f 3420/1119/3815 3422/1119/3815 3758/1119/3815 3756/1119/3815
f 3422/1119/3816 3424/1119/3816 3760/1119/3816 3758/1119/3816
f 3229/1119/3817 3770/1119/3817 3769/1119/3817 3227/1119/3817
f 3227/1119/3818 3769/1119/3818 3768/1119/3818 3225/1119/3818
f 3225/1119/3819 3768/1119/3819 3767/1119/3819 3223/1119/3819
f 3223/1119/3820 3767/1119/3820 3766/1119/3820 3221/1119/3820
f 3219/1119/3821 3765/1119/3821 3764/1119/3821 3216/1119/3821
f 3221/1119/3822 3766/1119/3822 3765/1119/3822 3219/1119/3822
f 3216/1119/3823 3764/1119/3823 3763/1119/3823 3214/1119/3823
f 3214/1119/3824 3763/1119/3824 3762/1119/3824 3212/1119/3824
f 3231/1119/3825 3771/1119/3825 3770/1119/3825 3229/1119/3825
f 3210/1119/3826 3761/1119/3826 2496/1119/3826 1931/1119/3826 4127/1119/3826
f 3212/1119/3827 3762/1119/3827 3761/1119/3827 3210/1119/3827
f 3768/1119/3828 3779/1119/3828 3778/1119/3828 3767/1119/3828
f 3764/1119/3829 3775/1119/3829 3774/1119/3829 3763/1119/3829
f 3765/1119/3830 3776/1119/3830 3775/1119/3830 3764/1119/3830
f 3761/1119/3831 3772/1119/3831 2508/1119/3831 2496/1119/3831
f 3769/1119/3832 3780/1119/3832 3779/1119/3832 3768/1119/3832
f 3766/1119/3833 3777/1119/3833 3776/1119/3833 3765/1119/3833
f 3762/1119/3834 3773/1119/3834 3772/1119/3834 3761/1119/3834
f 3770/1119/3835 3781/1119/3835 3780/1119/3835 3769/1119/3835
f 3767/1119/3836 3778/1119/3836 3777/1119/3836 3766/1119/3836
f 3763/1119/3837 3774/1119/3837 3773/1119/3837 3762/1119/3837
f 3771/1119/3838 3782/1119/3838 3781/1119/3838 3770/1119/3838
f 3772/1119/3839 3783/1119/3839 3784/1119/3839 2508/1119/3839
f 3780/1119/3840 3792/1119/3840 3791/1119/3840 3779/1119/3840
f 3777/1119/3841 3789/1119/3841 3788/1119/3841 3776/1119/3841
f 3773/1119/3842 3785/1119/3842 3783/1119/3842 3772/1119/3842
f 3781/1119/3843 3793/1119/3843 3792/1119/3843 3780/1119/3843
f 3778/1119/3844 3790/1119/3844 3789/1119/3844 3777/1119/3844
f 3774/1119/3845 3786/1119/3845 3785/1119/3845 3773/1119/3845
f 3782/1119/3846 3794/1119/3846 3793/1119/3846 3781/1119/3846
f 3779/1119/3847 3791/1119/3847 3790/1119/3847 3778/1119/3847
f 3775/1119/3848 3787/1119/3848 3786/1119/3848 3774/1119/3848
f 3776/1119/3849 3788/1119/3849 3787/1119/3849 3775/1119/3849
f 3785/1119/3850 3797/1119/3850 3795/1119/3850 3783/1119/3850
f 3793/1119/3851 3805/1119/3851 3804/1119/3851 3792/1119/3851
f 3790/1119/3852 3802/1119/3852 3801/1119/3852 3789/1119/3852
f 3786/1119/3853 3798/1119/3853 3797/1119/3853 3785/1119/3853
f 3794/1119/3854 3806/1119/3854 3805/1119/3854 3793/1119/3854
f 3791/1119/3855 3803/1119/3855 3802/1119/3855 3790/1119/3855
f 3787/1119/3856 3799/1119/3856 3798/1119/3856 3786/1119/3856
f 3788/1119/3857 3800/1119/3857 3799/1119/3857 3787/1119/3857
f 3783/1119/3858 3795/1119/3858 3796/1119/3858 3784/1119/3858
f 3792/1119/3859 3804/1119/3859 3803/1119/3859 3791/1119/3859
f 3789/1119/3860 3801/1119/3860 3800/1119/3860 3788/1119/3860
f 3801/1119/3861 3811/1119/3861 3810/1119/3861 3800/1119/3861
f 3798/1119/3862 3808/1119/3862 3807/1119/3862 3797/1119/3862
f 3802/1119/3863 3812/1119/3863 3811/1119/3863 3801/1119/3863
f 3799/1119/3864 3809/1119/3864 3808/1119/3864 3798/1119/3864
f 3800/1119/3865 3810/1119/3865 3809/1119/3865 3799/1119/3865
f 3810/1119/3866 3815/1119/3866 3814/1119/3866 3809/1119/3866
f 3809/1119/3867 3814/1119/3867 3813/1119/3867 3808/1119/3867
f 3808/1119/3868 3813/1119/3868 2549/1119/3868 3807/1119/3868
f 3810/1119/3869 3811/1119/3869 3812/1119/3869 3815/1119/3869
f 3804/1119/3870 3816/1119/3870 3803/1119/3870
f 4306/1119/3871 4405/1119/3871 4404/1119/3871 4304/1119/3871
f 4298/1119/3872 4401/1119/3872 4400/1119/3872 4296/1119/3872
f 3805/1119/3873 3817/1119/3873 3816/1119/3873 3804/1119/3873
f 3803/1119/3874 3816/1119/3874 3812/1119/3874 3802/1119/3874
f 3805/1119/3875 3806/1119/3875 3817/1119/3875
f 3814/1119/3876 3820/1119/3876 3819/1119/3876 3813/1119/3876
f 3816/1119/3877 3822/1119/3877 3883/1119/3877 3812/1119/3877
f 3806/1119/3878 3818/1119/3878 3823/1119/3878 3817/1119/3878
f 3815/1119/3879 3821/1119/3879 3820/1119/3879 3814/1119/3879
f 3817/1119/3880 3823/1119/3880 3822/1119/3880 3816/1119/3880
f 3813/1119/3881 3819/1119/3881 2556/1119/3881 2549/1119/3881
f 3812/1119/3882 3883/1119/3882 3821/1119/3882 3815/1119/3882
f 3822/1119/3883 3824/1119/3883 3858/1119/3883 3821/1119/3883 3883/1119/3883
f 3823/1119/3884 3824/1119/3884 3822/1119/3884
f 3821/1119/3885 3860/1119/3885 3828/1119/3885 3827/1119/3885 3820/1119/3885
f 3819/1119/3886 3826/1119/3886 2564/1119/3886 2556/1119/3886
f 3823/1119/3887 3829/1119/3887 3830/1119/3887 3861/1119/3887 3824/1119/3887
f 3820/1119/3888 3827/1119/3888 3826/1119/3888 3819/1119/3888
f 3882/1119/3889 3859/1119/3889 3828/1119/3889 3860/1119/3889
f 3818/1119/3890 3825/1119/3890 3829/1119/3890 3823/1119/3890
f 3829/1119/3891 3835/1119/3891 3836/1119/3891 3863/1119/3891 3830/1119/3891
f 3825/1119/3892 3831/1119/3892 3835/1119/3892 3829/1119/3892
f 3827/1119/3893 3833/1119/3893 3832/1119/3893 3826/1119/3893
f 3881/1119/3894 3862/1119/3894 3834/1119/3894 3864/1119/3894
f 3828/1119/3895 3864/1119/3895 3834/1119/3895 3833/1119/3895 3827/1119/3895
f 3835/1119/3896 3840/1119/3896 3841/1119/3896 3866/1119/3896 3836/1119/3896
f 3831/1119/3897 3837/1119/3897 3840/1119/3897 3835/1119/3897
f 3880/1119/3898 3865/1119/3898 3839/1119/3898 3867/1119/3898
f 3834/1119/3899 3867/1119/3899 3839/1119/3899 3838/1119/3899 3833/1119/3899
f 3837/1119/3900 3842/1119/3900 3846/1119/3900 3840/1119/3900
f 3879/1119/3901 3868/1119/3901 3845/1119/3901 3870/1119/3901
f 3839/1119/3902 3870/1119/3902 3845/1119/3902 3844/1119/3902 3838/1119/3902
f 3840/1119/3903 3846/1119/3903 3847/1119/3903 3869/1119/3903 3841/1119/3903
f 3878/1119/3904 3871/1119/3904 3850/1119/3904 3873/1119/3904
f 3845/1119/3905 3873/1119/3905 3850/1119/3905 3849/1119/3905 3844/1119/3905
f 3846/1119/3906 3851/1119/3906 3852/1119/3906 3872/1119/3906 3847/1119/3906
f 3842/1119/3907 3848/1119/3907 3851/1119/3907 3846/1119/3907
f 3877/1119/3908 3874/1119/3908 2594/1119/3908 3876/1119/3908
f 3850/1119/3909 3876/1119/3909 2594/1119/3909 3849/1119/3909
f 3851/1119/3910 3854/1119/3910 3855/1119/3910 3875/1119/3910 3852/1119/3910
f 3848/1119/3911 3853/1119/3911 3854/1119/3911 3851/1119/3911
f 3855/1119/3912 3857/1119/3912 3856/1119/3912 3874/1119/3912
f 3874/1119/3913 3856/1119/3913 2597/1119/3913 2626/1119/3913
f 3833/1119/3914 3838/1119/3914 3832/1119/3914
f 3838/1119/3915 2577/1119/3915 3843/1119/3915 3832/1119/3915
f 3838/1119/3916 3844/1119/3916 2577/1119/3916
f 3844/1119/3917 3849/1119/3917 2577/1119/3917
f 3826/1119/3918 3832/1119/3918 2564/1119/3918
f 3875/1119/3919 3855/1119/3919 3874/1119/3919 3877/1119/3919
f 3852/1119/3920 3875/1119/3920 3877/1119/3920 3871/1119/3920
f 3871/1119/3921 3877/1119/3921 3876/1119/3921 3850/1119/3921
f 3872/1119/3922 3852/1119/3922 3871/1119/3922 3878/1119/3922
f 3847/1119/3923 3872/1119/3923 3878/1119/3923 3868/1119/3923
f 3868/1119/3924 3878/1119/3924 3873/1119/3924 3845/1119/3924
f 3869/1119/3925 3847/1119/3925 3868/1119/3925 3879/1119/3925
f 3841/1119/3926 3869/1119/3926 3879/1119/3926 3865/1119/3926
f 3865/1119/3927 3879/1119/3927 3870/1119/3927 3839/1119/3927
f 3866/1119/3928 3841/1119/3928 3865/1119/3928 3880/1119/3928
f 3836/1119/3929 3866/1119/3929 3880/1119/3929 3862/1119/3929
f 3862/1119/3930 3880/1119/3930 3867/1119/3930 3834/1119/3930
f 3863/1119/3931 3836/1119/3931 3862/1119/3931 3881/1119/3931
f 3830/1119/3932 3863/1119/3932 3881/1119/3932 3859/1119/3932
f 3859/1119/3933 3881/1119/3933 3864/1119/3933 3828/1119/3933
f 3861/1119/3934 3830/1119/3934 3859/1119/3934 3882/1119/3934
f 3824/1119/3935 3861/1119/3935 3882/1119/3935 3858/1119/3935
f 3858/1119/3936 3882/1119/3936 3860/1119/3936 3821/1119/3936
f 3874/1119/3937 2626/1119/3937 2594/1119/3937
f 3855/1119/3938 3854/1119/3938 3857/1119/3938
f 3854/1119/3939 3884/1119/3939 3886/1119/3939 3857/1119/3939
f 3857/1119/3940 3886/1119/3940 3885/1119/3940 3856/1119/3940
f 3856/1119/3941 3885/1119/3941 2628/1119/3941 2597/1119/3941
f 3854/1119/3942 3853/1119/3942 3884/1119/3942
f 3818/1119/3943 3891/1119/3943 3892/1119/3943 3825/1119/3943
f 3771/1119/3944 3887/1119/3944 3888/1119/3944 3782/1119/3944
f 3782/1119/3945 3888/1119/3945 3889/1119/3945 3794/1119/3945
f 3794/1119/3946 3889/1119/3946 3890/1119/3946 3806/1119/3946
f 3825/1119/3947 3892/1119/3947 3893/1119/3947 3831/1119/3947
f 3806/1119/3948 3890/1119/3948 3891/1119/3948 3818/1119/3948
f 3231/1119/3949 3894/1119/3949 3895/1119/3949 3771/1119/3949
f 3771/1119/3950 3895/1119/3950 3887/1119/3950
f 3231/1119/3951 3233/1119/3951 3894/1119/3951
f 3894/1119/3952 3896/1119/3952 3897/1119/3952 3895/1119/3952
f 3894/1119/3953 3898/1119/3953 3899/1119/3953 3896/1119/3953
f 3233/1119/3954 3235/1119/3954 3898/1119/3954 3894/1119/3954
f 3235/1119/3955 3237/1119/3955 3899/1119/3955 3898/1119/3955
f 3239/1119/3956 3241/1119/3956 3341/1119/3956 3359/1119/3956
f 3239/1119/3957 3359/1119/3957 3237/1119/3957
f 3899/1119/3958 3237/1119/3958 3359/1119/3958
f 3737/1119/3959 3905/1119/3959 3904/1119/3959 3735/1119/3959
f 3733/1119/3960 3903/1119/3960 3902/1119/3960 3731/1119/3960
f 3739/1119/3961 3906/1119/3961 3905/1119/3961 3737/1119/3961
f 3729/1119/3962 3901/1119/3962 3900/1119/3962 3727/1119/3962
f 3735/1119/3963 3904/1119/3963 3903/1119/3963 3733/1119/3963
f 3741/1119/3964 3907/1119/3964 3906/1119/3964 3739/1119/3964
f 3731/1119/3965 3902/1119/3965 3901/1119/3965 3729/1119/3965
f 3745/1119/3966 3908/1119/3966 4125/1119/3966 3743/1119/3966
f 4128/1119/3967 3210/1119/3967 4127/1119/3967 4129/1119/3967
f 4124/1119/3968 4125/1119/3968 3908/1119/3968 3919/1119/3968
f 3753/1119/3969 3912/1119/3969 3911/1119/3969 3751/1119/3969
f 3759/1119/3970 3915/1119/3970 3914/1119/3970 3757/1119/3970
f 3755/1119/3971 3913/1119/3971 3912/1119/3971 3753/1119/3971
f 2494/1119/3972 2660/1119/3972 3915/1119/3972 3759/1119/3972
f 3751/1119/3973 3911/1119/3973 3910/1119/3973 3749/1119/3973
f 3757/1119/3974 3914/1119/3974 3913/1119/3974 3755/1119/3974
f 3747/1119/3975 3909/1119/3975 3908/1119/3975 3745/1119/3975
f 3749/1119/3976 3910/1119/3976 3909/1119/3976 3747/1119/3976
f 2660/1119/3977 2662/1119/3977 3916/1119/3977 3915/1119/3977
f 3913/1119/3978 3918/1119/3978 3912/1119/3978
f 3917/1119/3979 3918/1119/3979 3913/1119/3979 3914/1119/3979
f 3914/1119/3980 3915/1119/3980 3916/1119/3980 3917/1119/3980
f 3916/1119/3981 3924/1119/3981 3925/1119/3981 3917/1119/3981
f 3918/1119/3982 3926/1119/3982 3923/1119/3982 3912/1119/3982
f 3910/1119/3983 3921/1119/3983 3920/1119/3983 3909/1119/3983
f 3911/1119/3984 3922/1119/3984 3921/1119/3984 3910/1119/3984
f 3917/1119/3985 3925/1119/3985 3926/1119/3985 3918/1119/3985
f 3909/1119/3986 3920/1119/3986 3919/1119/3986 3908/1119/3986
f 2662/1119/3987 2671/1119/3987 3924/1119/3987 3916/1119/3987
f 3912/1119/3988 3923/1119/3988 3922/1119/3988 3911/1119/3988
f 3743/1119/3989 4125/1119/3989 4124/1119/3989 3907/1119/3989 3741/1119/3989
f 3919/1119/3990 3928/1119/3990 3927/1119/3990 3907/1119/3990 4124/1119/3990
f 3924/1119/3991 3947/1119/3991 3949/1119/3991 3925/1119/3991
f 3905/1119/3992 3935/1119/3992 3934/1119/3992 3904/1119/3992
f 3903/1119/3993 3933/1119/3993 3932/1119/3993 3902/1119/3993
f 3901/1119/3994 3931/1119/3994 3930/1119/3994 3900/1119/3994
f 3906/1119/3995 3936/1119/3995 3935/1119/3995 3905/1119/3995
f 3904/1119/3996 3934/1119/3996 3933/1119/3996 3903/1119/3996
f 3902/1119/3997 3932/1119/3997 3931/1119/3997 3901/1119/3997
f 3936/1119/3998 3943/1119/3998 3942/1119/3998 3935/1119/3998
f 3934/1119/3999 3941/1119/3999 3940/1119/3999 3933/1119/3999
f 3932/1119/4000 3939/1119/4000 3938/1119/4000 3931/1119/4000
f 3935/1119/4001 3942/1119/4001 3941/1119/4001 3934/1119/4001
f 3933/1119/4002 3940/1119/4002 3939/1119/4002 3932/1119/4002
f 3931/1119/4003 3938/1119/4003 3937/1119/4003 3930/1119/4003
f 3906/1119/4004 3907/1119/4004 3927/1119/4004 3936/1119/4004
f 2662/1119/4005 2677/1119/4005 3948/1119/4005 2671/1119/4005
f 3926/1119/4006 3950/1119/4006 3946/1119/4006 3923/1119/4006
f 3921/1119/4007 3944/1119/4007 3929/1119/4007 3920/1119/4007
f 3922/1119/4008 3945/1119/4008 3944/1119/4008 3921/1119/4008
f 3925/1119/4009 3949/1119/4009 3950/1119/4009 3926/1119/4009
f 2671/1119/4010 3948/1119/4010 3947/1119/4010 3924/1119/4010
f 3923/1119/4011 3946/1119/4011 3945/1119/4011 3922/1119/4011
f 3949/1119/4012 3958/1119/4012 3959/1119/4012 3950/1119/4012
f 3945/1119/4013 3954/1119/4013 3953/1119/4013 3944/1119/4013
f 3948/1119/4014 3957/1119/4014 3956/1119/4014 3947/1119/4014
f 3944/1119/4015 3953/1119/4015 3951/1119/4015 3929/1119/4015
f 3947/1119/4016 3956/1119/4016 3958/1119/4016 3949/1119/4016
f 3950/1119/4017 3959/1119/4017 3955/1119/4017 3946/1119/4017
f 2677/1119/4018 3952/1119/4018 3957/1119/4018 3948/1119/4018
f 3946/1119/4019 3955/1119/4019 3954/1119/4019 3945/1119/4019
f 3956/1119/4020 3965/1119/4020 3967/1119/4020 3958/1119/4020
f 3959/1119/4021 3968/1119/4021 3964/1119/4021 3955/1119/4021
f 3953/1119/4022 3962/1119/4022 3960/1119/4022 3951/1119/4022
f 3954/1119/4023 3963/1119/4023 3962/1119/4023 3953/1119/4023
f 3952/1119/4024 3961/1119/4024 3966/1119/4024 3957/1119/4024
f 3958/1119/4025 3967/1119/4025 3968/1119/4025 3959/1119/4025
f 3957/1119/4026 3966/1119/4026 3965/1119/4026 3956/1119/4026
f 3955/1119/4027 3964/1119/4027 3963/1119/4027 3954/1119/4027
f 3968/1119/4028 3977/1119/4028 3973/1119/4028 3964/1119/4028
f 3962/1119/4029 3971/1119/4029 3969/1119/4029 3960/1119/4029
f 3963/1119/4030 3972/1119/4030 3971/1119/4030 3962/1119/4030
f 3961/1119/4031 3970/1119/4031 3975/1119/4031 3966/1119/4031
f 3967/1119/4032 3976/1119/4032 3977/1119/4032 3968/1119/4032
f 3966/1119/4033 3975/1119/4033 3974/1119/4033 3965/1119/4033
f 3964/1119/4034 3973/1119/4034 3972/1119/4034 3963/1119/4034
f 3965/1119/4035 3974/1119/4035 3976/1119/4035 3967/1119/4035
f 3976/1119/4036 3984/1119/4036 3985/1119/4036 3977/1119/4036
f 3975/1119/4037 3983/1119/4037 3982/1119/4037 3974/1119/4037
f 3973/1119/4038 3981/1119/4038 3980/1119/4038 3972/1119/4038
f 3974/1119/4039 3982/1119/4039 3984/1119/4039 3976/1119/4039
f 3977/1119/4040 3985/1119/4040 3981/1119/4040 3973/1119/4040
f 3971/1119/4041 3979/1119/4041 3978/1119/4041 3969/1119/4041
f 3972/1119/4042 3980/1119/4042 3979/1119/4042 3971/1119/4042
f 3981/1119/4043 3989/1119/4043 3988/1119/4043 3980/1119/4043
f 3982/1119/4044 3990/1119/4044 3991/1119/4044 3984/1119/4044
f 3985/1119/4045 3992/1119/4045 3989/1119/4045 3981/1119/4045
f 3979/1119/4046 3987/1119/4046 3986/1119/4046 3978/1119/4046
f 3980/1119/4047 3988/1119/4047 3987/1119/4047 3979/1119/4047
f 3984/1119/4048 3991/1119/4048 3992/1119/4048 3985/1119/4048
f 3900/1119/4049 3998/1119/4049 3997/1119/4049 3727/1119/4049
f 3373/1119/4050 3995/1119/4050 3994/1119/4050 3369/1119/4050
f 3727/1119/4051 3997/1119/4051 3996/1119/4051 3725/1119/4051
f 3930/1119/4052 3999/1119/4052 3998/1119/4052 3900/1119/4052
f 3725/1119/4053 3996/1119/4053 3995/1119/4053 3373/1119/4053
f 3937/1119/4054 4000/1119/4054 3999/1119/4054 3930/1119/4054
f 3369/1119/4055 3994/1119/4055 3993/1119/4055 3365/1119/4055
f 3996/1119/4056 4004/1119/4056 4003/1119/4056 3995/1119/4056
f 3994/1119/4057 4002/1119/4057 4001/1119/4057 3993/1119/4057
f 3999/1119/4058 4007/1119/4058 4006/1119/4058 3998/1119/4058
f 3997/1119/4059 4005/1119/4059 4004/1119/4059 3996/1119/4059
f 3995/1119/4060 4003/1119/4060 4002/1119/4060 3994/1119/4060
f 4000/1119/4061 4008/1119/4061 4007/1119/4061 3999/1119/4061
f 3998/1119/4062 4006/1119/4062 4005/1119/4062 3997/1119/4062
f 4007/1119/4063 4015/1119/4063 4014/1119/4063 4006/1119/4063
f 4005/1119/4064 4013/1119/4064 4012/1119/4064 4004/1119/4064
f 4003/1119/4065 4011/1119/4065 4010/1119/4065 4002/1119/4065
f 4008/1119/4066 4016/1119/4066 4015/1119/4066 4007/1119/4066
f 4006/1119/4067 4014/1119/4067 4013/1119/4067 4005/1119/4067
f 4004/1119/4068 4012/1119/4068 4011/1119/4068 4003/1119/4068
f 4002/1119/4069 4010/1119/4069 4009/1119/4069 4001/1119/4069
f 4016/1119/4070 4024/1119/4070 4023/1119/4070 4015/1119/4070
f 4014/1119/4071 4022/1119/4071 4021/1119/4071 4013/1119/4071
f 4012/1119/4072 4020/1119/4072 4019/1119/4072 4011/1119/4072
f 4010/1119/4073 4018/1119/4073 4017/1119/4073 4009/1119/4073
f 4015/1119/4074 4023/1119/4074 4022/1119/4074 4014/1119/4074
f 4013/1119/4075 4021/1119/4075 4020/1119/4075 4012/1119/4075
f 4011/1119/4076 4019/1119/4076 4018/1119/4076 4010/1119/4076
f 3361/1119/4077 4027/1119/4077 4026/1119/4077 3360/1119/4077
f 3360/1119/4078 4026/1119/4078 4025/1119/4078 3359/1119/4078
f 4027/1119/4079 4030/1119/4079 4029/1119/4079 4026/1119/4079
f 4026/1119/4080 4029/1119/4080 4028/1119/4080 4025/1119/4080
f 4031/1119/4081 3359/1119/4081 4025/1119/4081 4033/1119/4081
f 4032/1119/4082 3899/1119/4082 3359/1119/4082 4031/1119/4082
f 4025/1119/4083 4034/1119/4083 4048/1119/4083 4036/1119/4083 4033/1119/4083
f 4028/1119/4084 4035/1119/4084 4047/1119/4084 4034/1119/4084 4025/1119/4084
f 4069/1119/4085 4050/1119/4085 4039/1119/4085 4052/1119/4085
f 4068/1119/4086 4049/1119/4086 4037/1119/4086 4051/1119/4086
f 4067/1119/4087 4055/1119/4087 4042/1119/4087 4057/1119/4087
f 4066/1119/4088 4054/1119/4088 4040/1119/4088 4056/1119/4088
f 4065/1119/4089 4060/1119/4089 4074/1119/4089 4045/1119/4089 4062/1119/4089
f 4064/1119/4090 4059/1119/4090 4073/1119/4090 4043/1119/4090 4061/1119/4090
f 4063/1119/4091 4044/1119/4091 4070/1119/4091 4059/1119/4091 4064/1119/4091
f 4041/1119/4092 4063/1119/4092 4064/1119/4092 4054/1119/4092
f 4054/1119/4093 4064/1119/4093 4061/1119/4093 4040/1119/4093
f 4061/1119/4094 4043/1119/4094 4071/1119/4094 4060/1119/4094 4065/1119/4094
f 4040/1119/4095 4061/1119/4095 4065/1119/4095 4055/1119/4095
f 4055/1119/4096 4065/1119/4096 4062/1119/4096 4042/1119/4096
f 4058/1119/4097 4041/1119/4097 4054/1119/4097 4066/1119/4097
f 4038/1119/4098 4058/1119/4098 4066/1119/4098 4049/1119/4098
f 4049/1119/4099 4066/1119/4099 4056/1119/4099 4037/1119/4099
f 4056/1119/4100 4040/1119/4100 4055/1119/4100 4067/1119/4100
f 4037/1119/4101 4056/1119/4101 4067/1119/4101 4050/1119/4101
f 4050/1119/4102 4067/1119/4102 4057/1119/4102 4039/1119/4102
f 4053/1119/4103 4038/1119/4103 4049/1119/4103 4068/1119/4103
f 4035/1119/4104 4053/1119/4104 4068/1119/4104 4047/1119/4104
f 4047/1119/4105 4068/1119/4105 4051/1119/4105 4034/1119/4105
f 4051/1119/4106 4037/1119/4106 4050/1119/4106 4069/1119/4106
f 4034/1119/4107 4051/1119/4107 4069/1119/4107 4048/1119/4107
f 4048/1119/4108 4069/1119/4108 4052/1119/4108 4036/1119/4108
f 4043/1119/4109 4073/1119/4109 4072/1119/4109
f 4043/1119/4110 4072/1119/4110 4071/1119/4110
f 4072/1119/4111 4046/1119/4111 4060/1119/4111 4071/1119/4111
f 4060/1119/4112 4046/1119/4112 4045/1119/4112 4074/1119/4112
f 4072/1119/4113 4043/1119/4113 4073/1119/4113 4059/1119/4113
f 4070/1119/4114 4044/1119/4114 4046/1119/4114 4072/1119/4114
f 4044/1119/4115 4075/1119/4115 4077/1119/4115 4046/1119/4115
f 4046/1119/4116 4077/1119/4116 4076/1119/4116 4045/1119/4116
f 4059/1119/4117 4070/1119/4117 4072/1119/4117
f 4031/1119/4118 4078/1119/4118 4079/1119/4118 4032/1119/4118
f 4033/1119/4119 4080/1119/4119 4078/1119/4119 4031/1119/4119
f 4078/1119/4120 4081/1119/4120 4082/1119/4120 4079/1119/4120
f 4080/1119/4121 4083/1119/4121 4081/1119/4121 4078/1119/4121
f 4023/1119/4122 4090/1119/4122 4089/1119/4122 4022/1119/4122
f 4021/1119/4123 4088/1119/4123 4087/1119/4123 4020/1119/4123
f 4019/1119/4124 4086/1119/4124 4085/1119/4124 4018/1119/4124
f 4024/1119/4125 4091/1119/4125 4090/1119/4125 4023/1119/4125
f 4022/1119/4126 4089/1119/4126 4088/1119/4126 4021/1119/4126
f 4020/1119/4127 4087/1119/4127 4086/1119/4127 4019/1119/4127
f 4018/1119/4128 4085/1119/4128 4084/1119/4128 4017/1119/4128
f 4090/1119/4129 4098/1119/4129 4097/1119/4129 4089/1119/4129
f 4088/1119/4130 4096/1119/4130 4095/1119/4130 4087/1119/4130
f 4086/1119/4131 4094/1119/4131 4093/1119/4131 4085/1119/4131
f 4091/1119/4132 4099/1119/4132 4098/1119/4132 4090/1119/4132
f 4089/1119/4133 4097/1119/4133 4096/1119/4133 4088/1119/4133
f 4087/1119/4134 4095/1119/4134 4094/1119/4134 4086/1119/4134
f 4085/1119/4135 4093/1119/4135 4092/1119/4135 4084/1119/4135
f 4096/1119/4136 4104/1119/4136 4103/1119/4136 4095/1119/4136
f 4094/1119/4137 4102/1119/4137 4101/1119/4137 4093/1119/4137
f 4099/1119/4138 4107/1119/4138 4106/1119/4138 4098/1119/4138
f 4097/1119/4139 4105/1119/4139 4104/1119/4139 4096/1119/4139
f 4095/1119/4140 4103/1119/4140 4102/1119/4140 4094/1119/4140
f 4093/1119/4141 4101/1119/4141 4100/1119/4141 4092/1119/4141
f 4098/1119/4142 4106/1119/4142 4105/1119/4142 4097/1119/4142
f 4107/1119/4143 4115/1119/4143 4114/1119/4143 4106/1119/4143
f 4105/1119/4144 4113/1119/4144 4112/1119/4144 4104/1119/4144
f 4103/1119/4145 4111/1119/4145 4110/1119/4145 4102/1119/4145
f 4101/1119/4146 4109/1119/4146 4108/1119/4146 4100/1119/4146
f 4106/1119/4147 4114/1119/4147 4113/1119/4147 4105/1119/4147
f 4104/1119/4148 4112/1119/4148 4111/1119/4148 4103/1119/4148
f 4102/1119/4149 4110/1119/4149 4109/1119/4149 4101/1119/4149
f 3928/1119/4150 4117/1119/4150 4116/1119/4150 3927/1119/4150
f 4117/1119/4151 4119/1119/4151 4118/1119/4151 4116/1119/4151
f 4119/1119/4152 4121/1119/4152 4120/1119/4152 4118/1119/4152
f 4121/1119/4153 4123/1119/4153 4122/1119/4153 4120/1119/4153
f 3920/1119/4154 3929/1119/4154 3928/1119/4154 3919/1119/4154
f 3929/1119/4155 3951/1119/4155 4117/1119/4155 3928/1119/4155
f 3951/1119/4156 3960/1119/4156 4119/1119/4156 4117/1119/4156
f 3960/1119/4157 3969/1119/4157 4121/1119/4157 4119/1119/4157
f 3969/1119/4158 3978/1119/4158 4123/1119/4158 4121/1119/4158
f 3943/1119/4159 3936/1119/4159 3927/1119/4159 4116/1119/4159
f 3356/1119/4160 3355/1119/4160 3365/1119/4160 3993/1119/4160
f 3361/1119/4161 3356/1119/4161 3993/1119/4161 4001/1119/4161
f 4009/1119/4162 4017/1119/4162 4027/1119/4162 3361/1119/4162
f 4001/1119/4163 4009/1119/4163 3361/1119/4163
f 4030/1119/4164 4027/1119/4164 4017/1119/4164 4084/1119/4164
f 3397/1119/4165 3395/1119/4165 3651/1119/4165 3650/1119/4165
f 3395/1119/4166 3393/1119/4166 3385/1119/4166 3651/1119/4166
f 3391/1119/4167 3389/1119/4167 3393/1119/4167
f 3589/1119/4168 3595/1119/4168 3601/1119/4168 3598/1119/4168
f 3598/1119/4169 3601/1119/4169 3621/1119/4169 3383/1119/4169
f 3606/1119/4170 3622/1119/4170 3621/1119/4170 3601/1119/4170
f 3606/1119/4171 3605/1119/4171 3622/1119/4171
f 3211/1119/4172 4128/1119/4172 4129/1119/4172 4126/1119/4172
f 4127/1119/4173 1931/1119/4173 1933/1119/4173 4129/1119/4173
f 4126/1119/4174 3277/1119/4174 3211/1119/4174
f 3899/1119/4175 4032/1119/4175 3896/1119/4175
f 3897/1119/4176 3896/1119/4176 4032/1119/4176 4079/1119/4176 4142/1119/4176
f 3895/1119/4177 3897/1119/4177 3887/1119/4177
f 3888/1119/4178 4131/1119/4178 4132/1119/4178 3889/1119/4178
f 3887/1119/4179 4130/1119/4179 4131/1119/4179 3888/1119/4179
f 4131/1119/4180 4134/1119/4180 4135/1119/4180 4132/1119/4180
f 4130/1119/4181 4133/1119/4181 4134/1119/4181 4131/1119/4181
f 4134/1119/4182 4137/1119/4182 4138/1119/4182 4135/1119/4182
f 4133/1119/4183 4136/1119/4183 4137/1119/4183 4134/1119/4183
f 4137/1119/4184 4140/1119/4184 4141/1119/4184 4138/1119/4184
f 4136/1119/4185 4139/1119/4185 4140/1119/4185 4137/1119/4185
f 3887/1119/4186 3897/1119/4186 4130/1119/4186
f 4133/1119/4187 4130/1119/4187 3897/1119/4187 4142/1119/4187
f 4142/1119/4188 4079/1119/4188 4136/1119/4188 4133/1119/4188
f 4079/1119/4189 4082/1119/4189 4139/1119/4189 4136/1119/4189
f 3889/1119/4190 4132/1119/4190 3890/1119/4190
f 3891/1119/4191 3890/1119/4191 4132/1119/4191 4135/1119/4191
f 3892/1119/4192 3891/1119/4192 4135/1119/4192 4138/1119/4192
f 3893/1119/4193 3892/1119/4193 4138/1119/4193 4141/1119/4193
f 4028/1119/4194 4029/1119/4194 4035/1119/4194
f 4030/1119/4195 4035/1119/4195 4029/1119/4195
f 4053/1119/4196 4035/1119/4196 4030/1119/4196 4084/1119/4196
f 4038/1119/4197 4053/1119/4197 4084/1119/4197 4092/1119/4197
f 4063/1119/4198 4146/1119/4198 4144/1119/4198 4044/1119/4198
f 4058/1119/4199 4145/1119/4199 4143/1119/4199 4041/1119/4199
f 4041/1119/4200 4143/1119/4200 4146/1119/4200 4063/1119/4200
f 4145/1119/4201 4148/1119/4201 4143/1119/4201
f 4146/1119/4202 4147/1119/4202 4144/1119/4202
f 4143/1119/4203 4148/1119/4203 4147/1119/4203 4146/1119/4203
f 4058/1119/4204 4038/1119/4204 4092/1119/4204 4145/1119/4204
f 4145/1119/4205 4092/1119/4205 4148/1119/4205
f 4092/1119/4206 4100/1119/4206 4147/1119/4206 4148/1119/4206
f 4044/1119/4207 4144/1119/4207 4075/1119/4207
f 4144/1119/4208 4147/1119/4208 4100/1119/4208 4075/1119/4208
f 4075/1119/4209 4149/1119/4209 4151/1119/4209 4077/1119/4209
f 4077/1119/4210 4151/1119/4210 4150/1119/4210 4076/1119/4210
f 4149/1119/4211 4152/1119/4211 4154/1119/4211 4151/1119/4211
f 4151/1119/4212 4154/1119/4212 4153/1119/4212 4150/1119/4212
f 4152/1119/4213 4155/1119/4213 4157/1119/4213 4154/1119/4213
f 4154/1119/4214 4157/1119/4214 4156/1119/4214 4153/1119/4214
f 4075/1119/4215 4100/1119/4215 4149/1119/4215
f 4100/1119/4216 4108/1119/4216 4152/1119/4216 4149/1119/4216
f 4152/1119/4217 4108/1119/4217 4155/1119/4217
f 4039/1119/4218 4158/1119/4218 4052/1119/4218
f 4042/1119/4219 4159/1119/4219 4057/1119/4219
f 4062/1119/4220 4159/1119/4220 4042/1119/4220
f 4039/1119/4221 4057/1119/4221 4159/1119/4221 4158/1119/4221
f 4052/1119/4222 4158/1119/4222 4036/1119/4222
f 4036/1119/4223 4158/1119/4223 4033/1119/4223
f 4033/1119/4224 4158/1119/4224 4080/1119/4224
f 4080/1119/4225 4158/1119/4225 4159/1119/4225 4083/1119/4225
f 4062/1119/4226 4045/1119/4226 4159/1119/4226
f 4045/1119/4227 4076/1119/4227 4083/1119/4227 4159/1119/4227
f 4150/1119/4228 4083/1119/4228 4076/1119/4228
f 3831/1119/4229 3893/1119/4229 3837/1119/4229
f 3893/1119/4230 4161/1119/4230 4160/1119/4230 3837/1119/4230
f 4161/1119/4231 4163/1119/4231 4162/1119/4231 4160/1119/4231
f 4163/1119/4232 4165/1119/4232 4164/1119/4232 4162/1119/4232
f 4165/1119/4233 4167/1119/4233 4166/1119/4233 4164/1119/4233
f 4167/1119/4234 4169/1119/4234 4168/1119/4234 4166/1119/4234
f 4169/1119/4235 4171/1119/4235 4170/1119/4235 4168/1119/4235
f 4171/1119/4236 4173/1119/4236 4172/1119/4236 4170/1119/4236
f 4173/1119/4237 4175/1119/4237 4174/1119/4237 4172/1119/4237
f 4175/1119/4238 4177/1119/4238 4176/1119/4238 4174/1119/4238
f 4177/1119/4239 4179/1119/4239 4178/1119/4239 4176/1119/4239
f 3837/1119/4240 4160/1119/4240 3842/1119/4240
f 3848/1119/4241 3842/1119/4241 4160/1119/4241 4162/1119/4241
f 3853/1119/4242 3848/1119/4242 4162/1119/4242 4164/1119/4242
f 4164/1119/4243 4166/1119/4243 3853/1119/4243
f 4166/1119/4244 4181/1119/4244 4180/1119/4244 3853/1119/4244
f 4181/1119/4245 4183/1119/4245 4182/1119/4245 4180/1119/4245
f 4183/1119/4246 4185/1119/4246 4184/1119/4246 4182/1119/4246
f 4185/1119/4247 4187/1119/4247 4186/1119/4247 4184/1119/4247
f 4187/1119/4248 4189/1119/4248 4188/1119/4248 4186/1119/4248
f 4166/1119/4249 4168/1119/4249 4181/1119/4249
f 4168/1119/4250 4170/1119/4250 4183/1119/4250 4181/1119/4250
f 4170/1119/4251 4172/1119/4251 4185/1119/4251 4183/1119/4251
f 4172/1119/4252 4174/1119/4252 4187/1119/4252 4185/1119/4252
f 4174/1119/4253 4176/1119/4253 4189/1119/4253 4187/1119/4253
f 4178/1119/4254 4189/1119/4254 4176/1119/4254
f 3893/1119/4255 4141/1119/4255 4161/1119/4255
f 4161/1119/4256 4141/1119/4256 4163/1119/4256
f 4141/1119/4257 4190/1119/4257 4191/1119/4257 4163/1119/4257
f 4190/1119/4258 4192/1119/4258 4193/1119/4258 4191/1119/4258
f 4192/1119/4259 4194/1119/4259 4195/1119/4259 4193/1119/4259
f 4194/1119/4260 4196/1119/4260 4197/1119/4260 4195/1119/4260
f 4196/1119/4261 4198/1119/4261 4199/1119/4261 4197/1119/4261
f 4081/1119/4262 4083/1119/4262 4198/1119/4262 4196/1119/4262
f 4082/1119/4263 4081/1119/4263 4196/1119/4263 4194/1119/4263
f 4139/1119/4264 4082/1119/4264 4194/1119/4264 4192/1119/4264
f 4140/1119/4265 4139/1119/4265 4192/1119/4265 4190/1119/4265
f 4141/1119/4266 4140/1119/4266 4190/1119/4266
f 4153/1119/4267 4198/1119/4267 4083/1119/4267 4150/1119/4267
f 4156/1119/4268 4198/1119/4268 4153/1119/4268
f 4156/1119/4269 4157/1119/4269 4199/1119/4269 4198/1119/4269
f 4163/1119/4270 4191/1119/4270 4165/1119/4270
f 4167/1119/4271 4165/1119/4271 4191/1119/4271 4193/1119/4271
f 4169/1119/4272 4167/1119/4272 4193/1119/4272 4195/1119/4272
f 4171/1119/4273 4169/1119/4273 4195/1119/4273 4197/1119/4273
f 4173/1119/4274 4171/1119/4274 4197/1119/4274 4199/1119/4274
f 3884/1119/4275 3853/1119/4275 4180/1119/4275
f 4180/1119/4276 4182/1119/4276 3884/1119/4276
f 4182/1119/4277 4201/1119/4277 4200/1119/4277 3884/1119/4277
f 4201/1119/4278 4203/1119/4278 4202/1119/4278 4200/1119/4278
f 4203/1119/4279 4205/1119/4279 4204/1119/4279 4202/1119/4279
f 4205/1119/4280 4207/1119/4280 4206/1119/4280 4204/1119/4280
f 4207/1119/4281 4209/1119/4281 4208/1119/4281 4206/1119/4281
f 4209/1119/4282 4211/1119/4282 4210/1119/4282 4208/1119/4282
f 3886/1119/4283 3884/1119/4283 4200/1119/4283
f 3885/1119/4284 3886/1119/4284 4200/1119/4284 4202/1119/4284
f 2628/1119/4285 3885/1119/4285 4202/1119/4285 2961/1119/4285 2962/1119/4285
f 4202/1119/4286 4204/1119/4286 4212/1119/4286 2961/1119/4286
f 4204/1119/4287 4206/1119/4287 4208/1119/4287 4212/1119/4287
f 4182/1119/4288 4184/1119/4288 4201/1119/4288
f 4184/1119/4289 4186/1119/4289 4203/1119/4289 4201/1119/4289
f 4186/1119/4290 4188/1119/4290 4205/1119/4290 4203/1119/4290
f 4173/1119/4291 4199/1119/4291 4175/1119/4291
f 4199/1119/4292 4157/1119/4292 4175/1119/4292
f 4157/1119/4293 4155/1119/4293 4177/1119/4293 4175/1119/4293
f 4155/1119/4294 4108/1119/4294 4213/1119/4294 4179/1119/4294 4177/1119/4294
f 4109/1119/4295 4213/1119/4295 4108/1119/4295
f 4213/1119/4296 4215/1119/4296 4214/1119/4296 4179/1119/4296
f 4215/1119/4297 4217/1119/4297 4216/1119/4297 4214/1119/4297
f 4217/1119/4298 4219/1119/4298 4218/1119/4298 4216/1119/4298
f 4219/1119/4299 4221/1119/4299 4220/1119/4299 4218/1119/4299
f 4221/1119/4300 4223/1119/4300 4222/1119/4300 4220/1119/4300
f 4223/1119/4301 4225/1119/4301 4224/1119/4301 4222/1119/4301
f 4213/1119/4302 4109/1119/4302 4215/1119/4302
f 4109/1119/4303 4110/1119/4303 4217/1119/4303 4215/1119/4303
f 4110/1119/4304 4111/1119/4304 4219/1119/4304 4217/1119/4304
f 4111/1119/4305 4112/1119/4305 4221/1119/4305 4219/1119/4305
f 4112/1119/4306 4113/1119/4306 4223/1119/4306 4221/1119/4306
f 4114/1119/4307 4223/1119/4307 4113/1119/4307
f 4114/1119/4308 4115/1119/4308 4225/1119/4308 4223/1119/4308
f 4178/1119/4309 4226/1119/4309 4228/1119/4309 4189/1119/4309
f 4189/1119/4310 4228/1119/4310 4227/1119/4310 4188/1119/4310
f 4226/1119/4311 4229/1119/4311 4231/1119/4311 4228/1119/4311
f 4228/1119/4312 4231/1119/4312 4230/1119/4312 4227/1119/4312
f 4229/1119/4313 4232/1119/4313 4234/1119/4313 4231/1119/4313
f 4231/1119/4314 4234/1119/4314 4233/1119/4314 4230/1119/4314
f 4232/1119/4315 4235/1119/4315 4237/1119/4315 4234/1119/4315
f 4234/1119/4316 4237/1119/4316 4236/1119/4316 4233/1119/4316
f 4235/1119/4317 4238/1119/4317 4240/1119/4317 4237/1119/4317
f 4237/1119/4318 4240/1119/4318 4239/1119/4318 4236/1119/4318
f 4207/1119/4319 4205/1119/4319 4188/1119/4319 4227/1119/4319
f 4207/1119/4320 4241/1119/4320 4209/1119/4320
f 4227/1119/4321 4230/1119/4321 4241/1119/4321 4207/1119/4321
f 4241/1119/4322 4243/1119/4322 4242/1119/4322 4209/1119/4322
f 4243/1119/4323 4245/1119/4323 4244/1119/4323 4242/1119/4323
f 4230/1119/4324 4233/1119/4324 4243/1119/4324 4241/1119/4324
f 4233/1119/4325 4236/1119/4325 4245/1119/4325 4243/1119/4325
f 4178/1119/4326 4179/1119/4326 4214/1119/4326 4226/1119/4326
f 4214/1119/4327 4216/1119/4327 4218/1119/4327 4229/1119/4327 4226/1119/4327
f 4218/1119/4328 4220/1119/4328 4232/1119/4328 4229/1119/4328
f 4220/1119/4329 4222/1119/4329 4235/1119/4329 4232/1119/4329
f 4222/1119/4330 4224/1119/4330 4238/1119/4330 4235/1119/4330
f 4211/1119/4331 4209/1119/4331 4242/1119/4331 4244/1119/4331
f 4245/1119/4332 4247/1119/4332 4246/1119/4332 4244/1119/4332
f 4247/1119/4333 4248/1119/4333 2998/1119/4333 4246/1119/4333
f 4248/1119/4334 4249/1119/4334 3000/1119/4334 2998/1119/4334
f 4249/1119/4335 4250/1119/4335 3002/1119/4335 3000/1119/4335
f 4250/1119/4336 4251/1119/4336 3004/1119/4336 3002/1119/4336
f 4120/1119/3082 4252/1119/3082 4253/1119/3082 4118/1119/3082
f 4116/1119/4337 4118/1119/4337 3943/1119/4337
f 3986/1119/4338 4123/1119/4338 3978/1119/4338
f 4122/1119/4339 4255/1119/4339 4254/1119/4339 4120/1119/4339
f 4255/1119/4340 4257/1119/4340 4256/1119/4340 4254/1119/4340
f 4257/1119/4341 4259/1119/4341 4258/1119/4341 4256/1119/4341
f 4259/1119/4342 4261/1119/4342 4260/1119/4342 4258/1119/4342
f 4261/1119/4343 4263/1119/4343 4262/1119/4343 4260/1119/4343
f 4263/1119/4344 4265/1119/4344 4264/1119/4344 4262/1119/4344
f 4265/1119/4345 4267/1119/4345 4266/1119/4345 4264/1119/4345
f 4267/1119/4346 4269/1119/4346 4268/1119/4346 4266/1119/4346
f 4269/1119/4347 4271/1119/4347 4270/1119/4347 4268/1119/4347
f 4271/1119/4348 4273/1119/4348 4272/1119/4348 4270/1119/4348
f 4273/1119/4349 4275/1119/4349 4274/1119/4349 4272/1119/4349
f 4275/1119/4350 4277/1119/4350 4276/1119/4350 4274/1119/4350
f 4277/1119/4351 4279/1119/4351 4278/1119/4351 4276/1119/4351
f 4254/1119/4352 3943/1119/4352 4118/1119/4352 4120/1119/4352
f 3942/1119/4353 3943/1119/4353 4254/1119/4353 4256/1119/4353
f 3941/1119/4354 3942/1119/4354 4256/1119/4354 4258/1119/4354
f 3940/1119/4355 3941/1119/4355 4258/1119/4355 4260/1119/4355
f 3939/1119/4356 3940/1119/4356 4260/1119/4356 4262/1119/4356
f 3938/1119/4357 3939/1119/4357 4262/1119/4357 4264/1119/4357
f 3937/1119/4358 3938/1119/4358 4264/1119/4358 4266/1119/4358
f 4000/1119/4359 3937/1119/4359 4266/1119/4359 4268/1119/4359
f 4008/1119/4360 4000/1119/4360 4268/1119/4360 4270/1119/4360
f 4016/1119/4361 4008/1119/4361 4270/1119/4361 4272/1119/4361
f 4024/1119/4362 4016/1119/4362 4272/1119/4362 4274/1119/4362
f 4091/1119/4363 4024/1119/4363 4274/1119/4363 4276/1119/4363
f 4099/1119/4364 4091/1119/4364 4276/1119/4364 4278/1119/4364
f 4279/1119/4365 4281/1119/4365 4280/1119/4365 4278/1119/4365
f 4281/1119/4366 4283/1119/4366 4282/1119/4366 4280/1119/4366
f 4283/1119/4367 4285/1119/4367 4284/1119/4367 4282/1119/4367
f 4285/1119/4368 4287/1119/4368 4286/1119/4368 4284/1119/4368
f 4287/1119/4369 4289/1119/4369 4288/1119/4369 4286/1119/4369
f 4289/1119/4370 4291/1119/4370 4290/1119/4370 4288/1119/4370
f 4240/1119/4371 4238/1119/4371 4288/1119/4371 4290/1119/4371
f 4238/1119/4372 4224/1119/4372 4286/1119/4372 4288/1119/4372
f 4224/1119/4373 4225/1119/4373 4284/1119/4373 4286/1119/4373
f 4225/1119/4374 4115/1119/4374 4282/1119/4374 4284/1119/4374
f 4115/1119/4375 4107/1119/4375 4280/1119/4375 4282/1119/4375
f 4107/1119/4376 4099/1119/4376 4278/1119/4376 4280/1119/4376
f 4236/1119/4377 4239/1119/4377 4247/1119/4377 4245/1119/4377
f 4289/1119/4378 4294/1119/4378 4295/1119/4378 4291/1119/4378
f 4240/1119/4379 4290/1119/4379 4292/1119/4379 4239/1119/4379
f 4291/1119/4380 4293/1119/4380 4292/1119/4380 4290/1119/4380
f 4248/1119/4381 4247/1119/4381 4239/1119/4381 4292/1119/4381
f 4249/1119/4382 4248/1119/4382 4292/1119/4382 4293/1119/4382
f 4291/1119/4383 4295/1119/4383 4249/1119/4383 4293/1119/4383
f 4250/1119/4384 4249/1119/4384 4295/1119/4384 4294/1119/4384
f 4296/1119/4385 4251/1119/4385 4250/1119/4385 4294/1119/4385
f 4294/1119/4386 4297/1119/4386 4298/1119/4386 4296/1119/4386
f 4297/1119/4387 4299/1119/4387 4300/1119/4387 4298/1119/4387
f 4299/1119/4388 4301/1119/4388 4302/1119/4388 4300/1119/4388
f 4289/1119/4389 4287/1119/4389 4297/1119/4389 4294/1119/4389
f 4287/1119/4390 4285/1119/4390 4299/1119/4390 4297/1119/4390
f 4285/1119/4391 4283/1119/4391 4301/1119/4391 4299/1119/4391
f 4301/1119/4392 4303/1119/4392 4304/1119/4392 4302/1119/4392
f 4303/1119/4393 4305/1119/4393 4306/1119/4393 4304/1119/4393
f 4305/1119/4394 4307/1119/4394 4308/1119/4394 4306/1119/4394
f 4307/1119/4395 4309/1119/4395 4310/1119/4395 4308/1119/4395
f 4309/1119/4396 4311/1119/4396 4312/1119/4396 4310/1119/4396
f 4311/1119/4397 4313/1119/4397 4314/1119/4397 4312/1119/4397
f 4313/1119/4398 4315/1119/4398 4316/1119/4398 4314/1119/4398
f 4315/1119/4399 4317/1119/4399 4318/1119/4399 4316/1119/4399
f 4317/1119/4400 4319/1119/4400 4320/1119/4400 4318/1119/4400
f 4319/1119/4401 4321/1119/4401 4322/1119/4401 4320/1119/4401
f 4321/1119/4402 4323/1119/4402 4324/1119/4402 4322/1119/4402
f 4323/1119/4403 4325/1119/4403 4326/1119/4403 4324/1119/4403
f 4325/1119/4404 4327/1119/4404 4328/1119/4404 4326/1119/4404
f 4327/1119/4405 4329/1119/4405 4330/1119/4405 4328/1119/4405
f 4329/1119/4406 4331/1119/4406 4332/1119/4406 4330/1119/4406
f 4331/1119/4407 4333/1119/4407 4334/1119/4407 4332/1119/4407
f 4333/1119/4408 3089/1119/4408 3090/1119/4408 4334/1119/4408
f 4327/1119/4409 4341/1119/4409 4342/1119/4409 4329/1119/4409
f 4325/1119/4410 4340/1119/4410 4341/1119/4410 4327/1119/4410
f 4323/1119/4411 4339/1119/4411 4340/1119/4411 4325/1119/4411
f 4321/1119/4412 4338/1119/4412 4339/1119/4412 4323/1119/4412
f 4319/1119/4413 4337/1119/4413 4338/1119/4413 4321/1119/4413
f 4317/1119/4414 4336/1119/4414 4337/1119/4414 4319/1119/4414
f 4333/1119/4415 4344/1119/4415 4345/1119/4415 3089/1119/4415
f 4315/1119/4416 4335/1119/4416 4336/1119/4416 4317/1119/4416
f 4331/1119/4417 4343/1119/4417 4344/1119/4417 4333/1119/4417
f 4329/1119/4418 4342/1119/4418 4343/1119/4418 4331/1119/4418
f 4341/1119/4419 4352/1119/4419 4353/1119/4419 4342/1119/4419
f 4338/1119/4420 4349/1119/4420 4350/1119/4420 4339/1119/4420
f 4335/1119/4421 4346/1119/4421 4347/1119/4421 4336/1119/4421
f 4342/1119/4422 4353/1119/4422 4354/1119/4422 4442/1119/4422 4343/1119/4422
f 4339/1119/4423 4350/1119/4423 4351/1119/4423 4340/1119/4423
f 4336/1119/4424 4347/1119/4424 4348/1119/4424 4337/1119/4424
f 4442/1119/4425 4354/1119/4425 4355/1119/4425 4443/1119/4425
f 4340/1119/4426 4351/1119/4426 4352/1119/4426 4341/1119/4426
f 4337/1119/4427 4348/1119/4427 4349/1119/4427 4338/1119/4427
f 4443/1119/4428 4355/1119/4428 3112/1119/4428 4444/1119/4428
f 3991/1119/4429 3990/1119/4429 3112/1119/4429 4355/1119/4429
f 3989/1119/4430 3992/1119/4430 3991/1119/4430 4355/1119/4430
f 3988/1119/4431 3989/1119/4431 4355/1119/4431 4354/1119/4431
f 3988/1119/4432 4354/1119/4432 3987/1119/4432
f 3986/1119/4433 3987/1119/4433 4354/1119/4433 4353/1119/4433
f 4123/1119/4434 3986/1119/4434 4353/1119/4434
f 4122/1119/4435 4123/1119/4435 4353/1119/4435 4352/1119/4435
f 4352/1119/4436 4351/1119/4436 4122/1119/4436
f 4122/1119/4437 4351/1119/4437 4255/1119/4437
f 4257/1119/4438 4255/1119/4438 4351/1119/4438 4350/1119/4438
f 4259/1119/4439 4257/1119/4439 4350/1119/4439 4349/1119/4439
f 4261/1119/4440 4259/1119/4440 4349/1119/4440 4348/1119/4440
f 4263/1119/4441 4261/1119/4441 4348/1119/4441 4347/1119/4441
f 4265/1119/4442 4263/1119/4442 4347/1119/4442 4346/1119/4442
f 4265/1119/4443 4346/1119/4443 4267/1119/4443
f 4269/1119/4444 4267/1119/4444 4346/1119/4444 4335/1119/4444
f 4315/1119/4445 4313/1119/4445 4269/1119/4445 4335/1119/4445
f 4271/1119/4446 4269/1119/4446 4313/1119/4446 4311/1119/4446
f 4273/1119/4447 4271/1119/4447 4311/1119/4447 4309/1119/4447
f 4275/1119/4448 4273/1119/4448 4309/1119/4448 4307/1119/4448
f 4277/1119/4449 4275/1119/4449 4307/1119/4449 4305/1119/4449
f 4279/1119/4450 4277/1119/4450 4305/1119/4450 4303/1119/4450
f 4281/1119/4451 4279/1119/4451 4303/1119/4451 4301/1119/4451
f 4281/1119/4452 4301/1119/4452 4283/1119/4452
f 3315/1119/4453 3358/1119/4453 4359/1119/4453 4356/1119/4453
f 3302/1119/4454 3300/1119/4454 4358/1119/4454 4359/1119/4454 3358/1119/4454
f 3300/1119/4455 3311/1119/4455 3314/1119/4455 4357/1119/4455 4358/1119/4455
f 2382/1119/4456 2156/1119/4456 3423/1119/4456 3649/1119/4456
f 3648/1119/4457 3649/1119/4457 3423/1119/4457 3421/1119/4457
f 3409/1119/4458 4367/1119/4458 4369/1119/4458 3411/1119/4458
f 3648/1119/4459 4382/1119/4459 3141/1119/4459 3649/1119/4459
f 3643/1119/4460 3135/1119/4460 4377/1119/4460 3642/1119/4460
f 3640/1119/4461 4375/1119/4461 4374/1119/4461 3639/1119/4461
f 4379/1119/4462 4395/1119/4462 4394/1119/4462 4378/1119/4462
f 3413/1119/4463 4370/1119/4463 4371/1119/4463 3415/1119/4463
f 3642/1119/4464 4377/1119/4464 4376/1119/4464 3641/1119/4464
f 3641/1119/4465 4376/1119/4465 4375/1119/4465 3640/1119/4465
f 3417/1119/4466 4372/1119/4466 4373/1119/4466 3419/1119/4466
f 3407/1119/4467 4368/1119/4467 4367/1119/4467 3409/1119/4467
f 3421/1119/4468 3420/1119/4468 3418/1119/4468 4363/1119/4468
f 4360/1119/4469 3410/1119/4469 3408/1119/4469 4361/1119/4469
f 4366/1119/4470 3412/1119/4470 3410/1119/4470 4360/1119/4470
f 4365/1119/4471 3414/1119/4471 3412/1119/4471 4366/1119/4471
f 4362/1119/4472 3406/1119/4472 3404/1119/4472 3405/1119/4472
f 4364/1119/4473 3416/1119/4473 3414/1119/4473 4365/1119/4473
f 4361/1119/4474 3408/1119/4474 3406/1119/4474 4362/1119/4474
f 4363/1119/4475 3418/1119/4475 3416/1119/4475 4364/1119/4475
f 3419/1119/4476 3648/1119/4476 3421/1119/4476 4363/1119/4476
f 3649/1119/4477 3141/1119/4477 2382/1119/4477
f 4373/1119/4478 4389/1119/4478 4398/1119/4478 4382/1119/4478
f 4370/1119/4479 4386/1119/4479 4387/1119/4479 4371/1119/4479
f 4382/1119/4480 4398/1119/4480 3158/1119/4480 3141/1119/4480
f 4369/1119/4481 4385/1119/4481 4386/1119/4481 4370/1119/4481
f 3135/1119/4482 3153/1119/4482 4393/1119/4482 4377/1119/4482
f 4381/1119/4483 4397/1119/4483 4384/1119/4483 4368/1119/4483
f 4367/1119/4484 4383/1119/4484 4385/1119/4484 4369/1119/4484
f 3643/1119/4485 3644/1119/4485 3135/1119/4485
f 3419/1119/4486 4373/1119/4486 4382/1119/4486 3648/1119/4486
f 3646/1119/4487 4379/1119/4487 4378/1119/4487 3645/1119/4487
f 3415/1119/4488 4371/1119/4488 4372/1119/4488 3417/1119/4488
f 3645/1119/4489 4378/1119/4489 4380/1119/4489 3647/1119/4489
f 3411/1119/4490 4369/1119/4490 4370/1119/4490 3413/1119/4490
f 3639/1119/4491 4374/1119/4491 4379/1119/4491 3646/1119/4491
f 3637/1119/4492 4381/1119/4492 4368/1119/4492 3407/1119/4492
f 3647/1119/4493 4380/1119/4493 4381/1119/4493 3637/1119/4493
f 4392/1119/4494 4393/1119/4494 3153/1119/4494 3158/1119/4494 4398/1119/4494
f 4392/1119/4495 4398/1119/4495 4389/1119/4495 4391/1119/4495
f 4389/1119/4496 4388/1119/4496 4390/1119/4496 4391/1119/4496
f 4387/1119/4497 4395/1119/4497 4390/1119/4497 4388/1119/4497
f 4386/1119/4498 4395/1119/4498 4387/1119/4498
f 4386/1119/4499 4385/1119/4499 4394/1119/4499 4395/1119/4499
f 4383/1119/4500 4396/1119/4500 4394/1119/4500 4385/1119/4500
f 4383/1119/4501 4384/1119/4501 4397/1119/4501 4396/1119/4501
f 4371/1119/4502 4387/1119/4502 4388/1119/4502 4372/1119/4502
f 4378/1119/4503 4394/1119/4503 4396/1119/4503 4380/1119/4503
f 4372/1119/4504 4388/1119/4504 4389/1119/4504 4373/1119/4504
f 4374/1119/4505 4390/1119/4505 4395/1119/4505 4379/1119/4505
f 4375/1119/4506 4391/1119/4506 4390/1119/4506 4374/1119/4506
f 4380/1119/4507 4396/1119/4507 4397/1119/4507 4381/1119/4507
f 4376/1119/4508 4392/1119/4508 4391/1119/4508 4375/1119/4508
f 4368/1119/4509 4384/1119/4509 4383/1119/4509 4367/1119/4509
f 4377/1119/4510 4393/1119/4510 4392/1119/4510 4376/1119/4510
f 4316/1119/4511 4410/1119/4511 4409/1119/4511 4314/1119/4511
f 4326/1119/4512 4415/1119/4512 4414/1119/4512 4324/1119/4512
f 3090/1119/4513 3182/1119/4513 4419/1119/4513 4334/1119/4513
f 4251/1119/4514 4399/1119/4514 3160/1119/4514 3004/1119/4514
f 4312/1119/4515 4408/1119/4515 4407/1119/4515 4310/1119/4515
f 4322/1119/4516 4413/1119/4516 4412/1119/4516 4320/1119/4516
f 4332/1119/4517 4418/1119/4517 4417/1119/4517 4330/1119/4517
f 4300/1119/4518 4402/1119/4518 4401/1119/4518 4298/1119/4518
f 4308/1119/4519 4406/1119/4519 4405/1119/4519 4306/1119/4519
f 4318/1119/4520 4411/1119/4520 4410/1119/4520 4316/1119/4520
f 4328/1119/4521 4416/1119/4521 4415/1119/4521 4326/1119/4521
f 4296/1119/4522 4400/1119/4522 4399/1119/4522 4251/1119/4522
f 4304/1119/4523 4404/1119/4523 4403/1119/4523 4302/1119/4523
f 4314/1119/4524 4409/1119/4524 4408/1119/4524 4312/1119/4524
f 4324/1119/4525 4414/1119/4525 4413/1119/4525 4322/1119/4525
f 4334/1119/4526 4419/1119/4526 4418/1119/4526 4332/1119/4526
f 4302/1119/4527 4403/1119/4527 4402/1119/4527 4300/1119/4527
f 4310/1119/4528 4407/1119/4528 4406/1119/4528 4308/1119/4528
f 4320/1119/4529 4412/1119/4529 4411/1119/4529 4318/1119/4529
f 4330/1119/4530 4417/1119/4530 4416/1119/4530 4328/1119/4530
f 4412/1119/4531 4433/1119/4531 4432/1119/4531 4411/1119/4531
f 4399/1119/4532 4420/1119/4532 3183/1119/4532 3160/1119/4532
f 4405/1119/4533 4426/1119/4533 4425/1119/4533 4404/1119/4533
f 3182/1119/4534 3205/1119/4534 4440/1119/4534 4419/1119/4534
f 4413/1119/4535 4434/1119/4535 4433/1119/4535 4412/1119/4535
f 4400/1119/4536 4421/1119/4536 4420/1119/4536 4399/1119/4536
f 4406/1119/4537 4427/1119/4537 4426/1119/4537 4405/1119/4537
f 4414/1119/4538 4435/1119/4538 4434/1119/4538 4413/1119/4538
f 4407/1119/4539 4428/1119/4539 4427/1119/4539 4406/1119/4539
f 4415/1119/4540 4436/1119/4540 4435/1119/4540 4414/1119/4540
f 4408/1119/4541 4429/1119/4541 4428/1119/4541 4407/1119/4541
f 4401/1119/4542 4422/1119/4542 4421/1119/4542 4400/1119/4542
f 4416/1119/4543 4437/1119/4543 4436/1119/4543 4415/1119/4543
f 4409/1119/4544 4430/1119/4544 4429/1119/4544 4408/1119/4544
f 4402/1119/4545 4423/1119/4545 4422/1119/4545 4401/1119/4545
f 4417/1119/4546 4438/1119/4546 4437/1119/4546 4416/1119/4546
f 4410/1119/4547 4431/1119/4547 4430/1119/4547 4409/1119/4547
f 4403/1119/4548 4424/1119/4548 4423/1119/4548 4402/1119/4548
f 4418/1119/4549 4439/1119/4549 4438/1119/4549 4417/1119/4549
f 4411/1119/4550 4432/1119/4550 4431/1119/4550 4410/1119/4550
f 4404/1119/4551 4425/1119/4551 4424/1119/4551 4403/1119/4551
f 4419/1119/4552 4440/1119/4552 4439/1119/4552 4418/1119/4552
f 3316/1119/4553 3281/1119/4553 4356/1119/4553
f 4441/1119/4554 3312/1119/4554 3281/1119/4554 3316/1119/4554
f 4357/1119/4555 3314/1119/4555 3313/1119/4555 4441/1119/4555
f 3277/1119/4556 4126/1119/4556 1932/1119/4556 2000/1119/4556
f 4344/1119/4557 4443/1119/4557 4444/1119/4557 4345/1119/4557
f 4343/1119/4558 4442/1119/4558 4443/1119/4558 4344/1119/4558
o Cylinder
v 0.000000 -3.400762 -1.639560
v 0.000000 -1.296674 -1.639560
v 0.195090 -3.400762 -1.608056
v 0.195090 -1.296674 -1.608056
v 0.382683 -3.400762 -1.514755
v 0.382683 -1.296674 -1.514755
v 0.555570 -3.400762 -1.363244
v 0.555570 -1.296674 -1.363244
v 0.707107 -3.400762 -1.159344
v 0.707107 -1.296674 -1.159344
v 0.831470 -3.400762 -0.910891
v 0.831470 -1.296674 -0.910891
v 0.923880 -3.400762 -0.627432
v 0.923880 -1.296674 -0.627432
v 0.980785 -3.400762 -0.319862
v 0.980785 -1.296674 -0.319862
v 1.000000 -3.400762 0.000000
v 1.000000 -1.296674 0.000000
v 0.980785 -3.400762 0.319862
v 0.980785 -1.296674 0.319862
v 0.923880 -3.400762 0.627432
v 0.923880 -1.296674 0.627432
v 0.831470 -3.400762 0.910891
v 0.831470 -1.296674 0.910891
v 0.707107 -3.400762 1.159344
v 0.707107 -1.296674 1.159344
v 0.555570 -3.400762 1.363244
v 0.555570 -1.296674 1.363244
v 0.382683 -3.400762 1.514755
v 0.382683 -1.296674 1.514755
v 0.195090 -3.400762 1.608056
v 0.195090 -1.296674 1.608056
v 0.000000 -3.400762 1.639560
v 0.000000 -1.296674 1.639560
v -0.195090 -3.400762 1.608056
v -0.195090 -1.296674 1.608056
v -0.382683 -3.400762 1.514755
v -0.382683 -1.296674 1.514755
v -0.555570 -3.400762 1.363244
v -0.555570 -1.296674 1.363244
v -0.707107 -3.400762 1.159344
v -0.707107 -1.296674 1.159344
v -0.831470 -3.400762 0.910891
v -0.831470 -1.296674 0.910891
v -0.923880 -3.400762 0.627432
v -0.923880 -1.296674 0.627432
v -0.980785 -3.400762 0.319862
v -0.980785 -1.296674 0.319862
v -1.000000 -3.400762 0.000000
v -1.000000 -1.296674 0.000000
v -0.980785 -3.400762 -0.319862
v -0.980785 -1.296674 -0.319862
v -0.923880 -3.400762 -0.627432
v -0.923880 -1.296674 -0.627432
v -0.831470 -3.400762 -0.910891
v -0.831470 -1.296674 -0.910891
v -0.707107 -3.400762 -1.159344
v -0.707107 -1.296674 -1.159344
v -0.555570 -3.400762 -1.363244
v -0.555570 -1.296674 -1.363244
v -0.382683 -3.400762 -1.514755
v -0.382683 -1.296674 -1.514755
v -0.195090 -3.400762 -1.608056
v -0.195090 -1.296674 -1.608056
vn 0.1594 -0.0000 -0.9872
vn 0.4453 -0.0000 -0.8954
vn 0.6591 -0.0000 -0.7521
vn 0.8026 -0.0000 -0.5965
vn 0.8942 -0.0000 -0.4476
vn 0.9508 -0.0000 -0.3100
vn 0.9833 -0.0000 -0.1819
vn 0.9982 -0.0000 -0.0600
vn 0.9982 -0.0000 0.0600
vn 0.9833 -0.0000 0.1819
vn 0.9508 -0.0000 0.3100
vn 0.8942 -0.0000 0.4476
vn 0.8026 -0.0000 0.5965
vn 0.6591 -0.0000 0.7521
vn 0.4453 -0.0000 0.8954
vn 0.1594 -0.0000 0.9872
vn -0.1594 -0.0000 0.9872
vn -0.4453 -0.0000 0.8954
vn -0.6591 -0.0000 0.7521
vn -0.8026 -0.0000 0.5965
vn -0.8942 -0.0000 0.4476
vn -0.9508 -0.0000 0.3100
vn -0.9833 -0.0000 0.1819
vn -0.9982 -0.0000 0.0600
vn -0.9982 -0.0000 -0.0600
vn -0.9833 -0.0000 -0.1819
vn -0.9508 -0.0000 -0.3100
vn -0.8942 -0.0000 -0.4476
vn -0.8026 -0.0000 -0.5965
vn -0.6591 -0.0000 -0.7521
vn -0.0000 1.0000 -0.0000
vn -0.4453 -0.0000 -0.8954
vn -0.1594 -0.0000 -0.9872
vn -0.0000 -1.0000 -0.0000
vt 1.000000 0.500000
vt 1.000000 1.000000
vt 0.968750 1.000000
vt 0.968750 0.500000
vt 0.937500 1.000000
vt 0.937500 0.500000
vt 0.906250 1.000000
vt 0.906250 0.500000
vt 0.875000 1.000000
vt 0.875000 0.500000
vt 0.843750 1.000000
vt 0.843750 0.500000
vt 0.812500 1.000000
vt 0.812500 0.500000
vt 0.781250 1.000000
vt 0.781250 0.500000
vt 0.750000 1.000000
vt 0.750000 0.500000
vt 0.718750 1.000000
vt 0.718750 0.500000
vt 0.687500 1.000000
vt 0.687500 0.500000
vt 0.656250 1.000000
vt 0.656250 0.500000
vt 0.625000 1.000000
vt 0.625000 0.500000
vt 0.593750 1.000000
vt 0.593750 0.500000
vt 0.562500 1.000000
vt 0.562500 0.500000
vt 0.531250 1.000000
vt 0.531250 0.500000
vt 0.500000 1.000000
vt 0.500000 0.500000
vt 0.468750 1.000000
vt 0.468750 0.500000
vt 0.437500 1.000000
vt 0.437500 0.500000
vt 0.406250 1.000000
vt 0.406250 0.500000
vt 0.375000 1.000000
vt 0.375000 0.500000
vt 0.343750 1.000000
vt 0.343750 0.500000
vt 0.312500 1.000000
vt 0.312500 0.500000
vt 0.281250 1.000000
vt 0.281250 0.500000
vt 0.250000 1.000000
vt 0.250000 0.500000
vt 0.218750 1.000000
vt 0.218750 0.500000
vt 0.187500 1.000000
vt 0.187500 0.500000
vt 0.156250 1.000000
vt 0.156250 0.500000
vt 0.125000 1.000000
vt 0.125000 0.500000
vt 0.093750 1.000000
vt 0.093750 0.500000
vt 0.062500 1.000000
vt 0.062500 0.500000
vt 0.296822 0.485388
vt 0.250000 0.490000
vt 0.203178 0.485388
vt 0.158156 0.471731
vt 0.116663 0.449553
vt 0.080294 0.419706
vt 0.050447 0.383337
vt 0.028269 0.341844
vt 0.014612 0.296822
vt 0.010000 0.250000
vt 0.014612 0.203178
vt 0.028269 0.158156
vt 0.050447 0.116663
vt 0.080294 0.080294
vt 0.116663 0.050447
vt 0.158156 0.028269
vt 0.203178 0.014612
vt 0.250000 0.010000
vt 0.296822 0.014612
vt 0.341844 0.028269
vt 0.383337 0.050447
vt 0.419706 0.080294
vt 0.449553 0.116663
vt 0.471731 0.158156
vt 0.485388 0.203178
vt 0.490000 0.250000
vt 0.485388 0.296822
vt 0.471731 0.341844
vt 0.449553 0.383337
vt 0.419706 0.419706
vt 0.383337 0.449553
vt 0.341844 0.471731
vt 0.031250 1.000000
vt 0.031250 0.500000
vt 0.000000 1.000000
vt 0.000000 0.500000
vt 0.750000 0.490000
vt 0.796822 0.485388
vt 0.841844 0.471731
vt 0.883337 0.449553
vt 0.919706 0.419706
vt 0.949553 0.383337
vt 0.971731 0.341844
vt 0.985388 0.296822
vt 0.990000 0.250000
vt 0.985388 0.203178
vt 0.971731 0.158156
vt 0.949553 0.116663
vt 0.919706 0.080294
vt 0.883337 0.050447
vt 0.841844 0.028269
vt 0.796822 0.014612
vt 0.750000 0.010000
vt 0.703178 0.014612
vt 0.658156 0.028269
vt 0.616663 0.050447
vt 0.580294 0.080294
vt 0.550447 0.116663
vt 0.528269 0.158156
vt 0.514612 0.203178
vt 0.510000 0.250000
vt 0.514612 0.296822
vt 0.528269 0.341844
vt 0.550447 0.383337
vt 0.580294 0.419706
vt 0.616663 0.449553
vt 0.658156 0.471731
vt 0.703178 0.485388
s 0
f 4445/1120/4559 4446/1121/4559 4448/1122/4559 4447/1123/4559
f 4447/1123/4560 4448/1122/4560 4450/1124/4560 4449/1125/4560
f 4449/1125/4561 4450/1124/4561 4452/1126/4561 4451/1127/4561
f 4451/1127/4562 4452/1126/4562 4454/1128/4562 4453/1129/4562
f 4453/1129/4563 4454/1128/4563 4456/1130/4563 4455/1131/4563
f 4455/1131/4564 4456/1130/4564 4458/1132/4564 4457/1133/4564
f 4457/1133/4565 4458/1132/4565 4460/1134/4565 4459/1135/4565
f 4459/1135/4566 4460/1134/4566 4462/1136/4566 4461/1137/4566
f 4461/1137/4567 4462/1136/4567 4464/1138/4567 4463/1139/4567
f 4463/1139/4568 4464/1138/4568 4466/1140/4568 4465/1141/4568
f 4465/1141/4569 4466/1140/4569 4468/1142/4569 4467/1143/4569
f 4467/1143/4570 4468/1142/4570 4470/1144/4570 4469/1145/4570
f 4469/1145/4571 4470/1144/4571 4472/1146/4571 4471/1147/4571
f 4471/1147/4572 4472/1146/4572 4474/1148/4572 4473/1149/4572
f 4473/1149/4573 4474/1148/4573 4476/1150/4573 4475/1151/4573
f 4475/1151/4574 4476/1150/4574 4478/1152/4574 4477/1153/4574
f 4477/1153/4575 4478/1152/4575 4480/1154/4575 4479/1155/4575
f 4479/1155/4576 4480/1154/4576 4482/1156/4576 4481/1157/4576
f 4481/1157/4577 4482/1156/4577 4484/1158/4577 4483/1159/4577
f 4483/1159/4578 4484/1158/4578 4486/1160/4578 4485/1161/4578
f 4485/1161/4579 4486/1160/4579 4488/1162/4579 4487/1163/4579
f 4487/1163/4580 4488/1162/4580 4490/1164/4580 4489/1165/4580
f 4489/1165/4581 4490/1164/4581 4492/1166/4581 4491/1167/4581
f 4491/1167/4582 4492/1166/4582 4494/1168/4582 4493/1169/4582
f 4493/1169/4583 4494/1168/4583 4496/1170/4583 4495/1171/4583
f 4495/1171/4584 4496/1170/4584 4498/1172/4584 4497/1173/4584
f 4497/1173/4585 4498/1172/4585 4500/1174/4585 4499/1175/4585
f 4499/1175/4586 4500/1174/4586 4502/1176/4586 4501/1177/4586
f 4501/1177/4587 4502/1176/4587 4504/1178/4587 4503/1179/4587
f 4503/1179/4588 4504/1178/4588 4506/1180/4588 4505/1181/4588
f 4448/1182/4589 4446/1183/4589 4508/1184/4589 4506/1185/4589 4504/1186/4589 4502/1187/4589 4500/1188/4589 4498/1189/4589 4496/1190/4589 4494/1191/4589 4492/1192/4589 4490/1193/4589 4488/1194/4589 4486/1195/4589 4484/1196/4589 4482/1197/4589 4480/1198/4589 4478/1199/4589 4476/1200/4589 4474/1201/4589 4472/1202/4589 4470/1203/4589 4468/1204/4589 4466/1205/4589 4464/1206/4589 4462/1207/4589 4460/1208/4589 4458/1209/4589 4456/1210/4589 4454/1211/4589 4452/1212/4589 4450/1213/4589
f 4505/1181/4590 4506/1180/4590 4508/1214/4590 4507/1215/4590
f 4507/1215/4591 4508/1214/4591 4446/1216/4591 4445/1217/4591
f 4445/1218/4592 4447/1219/4592 4449/1220/4592 4451/1221/4592 4453/1222/4592 4455/1223/4592 4457/1224/4592 4459/1225/4592 4461/1226/4592 4463/1227/4592 4465/1228/4592 4467/1229/4592 4469/1230/4592 4471/1231/4592 4473/1232/4592 4475/1233/4592 4477/1234/4592 4479/1235/4592 4481/1236/4592 4483/1237/4592 4485/1238/4592 4487/1239/4592 4489/1240/4592 4491/1241/4592 4493/1242/4592 4495/1243/4592 4497/1244/4592 4499/1245/4592 4501/1246/4592 4503/1247/4592 4505/1248/4592 4507/1249/4592
o Cylinder.001
v 0.000000 -4.676460 -1.100391
v 0.000000 -3.473451 -1.100391
v 0.145095 -4.676460 -1.079247
v 0.145095 -3.473451 -1.079247
v 0.284614 -4.676460 -1.016628
v 0.284614 -3.473451 -1.016628
v 0.413196 -4.676460 -0.914941
v 0.413196 -3.473451 -0.914941
v 0.525899 -4.676460 -0.778094
v 0.525899 -3.473451 -0.778094
v 0.618391 -4.676460 -0.611344
v 0.618391 -3.473451 -0.611344
v 0.687120 -4.676460 -0.421101
v 0.687120 -3.473451 -0.421101
v 0.729442 -4.676460 -0.214676
v 0.729442 -3.473451 -0.214676
v 0.743733 -4.676460 0.000000
v 0.743733 -3.473451 0.000000
v 0.729442 -4.676460 0.214676
v 0.729442 -3.473451 0.214676
v 0.687120 -4.676460 0.421101
v 0.687120 -3.473451 0.421101
v 0.618391 -4.676460 0.611344
v 0.618391 -3.473451 0.611344
v 0.525899 -4.676460 0.778094
v 0.525899 -3.473451 0.778094
v 0.413196 -4.676460 0.914941
v 0.413196 -3.473451 0.914941
v 0.284614 -4.676460 1.016628
v 0.284614 -3.473451 1.016628
v 0.145095 -4.676460 1.079247
v 0.145095 -3.473451 1.079247
v 0.000000 -4.676460 1.100391
v 0.000000 -3.473451 1.100391
v -0.145095 -4.676460 1.079247
v -0.145095 -3.473451 1.079247
v -0.284614 -4.676460 1.016628
v -0.284614 -3.473451 1.016628
v -0.413196 -4.676460 0.914941
v -0.413196 -3.473451 0.914941
v -0.525899 -4.676460 0.778094
v -0.525899 -3.473451 0.778094
v -0.618391 -4.676460 0.611344
v -0.618391 -3.473451 0.611344
v -0.687120 -4.676460 0.421101
v -0.687120 -3.473451 0.421101
v -0.729442 -4.676460 0.214676
v -0.729442 -3.473451 0.214676
v -0.743733 -4.676460 0.000000
v -0.743733 -3.473451 0.000000
v -0.729442 -4.676460 -0.214676
v -0.729442 -3.473451 -0.214676
v -0.687120 -4.676460 -0.421101
v -0.687120 -3.473451 -0.421101
v -0.618391 -4.676460 -0.611344
v -0.618391 -3.473451 -0.611344
v -0.525899 -4.676460 -0.778094
v -0.525899 -3.473451 -0.778094
v -0.413196 -4.676460 -0.914941
v -0.413196 -3.473451 -0.914941
v -0.284614 -4.676460 -1.016628
v -0.284614 -3.473451 -1.016628
v -0.145095 -4.676460 -1.079247
v -0.145095 -3.473451 -1.079247
vn 0.1442 -0.0000 -0.9895
vn 0.4095 -0.0000 -0.9123
vn 0.6203 -0.0000 -0.7844
vn 0.7719 -0.0000 -0.6357
vn 0.8745 -0.0000 -0.4851
vn 0.9405 -0.0000 -0.3398
vn 0.9796 -0.0000 -0.2008
vn 0.9978 -0.0000 -0.0664
vn 0.9978 -0.0000 0.0664
vn 0.9796 -0.0000 0.2008
vn 0.9405 -0.0000 0.3398
vn 0.8745 -0.0000 0.4851
vn 0.7719 -0.0000 0.6357
vn 0.6203 -0.0000 0.7844
vn 0.4095 -0.0000 0.9123
vn 0.1442 -0.0000 0.9895
vn -0.1442 -0.0000 0.9895
vn -0.4095 -0.0000 0.9123
vn -0.6203 -0.0000 0.7844
vn -0.7719 -0.0000 0.6357
vn -0.8745 -0.0000 0.4851
vn -0.9405 -0.0000 0.3398
vn -0.9796 -0.0000 0.2008
vn -0.9978 -0.0000 0.0664
vn -0.9978 -0.0000 -0.0664
vn -0.9796 -0.0000 -0.2008
vn -0.9405 -0.0000 -0.3398
vn -0.8745 -0.0000 -0.4851
vn -0.7719 -0.0000 -0.6357
vn -0.6203 -0.0000 -0.7844
vn -0.0000 1.0000 -0.0000
vn -0.4095 -0.0000 -0.9123
vn -0.1442 -0.0000 -0.9895
vn -0.0000 -1.0000 -0.0000
vt 1.000000 0.500000
vt 1.000000 1.000000
vt 0.968750 1.000000
vt 0.968750 0.500000
vt 0.937500 1.000000
vt 0.937500 0.500000
vt 0.906250 1.000000
vt 0.906250 0.500000
vt 0.875000 1.000000
vt 0.875000 0.500000
vt 0.843750 1.000000
vt 0.843750 0.500000
vt 0.812500 1.000000
vt 0.812500 0.500000
vt 0.781250 1.000000
vt 0.781250 0.500000
vt 0.750000 1.000000
vt 0.750000 0.500000
vt 0.718750 1.000000
vt 0.718750 0.500000
vt 0.687500 1.000000
vt 0.687500 0.500000
vt 0.656250 1.000000
vt 0.656250 0.500000
vt 0.625000 1.000000
vt 0.625000 0.500000
vt 0.593750 1.000000
vt 0.593750 0.500000
vt 0.562500 1.000000
vt 0.562500 0.500000
vt 0.531250 1.000000
vt 0.531250 0.500000
vt 0.500000 1.000000
vt 0.500000 0.500000
vt 0.468750 1.000000
vt 0.468750 0.500000
vt 0.437500 1.000000
vt 0.437500 0.500000
vt 0.406250 1.000000
vt 0.406250 0.500000
vt 0.375000 1.000000
vt 0.375000 0.500000
vt 0.343750 1.000000
vt 0.343750 0.500000
vt 0.312500 1.000000
vt 0.312500 0.500000
vt 0.281250 1.000000
vt 0.281250 0.500000
vt 0.250000 1.000000
vt 0.250000 0.500000
vt 0.218750 1.000000
vt 0.218750 0.500000
vt 0.187500 1.000000
vt 0.187500 0.500000
vt 0.156250 1.000000
vt 0.156250 0.500000
vt 0.125000 1.000000
vt 0.125000 0.500000
vt 0.093750 1.000000
vt 0.093750 0.500000
vt 0.062500 1.000000
vt 0.062500 0.500000
vt 0.296822 0.485388
vt 0.250000 0.490000
vt 0.203178 0.485388
vt 0.158156 0.471731
vt 0.116663 0.449553
vt 0.080294 0.419706
vt 0.050447 0.383337
vt 0.028269 0.341844
vt 0.014612 0.296822
vt 0.010000 0.250000
vt 0.014612 0.203178
vt 0.028269 0.158156
vt 0.050447 0.116663
vt 0.080294 0.080294
vt 0.116663 0.050447
vt 0.158156 0.028269
vt 0.203178 0.014612
vt 0.250000 0.010000
vt 0.296822 0.014612
vt 0.341844 0.028269
vt 0.383337 0.050447
vt 0.419706 0.080294
vt 0.449553 0.116663
vt 0.471731 0.158156
vt 0.485388 0.203178
vt 0.490000 0.250000
vt 0.485388 0.296822
vt 0.471731 0.341844
vt 0.449553 0.383337
vt 0.419706 0.419706
vt 0.383337 0.449553
vt 0.341844 0.471731
vt 0.031250 1.000000
vt 0.031250 0.500000
vt 0.000000 1.000000
vt 0.000000 0.500000
vt 0.750000 0.490000
vt 0.796822 0.485388
vt 0.841844 0.471731
vt 0.883337 0.449553
vt 0.919706 0.419706
vt 0.949553 0.383337
vt 0.971731 0.341844
vt 0.985388 0.296822
vt 0.990000 0.250000
vt 0.985388 0.203178
vt 0.971731 0.158156
vt 0.949553 0.116663
vt 0.919706 0.080294
vt 0.883337 0.050447
vt 0.841844 0.028269
vt 0.796822 0.014612
vt 0.750000 0.010000
vt 0.703178 0.014612
vt 0.658156 0.028269
vt 0.616663 0.050447
vt 0.580294 0.080294
vt 0.550447 0.116663
vt 0.528269 0.158156
vt 0.514612 0.203178
vt 0.510000 0.250000
vt 0.514612 0.296822
vt 0.528269 0.341844
vt 0.550447 0.383337
vt 0.580294 0.419706
vt 0.616663 0.449553
vt 0.658156 0.471731
vt 0.703178 0.485388
s 0
f 4509/1250/4593 4510/1251/4593 4512/1252/4593 4511/1253/4593
f 4511/1253/4594 4512/1252/4594 4514/1254/4594 4513/1255/4594
f 4513/1255/4595 4514/1254/4595 4516/1256/4595 4515/1257/4595
f 4515/1257/4596 4516/1256/4596 4518/1258/4596 4517/1259/4596
f 4517/1259/4597 4518/1258/4597 4520/1260/4597 4519/1261/4597
f 4519/1261/4598 4520/1260/4598 4522/1262/4598 4521/1263/4598
f 4521/1263/4599 4522/1262/4599 4524/1264/4599 4523/1265/4599
f 4523/1265/4600 4524/1264/4600 4526/1266/4600 4525/1267/4600
f 4525/1267/4601 4526/1266/4601 4528/1268/4601 4527/1269/4601
f 4527/1269/4602 4528/1268/4602 4530/1270/4602 4529/1271/4602
f 4529/1271/4603 4530/1270/4603 4532/1272/4603 4531/1273/4603
f 4531/1273/4604 4532/1272/4604 4534/1274/4604 4533/1275/4604
f 4533/1275/4605 4534/1274/4605 4536/1276/4605 4535/1277/4605
f 4535/1277/4606 4536/1276/4606 4538/1278/4606 4537/1279/4606
f 4537/1279/4607 4538/1278/4607 4540/1280/4607 4539/1281/4607
f 4539/1281/4608 4540/1280/4608 4542/1282/4608 4541/1283/4608
f 4541/1283/4609 4542/1282/4609 4544/1284/4609 4543/1285/4609
f 4543/1285/4610 4544/1284/4610 4546/1286/4610 4545/1287/4610
f 4545/1287/4611 4546/1286/4611 4548/1288/4611 4547/1289/4611
f 4547/1289/4612 4548/1288/4612 4550/1290/4612 4549/1291/4612
f 4549/1291/4613 4550/1290/4613 4552/1292/4613 4551/1293/4613
f 4551/1293/4614 4552/1292/4614 4554/1294/4614 4553/1295/4614
f 4553/1295/4615 4554/1294/4615 4556/1296/4615 4555/1297/4615
f 4555/1297/4616 4556/1296/4616 4558/1298/4616 4557/1299/4616
f 4557/1299/4617 4558/1298/4617 4560/1300/4617 4559/1301/4617
f 4559/1301/4618 4560/1300/4618 4562/1302/4618 4561/1303/4618
f 4561/1303/4619 4562/1302/4619 4564/1304/4619 4563/1305/4619
f 4563/1305/4620 4564/1304/4620 4566/1306/4620 4565/1307/4620
f 4565/1307/4621 4566/1306/4621 4568/1308/4621 4567/1309/4621
f 4567/1309/4622 4568/1308/4622 4570/1310/4622 4569/1311/4622
f 4512/1312/4623 4510/1313/4623 4572/1314/4623 4570/1315/4623 4568/1316/4623 4566/1317/4623 4564/1318/4623 4562/1319/4623 4560/1320/4623 4558/1321/4623 4556/1322/4623 4554/1323/4623 4552/1324/4623 4550/1325/4623 4548/1326/4623 4546/1327/4623 4544/1328/4623 4542/1329/4623 4540/1330/4623 4538/1331/4623 4536/1332/4623 4534/1333/4623 4532/1334/4623 4530/1335/4623 4528/1336/4623 4526/1337/4623 4524/1338/4623 4522/1339/4623 4520/1340/4623 4518/1341/4623 4516/1342/4623 4514/1343/4623
f 4569/1311/4624 4570/1310/4624 4572/1344/4624 4571/1345/4624
f 4571/1345/4625 4572/1344/4625 4510/1346/4625 4509/1347/4625
f 4509/1348/4626 4511/1349/4626 4513/1350/4626 4515/1351/4626 4517/1352/4626 4519/1353/4626 4521/1354/4626 4523/1355/4626 4525/1356/4626 4527/1357/4626 4529/1358/4626 4531/1359/4626 4533/1360/4626 4535/1361/4626 4537/1362/4626 4539/1363/4626 4541/1364/4626 4543/1365/4626 4545/1366/4626 4547/1367/4626 4549/1368/4626 4551/1369/4626 4553/1370/4626 4555/1371/4626 4557/1372/4626 4559/1373/4626 4561/1374/4626 4563/1375/4626 4565/1376/4626 4567/1377/4626 4569/1378/4626 4571/1379/4626
o Cylinder.002
v 0.000000 -5.910375 -1.357584
v 0.000000 -4.703877 -1.357584
v 0.179008 -5.910375 -1.331499
v 0.179008 -4.703877 -1.331499
v 0.351137 -5.910375 -1.254244
v 0.351137 -4.703877 -1.254244
v 0.509772 -5.910375 -1.128790
v 0.509772 -4.703877 -1.128790
v 0.648817 -5.910375 -0.959957
v 0.648817 -4.703877 -0.959957
v 0.762928 -5.910375 -0.754233
v 0.762928 -4.703877 -0.754233
v 0.847720 -5.910375 -0.519525
v 0.847720 -4.703877 -0.519525
v 0.899935 -5.910375 -0.264852
v 0.899935 -4.703877 -0.264852
v 0.917565 -5.910375 0.000000
v 0.917565 -4.703877 0.000000
v 0.899935 -5.910375 0.264852
v 0.899935 -4.703877 0.264852
v 0.847720 -5.910375 0.519525
v 0.847720 -4.703877 0.519525
v 0.762928 -5.910375 0.754233
v 0.762928 -4.703877 0.754233
v 0.648817 -5.910375 0.959957
v 0.648817 -4.703877 0.959957
v 0.509772 -5.910375 1.128790
v 0.509772 -4.703877 1.128790
v 0.351137 -5.910375 1.254244
v 0.351137 -4.703877 1.254244
v 0.179008 -5.910375 1.331499
v 0.179008 -4.703877 1.331499
v 0.000000 -5.910375 1.357584
v 0.000000 -4.703877 1.357584
v -0.179008 -5.910375 1.331499
v -0.179008 -4.703877 1.331499
v -0.351137 -5.910375 1.254244
v -0.351137 -4.703877 1.254244
v -0.509772 -5.910375 1.128790
v -0.509772 -4.703877 1.128790
v -0.648817 -5.910375 0.959957
v -0.648817 -4.703877 0.959957
v -0.762928 -5.910375 0.754233
v -0.762928 -4.703877 0.754233
v -0.847720 -5.910375 0.519525
v -0.847720 -4.703877 0.519525
v -0.899935 -5.910375 0.264852
v -0.899935 -4.703877 0.264852
v -0.917565 -5.910375 0.000000
v -0.917565 -4.703877 0.000000
v -0.899935 -5.910375 -0.264852
v -0.899935 -4.703877 -0.264852
v -0.847720 -5.910375 -0.519525
v -0.847720 -4.703877 -0.519525
v -0.762928 -5.910375 -0.754233
v -0.762928 -4.703877 -0.754233
v -0.648817 -5.910375 -0.959957
v -0.648817 -4.703877 -0.959957
v -0.509772 -5.910375 -1.128790
v -0.509772 -4.703877 -1.128790
v -0.351137 -5.910375 -1.254244
v -0.351137 -4.703877 -1.254244
v -0.179008 -5.910375 -1.331499
v -0.179008 -4.703877 -1.331499
vn 0.1442 -0.0000 -0.9895
vn 0.4095 -0.0000 -0.9123
vn 0.6203 -0.0000 -0.7844
vn 0.7719 -0.0000 -0.6357
vn 0.8745 -0.0000 -0.4851
vn 0.9405 -0.0000 -0.3398
vn 0.9796 -0.0000 -0.2008
vn 0.9978 -0.0000 -0.0664
vn 0.9978 -0.0000 0.0664
vn 0.9796 -0.0000 0.2008
vn 0.9405 -0.0000 0.3398
vn 0.8745 -0.0000 0.4851
vn 0.7719 -0.0000 0.6357
vn 0.6203 -0.0000 0.7844
vn 0.4095 -0.0000 0.9123
vn 0.1442 -0.0000 0.9895
vn -0.1442 -0.0000 0.9895
vn -0.4095 -0.0000 0.9123
vn -0.6203 -0.0000 0.7844
vn -0.7719 -0.0000 0.6357
vn -0.8745 -0.0000 0.4851
vn -0.9405 -0.0000 0.3398
vn -0.9796 -0.0000 0.2008
vn -0.9978 -0.0000 0.0664
vn -0.9978 -0.0000 -0.0664
vn -0.9796 -0.0000 -0.2008
vn -0.9405 -0.0000 -0.3398
vn -0.8745 -0.0000 -0.4851
vn -0.7719 -0.0000 -0.6357
vn -0.6203 -0.0000 -0.7844
vn -0.0000 1.0000 -0.0000
vn -0.4095 -0.0000 -0.9123
vn -0.1442 -0.0000 -0.9895
vn -0.0000 -1.0000 -0.0000
vt 1.000000 0.500000
vt 1.000000 1.000000
vt 0.968750 1.000000
vt 0.968750 0.500000
vt 0.937500 1.000000
vt 0.937500 0.500000
vt 0.906250 1.000000
vt 0.906250 0.500000
vt 0.875000 1.000000
vt 0.875000 0.500000
vt 0.843750 1.000000
vt 0.843750 0.500000
vt 0.812500 1.000000
vt 0.812500 0.500000
vt 0.781250 1.000000
vt 0.781250 0.500000
vt 0.750000 1.000000
vt 0.750000 0.500000
vt 0.718750 1.000000
vt 0.718750 0.500000
vt 0.687500 1.000000
vt 0.687500 0.500000
vt 0.656250 1.000000
vt 0.656250 0.500000
vt 0.625000 1.000000
vt 0.625000 0.500000
vt 0.593750 1.000000
vt 0.593750 0.500000
vt 0.562500 1.000000
vt 0.562500 0.500000
vt 0.531250 1.000000
vt 0.531250 0.500000
vt 0.500000 1.000000
vt 0.500000 0.500000
vt 0.468750 1.000000
vt 0.468750 0.500000
vt 0.437500 1.000000
vt 0.437500 0.500000
vt 0.406250 1.000000
vt 0.406250 0.500000
vt 0.375000 1.000000
vt 0.375000 0.500000
vt 0.343750 1.000000
vt 0.343750 0.500000
vt 0.312500 1.000000
vt 0.312500 0.500000
vt 0.281250 1.000000
vt 0.281250 0.500000
vt 0.250000 1.000000
vt 0.250000 0.500000
vt 0.218750 1.000000
vt 0.218750 0.500000
vt 0.187500 1.000000
vt 0.187500 0.500000
vt 0.156250 1.000000
vt 0.156250 0.500000
vt 0.125000 1.000000
vt 0.125000 0.500000
vt 0.093750 1.000000
vt 0.093750 0.500000
vt 0.062500 1.000000
vt 0.062500 0.500000
vt 0.296822 0.485388
vt 0.250000 0.490000
vt 0.203178 0.485388
vt 0.158156 0.471731
vt 0.116663 0.449553
vt 0.080294 0.419706
vt 0.050447 0.383337
vt 0.028269 0.341844
vt 0.014612 0.296822
vt 0.010000 0.250000
vt 0.014612 0.203178
vt 0.028269 0.158156
vt 0.050447 0.116663
vt 0.080294 0.080294
vt 0.116663 0.050447
vt 0.158156 0.028269
vt 0.203178 0.014612
vt 0.250000 0.010000
vt 0.296822 0.014612
vt 0.341844 0.028269
vt 0.383337 0.050447
vt 0.419706 0.080294
vt 0.449553 0.116663
vt 0.471731 0.158156
vt 0.485388 0.203178
vt 0.490000 0.250000
vt 0.485388 0.296822
vt 0.471731 0.341844
vt 0.449553 0.383337
vt 0.419706 0.419706
vt 0.383337 0.449553
vt 0.341844 0.471731
vt 0.031250 1.000000
vt 0.031250 0.500000
vt 0.000000 1.000000
vt 0.000000 0.500000
vt 0.750000 0.490000
vt 0.796822 0.485388
vt 0.841844 0.471731
vt 0.883337 0.449553
vt 0.919706 0.419706
vt 0.949553 0.383337
vt 0.971731 0.341844
vt 0.985388 0.296822
vt 0.990000 0.250000
vt 0.985388 0.203178
vt 0.971731 0.158156
vt 0.949553 0.116663
vt 0.919706 0.080294
vt 0.883337 0.050447
vt 0.841844 0.028269
vt 0.796822 0.014612
vt 0.750000 0.010000
vt 0.703178 0.014612
vt 0.658156 0.028269
vt 0.616663 0.050447
vt 0.580294 0.080294
vt 0.550447 0.116663
vt 0.528269 0.158156
vt 0.514612 0.203178
vt 0.510000 0.250000
vt 0.514612 0.296822
vt 0.528269 0.341844
vt 0.550447 0.383337
vt 0.580294 0.419706
vt 0.616663 0.449553
vt 0.658156 0.471731
vt 0.703178 0.485388
s 0
f 4573/1380/4627 4574/1381/4627 4576/1382/4627 4575/1383/4627
f 4575/1383/4628 4576/1382/4628 4578/1384/4628 4577/1385/4628
f 4577/1385/4629 4578/1384/4629 4580/1386/4629 4579/1387/4629
f 4579/1387/4630 4580/1386/4630 4582/1388/4630 4581/1389/4630
f 4581/1389/4631 4582/1388/4631 4584/1390/4631 4583/1391/4631
f 4583/1391/4632 4584/1390/4632 4586/1392/4632 4585/1393/4632
f 4585/1393/4633 4586/1392/4633 4588/1394/4633 4587/1395/4633
f 4587/1395/4634 4588/1394/4634 4590/1396/4634 4589/1397/4634
f 4589/1397/4635 4590/1396/4635 4592/1398/4635 4591/1399/4635
f 4591/1399/4636 4592/1398/4636 4594/1400/4636 4593/1401/4636
f 4593/1401/4637 4594/1400/4637 4596/1402/4637 4595/1403/4637
f 4595/1403/4638 4596/1402/4638 4598/1404/4638 4597/1405/4638
f 4597/1405/4639 4598/1404/4639 4600/1406/4639 4599/1407/4639
f 4599/1407/4640 4600/1406/4640 4602/1408/4640 4601/1409/4640
f 4601/1409/4641 4602/1408/4641 4604/1410/4641 4603/1411/4641
f 4603/1411/4642 4604/1410/4642 4606/1412/4642 4605/1413/4642
f 4605/1413/4643 4606/1412/4643 4608/1414/4643 4607/1415/4643
f 4607/1415/4644 4608/1414/4644 4610/1416/4644 4609/1417/4644
f 4609/1417/4645 4610/1416/4645 4612/1418/4645 4611/1419/4645
f 4611/1419/4646 4612/1418/4646 4614/1420/4646 4613/1421/4646
f 4613/1421/4647 4614/1420/4647 4616/1422/4647 4615/1423/4647
f 4615/1423/4648 4616/1422/4648 4618/1424/4648 4617/1425/4648
f 4617/1425/4649 4618/1424/4649 4620/1426/4649 4619/1427/4649
f 4619/1427/4650 4620/1426/4650 4622/1428/4650 4621/1429/4650
f 4621/1429/4651 4622/1428/4651 4624/1430/4651 4623/1431/4651
f 4623/1431/4652 4624/1430/4652 4626/1432/4652 4625/1433/4652
f 4625/1433/4653 4626/1432/4653 4628/1434/4653 4627/1435/4653
f 4627/1435/4654 4628/1434/4654 4630/1436/4654 4629/1437/4654
f 4629/1437/4655 4630/1436/4655 4632/1438/4655 4631/1439/4655
f 4631/1439/4656 4632/1438/4656 4634/1440/4656 4633/1441/4656
f 4576/1442/4657 4574/1443/4657 4636/1444/4657 4634/1445/4657 4632/1446/4657 4630/1447/4657 4628/1448/4657 4626/1449/4657 4624/1450/4657 4622/1451/4657 4620/1452/4657 4618/1453/4657 4616/1454/4657 4614/1455/4657 4612/1456/4657 4610/1457/4657 4608/1458/4657 4606/1459/4657 4604/1460/4657 4602/1461/4657 4600/1462/4657 4598/1463/4657 4596/1464/4657 4594/1465/4657 4592/1466/4657 4590/1467/4657 4588/1468/4657 4586/1469/4657 4584/1470/4657 4582/1471/4657 4580/1472/4657 4578/1473/4657
f 4633/1441/4658 4634/1440/4658 4636/1474/4658 4635/1475/4658
f 4635/1475/4659 4636/1474/4659 4574/1476/4659 4573/1477/4659
f 4573/1478/4660 4575/1479/4660 4577/1480/4660 4579/1481/4660 4581/1482/4660 4583/1483/4660 4585/1484/4660 4587/1485/4660 4589/1486/4660 4591/1487/4660 4593/1488/4660 4595/1489/4660 4597/1490/4660 4599/1491/4660 4601/1492/4660 4603/1493/4660 4605/1494/4660 4607/1495/4660 4609/1496/4660 4611/1497/4660 4613/1498/4660 4615/1499/4660 4617/1500/4660 4619/1501/4660 4621/1502/4660 4623/1503/4660 4625/1504/4660 4627/1505/4660 4629/1506/4660 4631/1507/4660 4633/1508/4660 4635/1509/4660
o Cylinder.003
v -0.000000 -3.492002 -2.755950
v -0.000000 -1.777233 -2.755950
v 0.098389 -3.492002 -2.746260
v 0.098389 -1.777233 -2.746260
v 0.192997 -3.492002 -2.717561
v 0.192997 -1.777233 -2.717561
v 0.280188 -3.492002 -2.670956
v 0.280188 -1.777233 -2.670956
v 0.356611 -3.492002 -2.608237
v 0.356611 -1.777233 -2.608237
v 0.419330 -3.492002 -2.531814
v 0.419330 -1.777233 -2.531814
v 0.465935 -3.492002 -2.444623
v 0.465935 -1.777233 -2.444623
v 0.494634 -3.492002 -2.350015
v 0.494634 -1.777233 -2.350015
v 0.504324 -3.492002 -2.251626
v 0.504324 -1.777233 -2.251626
v 0.494634 -3.492002 -2.153237
v 0.494634 -1.777233 -2.153237
v 0.465935 -3.492002 -2.058629
v 0.465935 -1.777233 -2.058629
v 0.419330 -3.492002 -1.971438
v 0.419330 -1.777233 -1.971438
v 0.356611 -3.492002 -1.895015
v 0.356611 -1.777233 -1.895015
v 0.280188 -3.492002 -1.832296
v 0.280188 -1.777233 -1.832296
v 0.192997 -3.492002 -1.785691
v 0.192997 -1.777233 -1.785691
v 0.098389 -3.492002 -1.756992
v 0.098389 -1.777233 -1.756992
v -0.000000 -3.492002 -1.747302
v -0.000000 -1.777233 -1.747302
v -0.098389 -3.492002 -1.756992
v -0.098389 -1.777233 -1.756992
v -0.192997 -3.492002 -1.785691
v -0.192997 -1.777233 -1.785691
v -0.280188 -3.492002 -1.832296
v -0.280188 -1.777233 -1.832296
v -0.356611 -3.492002 -1.895015
v -0.356611 -1.777233 -1.895015
v -0.419330 -3.492002 -1.971438
v -0.419330 -1.777233 -1.971438
v -0.465935 -3.492002 -2.058629
v -0.465935 -1.777233 -2.058629
v -0.494634 -3.492002 -2.153237
v -0.494634 -1.777233 -2.153237
v -0.504324 -3.492002 -2.251626
v -0.504324 -1.777233 -2.251626
v -0.494634 -3.492002 -2.350015
v -0.494634 -1.777233 -2.350015
v -0.465935 -3.492002 -2.444623
v -0.465935 -1.777233 -2.444623
v -0.419330 -3.492002 -2.531814
v -0.419330 -1.777233 -2.531814
v -0.356611 -3.492002 -2.608237
v -0.356611 -1.777233 -2.608237
v -0.280188 -3.492002 -2.670956
v -0.280188 -1.777233 -2.670956
v -0.192997 -3.492002 -2.717561
v -0.192997 -1.777233 -2.717561
v -0.098389 -3.492002 -2.746260
v -0.098389 -1.777233 -2.746260
v -0.000000 -8.241124 -1.637480
v -0.000000 -6.526356 -1.637480
v 0.098389 -8.241124 -1.627790
v 0.098389 -6.526356 -1.627790
v 0.192997 -8.241124 -1.599090
v 0.192997 -6.526356 -1.599090
v 0.280188 -8.241124 -1.552486
v 0.280188 -6.526356 -1.552486
v 0.356611 -8.241124 -1.489767
v 0.356611 -6.526356 -1.489767
v 0.419330 -8.241124 -1.413343
v 0.419330 -6.526356 -1.413343
v 0.465935 -8.241124 -1.326152
v 0.465935 -6.526356 -1.326152
v 0.494634 -8.241124 -1.231544
v 0.494634 -6.526356 -1.231544
v 0.504324 -8.241124 -1.133156
v 0.504324 -6.526356 -1.133156
v 0.494634 -8.241124 -1.034767
v 0.494634 -6.526356 -1.034767
v 0.465935 -8.241124 -0.940159
v 0.465935 -6.526356 -0.940159
v 0.419330 -8.241124 -0.852968
v 0.419330 -6.526356 -0.852968
v 0.356611 -8.241124 -0.776544
v 0.356611 -6.526356 -0.776544
v 0.280188 -8.241124 -0.713825
v 0.280188 -6.526356 -0.713825
v 0.192997 -8.241124 -0.667221
v 0.192997 -6.526356 -0.667221
v 0.098389 -8.241124 -0.638522
v 0.098389 -6.526356 -0.638522
v -0.000000 -8.241124 -0.628832
v -0.000000 -6.526356 -0.628832
v -0.098389 -8.241124 -0.638522
v -0.098389 -6.526356 -0.638522
v -0.192997 -8.241124 -0.667221
v -0.192997 -6.526356 -0.667221
v -0.280188 -8.241124 -0.713825
v -0.280188 -6.526356 -0.713825
v -0.356611 -8.241124 -0.776544
v -0.356611 -6.526356 -0.776544
v -0.419330 -8.241124 -0.852968
v -0.419330 -6.526356 -0.852968
v -0.465935 -8.241124 -0.940159
v -0.465935 -6.526356 -0.940159
v -0.494634 -8.241124 -1.034767
v -0.494634 -6.526356 -1.034767
v -0.504324 -8.241124 -1.133156
v -0.504324 -6.526356 -1.133156
v -0.494634 -8.241124 -1.231544
v -0.494634 -6.526356 -1.231544
v -0.465935 -8.241124 -1.326152
v -0.465935 -6.526356 -1.326152
v -0.419330 -8.241124 -1.413343
v -0.419330 -6.526356 -1.413343
v -0.356611 -8.241124 -1.489767
v -0.356611 -6.526356 -1.489767
v -0.280188 -8.241124 -1.552486
v -0.280188 -6.526356 -1.552486
v -0.192997 -8.241124 -1.599090
v -0.192997 -6.526356 -1.599090
v -0.098389 -8.241124 -1.627790
v -0.098389 -6.526356 -1.627790
v -0.000000 -3.492002 2.755950
v -0.000000 -1.777233 2.755950
v 0.098389 -3.492002 2.746260
v 0.098389 -1.777233 2.746260
v 0.192997 -3.492002 2.717561
v 0.192997 -1.777233 2.717561
v 0.280188 -3.492002 2.670956
v 0.280188 -1.777233 2.670956
v 0.356611 -3.492002 2.608237
v 0.356611 -1.777233 2.608237
v 0.419330 -3.492002 2.531814
v 0.419330 -1.777233 2.531814
v 0.465935 -3.492002 2.444623
v 0.465935 -1.777233 2.444623
v 0.494634 -3.492002 2.350015
v 0.494634 -1.777233 2.350015
v 0.504324 -3.492002 2.251626
v 0.504324 -1.777233 2.251626
v 0.494634 -3.492002 2.153237
v 0.494634 -1.777233 2.153237
v 0.465935 -3.492002 2.058629
v 0.465935 -1.777233 2.058629
v 0.419330 -3.492002 1.971438
v 0.419330 -1.777233 1.971438
v 0.356611 -3.492002 1.895015
v 0.356611 -1.777233 1.895015
v 0.280188 -3.492002 1.832296
v 0.280188 -1.777233 1.832296
v 0.192997 -3.492002 1.785691
v 0.192997 -1.777233 1.785691
v 0.098389 -3.492002 1.756992
v 0.098389 -1.777233 1.756992
v -0.000000 -3.492002 1.747302
v -0.000000 -1.777233 1.747302
v -0.098389 -3.492002 1.756992
v -0.098389 -1.777233 1.756992
v -0.192997 -3.492002 1.785691
v -0.192997 -1.777233 1.785691
v -0.280188 -3.492002 1.832296
v -0.280188 -1.777233 1.832296
v -0.356611 -3.492002 1.895015
v -0.356611 -1.777233 1.895015
v -0.419330 -3.492002 1.971438
v -0.419330 -1.777233 1.971438
v -0.465935 -3.492002 2.058629
v -0.465935 -1.777233 2.058629
v -0.494634 -3.492002 2.153237
v -0.494634 -1.777233 2.153237
v -0.504324 -3.492002 2.251626
v -0.504324 -1.777233 2.251626
v -0.494634 -3.492002 2.350015
v -0.494634 -1.777233 2.350015
v -0.465935 -3.492002 2.444623
v -0.465935 -1.777233 2.444623
v -0.419330 -3.492002 2.531814
v -0.419330 -1.777233 2.531814
v -0.356611 -3.492002 2.608237
v -0.356611 -1.777233 2.608237
v -0.280188 -3.492002 2.670956
v -0.280188 -1.777233 2.670956
v -0.192997 -3.492002 2.717561
v -0.192997 -1.777233 2.717561
v -0.098389 -3.492002 2.746260
v -0.098389 -1.777233 2.746260
v -0.000000 -8.241124 1.637480
v -0.000000 -6.526356 1.637480
v 0.098389 -8.241124 1.627790
v 0.098389 -6.526356 1.627790
v 0.192997 -8.241124 1.599090
v 0.192997 -6.526356 1.599090
v 0.280188 -8.241124 1.552486
v 0.280188 -6.526356 1.552486
v 0.356611 -8.241124 1.489767
v 0.356611 -6.526356 1.489767
v 0.419330 -8.241124 1.413343
v 0.419330 -6.526356 1.413343
v 0.465935 -8.241124 1.326152
v 0.465935 -6.526356 1.326152
v 0.494634 -8.241124 1.231544
v 0.494634 -6.526356 1.231544
v 0.504324 -8.241124 1.133156
v 0.504324 -6.526356 1.133156
v 0.494634 -8.241124 1.034767
v 0.494634 -6.526356 1.034767
v 0.465935 -8.241124 0.940159
v 0.465935 -6.526356 0.940159
v 0.419330 -8.241124 0.852968
v 0.419330 -6.526356 0.852968
v 0.356611 -8.241124 0.776544
v 0.356611 -6.526356 0.776544
v 0.280188 -8.241124 0.713825
v 0.280188 -6.526356 0.713825
v 0.192997 -8.241124 0.667221
v 0.192997 -6.526356 0.667221
v 0.098389 -8.241124 0.638522
v 0.098389 -6.526356 0.638522
v -0.000000 -8.241124 0.628832
v -0.000000 -6.526356 0.628832
v -0.098389 -8.241124 0.638522
v -0.098389 -6.526356 0.638522
v -0.192997 -8.241124 0.667221
v -0.192997 -6.526356 0.667221
v -0.280188 -8.241124 0.713825
v -0.280188 -6.526356 0.713825
v -0.356611 -8.241124 0.776544
v -0.356611 -6.526356 0.776544
v -0.419330 -8.241124 0.852968
v -0.419330 -6.526356 0.852968
v -0.465935 -8.241124 0.940159
v -0.465935 -6.526356 0.940159
v -0.494634 -8.241124 1.034767
v -0.494634 -6.526356 1.034767
v -0.504324 -8.241124 1.133156
v -0.504324 -6.526356 1.133156
v -0.494634 -8.241124 1.231544
v -0.494634 -6.526356 1.231544
v -0.465935 -8.241124 1.326152
v -0.465935 -6.526356 1.326152
v -0.419330 -8.241124 1.413343
v -0.419330 -6.526356 1.413343
v -0.356611 -8.241124 1.489767
v -0.356611 -6.526356 1.489767
v -0.280188 -8.241124 1.552486
v -0.280188 -6.526356 1.552486
v -0.192997 -8.241124 1.599090
v -0.192997 -6.526356 1.599090
v -0.098389 -8.241124 1.627790
v -0.098389 -6.526356 1.627790
vn 0.0980 -0.0000 -0.9952
vn 0.2903 -0.0000 -0.9569
vn 0.4714 -0.0000 -0.8819
vn 0.6344 -0.0000 -0.7730
vn 0.7730 -0.0000 -0.6344
vn 0.8819 -0.0000 -0.4714
vn 0.9569 -0.0000 -0.2903
vn 0.9952 -0.0000 -0.0980
vn 0.9952 -0.0000 0.0980
vn 0.9569 -0.0000 0.2903
vn 0.8819 -0.0000 0.4714
vn 0.7730 -0.0000 0.6344
vn 0.6344 -0.0000 0.7730
vn 0.4714 -0.0000 0.8819
vn 0.2903 -0.0000 0.9569
vn 0.0980 -0.0000 0.9952
vn -0.0980 -0.0000 0.9952
vn -0.2903 -0.0000 0.9569
vn -0.4714 -0.0000 0.8819
vn -0.6344 -0.0000 0.7730
vn -0.7730 -0.0000 0.6344
vn -0.8819 -0.0000 0.4714
vn -0.9569 -0.0000 0.2903
vn -0.9952 -0.0000 0.0980
vn -0.9952 -0.0000 -0.0980
vn -0.9569 -0.0000 -0.2903
vn -0.8819 -0.0000 -0.4714
vn -0.7730 -0.0000 -0.6344
vn -0.6344 -0.0000 -0.7730
vn -0.4714 -0.0000 -0.8819
vn -0.0000 1.0000 -0.0000
vn -0.2903 -0.0000 -0.9569
vn -0.0980 -0.0000 -0.9952
vn -0.0000 -1.0000 -0.0000
vt 1.000000 0.500000
vt 1.000000 1.000000
vt 0.968750 1.000000
vt 0.968750 0.500000
vt 0.937500 1.000000
vt 0.937500 0.500000
vt 0.906250 1.000000
vt 0.906250 0.500000
vt 0.875000 1.000000
vt 0.875000 0.500000
vt 0.843750 1.000000
vt 0.843750 0.500000
vt 0.812500 1.000000
vt 0.812500 0.500000
vt 0.781250 1.000000
vt 0.781250 0.500000
vt 0.750000 1.000000
vt 0.750000 0.500000
vt 0.718750 1.000000
vt 0.718750 0.500000
vt 0.687500 1.000000
vt 0.687500 0.500000
vt 0.656250 1.000000
vt 0.656250 0.500000
vt 0.625000 1.000000
vt 0.625000 0.500000
vt 0.593750 1.000000
vt 0.593750 0.500000
vt 0.562500 1.000000
vt 0.562500 0.500000
vt 0.531250 1.000000
vt 0.531250 0.500000
vt 0.500000 1.000000
vt 0.500000 0.500000
vt 0.468750 1.000000
vt 0.468750 0.500000
vt 0.437500 1.000000
vt 0.437500 0.500000
vt 0.406250 1.000000
vt 0.406250 0.500000
vt 0.375000 1.000000
vt 0.375000 0.500000
vt 0.343750 1.000000
vt 0.343750 0.500000
vt 0.312500 1.000000
vt 0.312500 0.500000
vt 0.281250 1.000000
vt 0.281250 0.500000
vt 0.250000 1.000000
vt 0.250000 0.500000
vt 0.218750 1.000000
vt 0.218750 0.500000
vt 0.187500 1.000000
vt 0.187500 0.500000
vt 0.156250 1.000000
vt 0.156250 0.500000
vt 0.125000 1.000000
vt 0.125000 0.500000
vt 0.093750 1.000000
vt 0.093750 0.500000
vt 0.062500 1.000000
vt 0.062500 0.500000
vt 0.296822 0.485388
vt 0.250000 0.490000
vt 0.203178 0.485388
vt 0.158156 0.471731
vt 0.116663 0.449553
vt 0.080294 0.419706
vt 0.050447 0.383337
vt 0.028269 0.341844
vt 0.014612 0.296822
vt 0.010000 0.250000
vt 0.014612 0.203178
vt 0.028269 0.158156
vt 0.050447 0.116663
vt 0.080294 0.080294
vt 0.116663 0.050447
vt 0.158156 0.028269
vt 0.203178 0.014612
vt 0.250000 0.010000
vt 0.296822 0.014612
vt 0.341844 0.028269
vt 0.383337 0.050447
vt 0.419706 0.080294
vt 0.449553 0.116663
vt 0.471731 0.158156
vt 0.485388 0.203178
vt 0.490000 0.250000
vt 0.485388 0.296822
vt 0.471731 0.341844
vt 0.449553 0.383337
vt 0.419706 0.419706
vt 0.383337 0.449553
vt 0.341844 0.471731
vt 0.031250 1.000000
vt 0.031250 0.500000
vt 0.000000 1.000000
vt 0.000000 0.500000
vt 0.750000 0.490000
vt 0.796822 0.485388
vt 0.841844 0.471731
vt 0.883337 0.449553
vt 0.919706 0.419706
vt 0.949553 0.383337
vt 0.971731 0.341844
vt 0.985388 0.296822
vt 0.990000 0.250000
vt 0.985388 0.203178
vt 0.971731 0.158156
vt 0.949553 0.116663
vt 0.919706 0.080294
vt 0.883337 0.050447
vt 0.841844 0.028269
vt 0.796822 0.014612
vt 0.750000 0.010000
vt 0.703178 0.014612
vt 0.658156 0.028269
vt 0.616663 0.050447
vt 0.580294 0.080294
vt 0.550447 0.116663
vt 0.528269 0.158156
vt 0.514612 0.203178
vt 0.510000 0.250000
vt 0.514612 0.296822
vt 0.528269 0.341844
vt 0.550447 0.383337
vt 0.580294 0.419706
vt 0.616663 0.449553
vt 0.658156 0.471731
vt 0.703178 0.485388
s 0
f 4637/1510/4661 4638/1511/4661 4640/1512/4661 4639/1513/4661
f 4639/1513/4662 4640/1512/4662 4642/1514/4662 4641/1515/4662
f 4641/1515/4663 4642/1514/4663 4644/1516/4663 4643/1517/4663
f 4643/1517/4664 4644/1516/4664 4646/1518/4664 4645/1519/4664
f 4645/1519/4665 4646/1518/4665 4648/1520/4665 4647/1521/4665
f 4647/1521/4666 4648/1520/4666 4650/1522/4666 4649/1523/4666
f 4649/1523/4667 4650/1522/4667 4652/1524/4667 4651/1525/4667
f 4651/1525/4668 4652/1524/4668 4654/1526/4668 4653/1527/4668
f 4653/1527/4669 4654/1526/4669 4656/1528/4669 4655/1529/4669
f 4655/1529/4670 4656/1528/4670 4658/1530/4670 4657/1531/4670
f 4657/1531/4671 4658/1530/4671 4660/1532/4671 4659/1533/4671
f 4659/1533/4672 4660/1532/4672 4662/1534/4672 4661/1535/4672
f 4661/1535/4673 4662/1534/4673 4664/1536/4673 4663/1537/4673
f 4663/1537/4674 4664/1536/4674 4666/1538/4674 4665/1539/4674
f 4665/1539/4675 4666/1538/4675 4668/1540/4675 4667/1541/4675
f 4667/1541/4676 4668/1540/4676 4670/1542/4676 4669/1543/4676
f 4669/1543/4677 4670/1542/4677 4672/1544/4677 4671/1545/4677
f 4671/1545/4678 4672/1544/4678 4674/1546/4678 4673/1547/4678
f 4673/1547/4679 4674/1546/4679 4676/1548/4679 4675/1549/4679
f 4675/1549/4680 4676/1548/4680 4678/1550/4680 4677/1551/4680
f 4677/1551/4681 4678/1550/4681 4680/1552/4681 4679/1553/4681
f 4679/1553/4682 4680/1552/4682 4682/1554/4682 4681/1555/4682
f 4681/1555/4683 4682/1554/4683 4684/1556/4683 4683/1557/4683
f 4683/1557/4684 4684/1556/4684 4686/1558/4684 4685/1559/4684
f 4685/1559/4685 4686/1558/4685 4688/1560/4685 4687/1561/4685
f 4687/1561/4686 4688/1560/4686 4690/1562/4686 4689/1563/4686
f 4689/1563/4687 4690/1562/4687 4692/1564/4687 4691/1565/4687
f 4691/1565/4688 4692/1564/4688 4694/1566/4688 4693/1567/4688
f 4693/1567/4689 4694/1566/4689 4696/1568/4689 4695/1569/4689
f 4695/1569/4690 4696/1568/4690 4698/1570/4690 4697/1571/4690
f 4640/1572/4691 4638/1573/4691 4700/1574/4691 4698/1575/4691 4696/1576/4691 4694/1577/4691 4692/1578/4691 4690/1579/4691 4688/1580/4691 4686/1581/4691 4684/1582/4691 4682/1583/4691 4680/1584/4691 4678/1585/4691 4676/1586/4691 4674/1587/4691 4672/1588/4691 4670/1589/4691 4668/1590/4691 4666/1591/4691 4664/1592/4691 4662/1593/4691 4660/1594/4691 4658/1595/4691 4656/1596/4691 4654/1597/4691 4652/1598/4691 4650/1599/4691 4648/1600/4691 4646/1601/4691 4644/1602/4691 4642/1603/4691
f 4697/1571/4692 4698/1570/4692 4700/1604/4692 4699/1605/4692
f 4699/1605/4693 4700/1604/4693 4638/1606/4693 4637/1607/4693
f 4637/1608/4694 4639/1609/4694 4641/1610/4694 4643/1611/4694 4645/1612/4694 4647/1613/4694 4649/1614/4694 4651/1615/4694 4653/1616/4694 4655/1617/4694 4657/1618/4694 4659/1619/4694 4661/1620/4694 4663/1621/4694 4665/1622/4694 4667/1623/4694 4669/1624/4694 4671/1625/4694 4673/1626/4694 4675/1627/4694 4677/1628/4694 4679/1629/4694 4681/1630/4694 4683/1631/4694 4685/1632/4694 4687/1633/4694 4689/1634/4694 4691/1635/4694 4693/1636/4694 4695/1637/4694 4697/1638/4694 4699/1639/4694
f 4701/1510/4661 4702/1511/4661 4704/1512/4661 4703/1513/4661
f 4703/1513/4662 4704/1512/4662 4706/1514/4662 4705/1515/4662
f 4705/1515/4663 4706/1514/4663 4708/1516/4663 4707/1517/4663
f 4707/1517/4664 4708/1516/4664 4710/1518/4664 4709/1519/4664
f 4709/1519/4665 4710/1518/4665 4712/1520/4665 4711/1521/4665
f 4711/1521/4666 4712/1520/4666 4714/1522/4666 4713/1523/4666
f 4713/1523/4667 4714/1522/4667 4716/1524/4667 4715/1525/4667
f 4715/1525/4668 4716/1524/4668 4718/1526/4668 4717/1527/4668
f 4717/1527/4669 4718/1526/4669 4720/1528/4669 4719/1529/4669
f 4719/1529/4670 4720/1528/4670 4722/1530/4670 4721/1531/4670
f 4721/1531/4671 4722/1530/4671 4724/1532/4671 4723/1533/4671
f 4723/1533/4672 4724/1532/4672 4726/1534/4672 4725/1535/4672
f 4725/1535/4673 4726/1534/4673 4728/1536/4673 4727/1537/4673
f 4727/1537/4674 4728/1536/4674 4730/1538/4674 4729/1539/4674
f 4729/1539/4675 4730/1538/4675 4732/1540/4675 4731/1541/4675
f 4731/1541/4676 4732/1540/4676 4734/1542/4676 4733/1543/4676
f 4733/1543/4677 4734/1542/4677 4736/1544/4677 4735/1545/4677
f 4735/1545/4678 4736/1544/4678 4738/1546/4678 4737/1547/4678
f 4737/1547/4679 4738/1546/4679 4740/1548/4679 4739/1549/4679
f 4739/1549/4680 4740/1548/4680 4742/1550/4680 4741/1551/4680
f 4741/1551/4681 4742/1550/4681 4744/1552/4681 4743/1553/4681
f 4743/1553/4682 4744/1552/4682 4746/1554/4682 4745/1555/4682
f 4745/1555/4683 4746/1554/4683 4748/1556/4683 4747/1557/4683
f 4747/1557/4684 4748/1556/4684 4750/1558/4684 4749/1559/4684
f 4749/1559/4685 4750/1558/4685 4752/1560/4685 4751/1561/4685
f 4751/1561/4686 4752/1560/4686 4754/1562/4686 4753/1563/4686
f 4753/1563/4687 4754/1562/4687 4756/1564/4687 4755/1565/4687
f 4755/1565/4688 4756/1564/4688 4758/1566/4688 4757/1567/4688
f 4757/1567/4689 4758/1566/4689 4760/1568/4689 4759/1569/4689
f 4759/1569/4690 4760/1568/4690 4762/1570/4690 4761/1571/4690
f 4704/1572/4691 4702/1573/4691 4764/1574/4691 4762/1575/4691 4760/1576/4691 4758/1577/4691 4756/1578/4691 4754/1579/4691 4752/1580/4691 4750/1581/4691 4748/1582/4691 4746/1583/4691 4744/1584/4691 4742/1585/4691 4740/1586/4691 4738/1587/4691 4736/1588/4691 4734/1589/4691 4732/1590/4691 4730/1591/4691 4728/1592/4691 4726/1593/4691 4724/1594/4691 4722/1595/4691 4720/1596/4691 4718/1597/4691 4716/1598/4691 4714/1599/4691 4712/1600/4691 4710/1601/4691 4708/1602/4691 4706/1603/4691
f 4761/1571/4692 4762/1570/4692 4764/1604/4692 4763/1605/4692
f 4763/1605/4693 4764/1604/4693 4702/1606/4693 4701/1607/4693
f 4701/1608/4694 4703/1609/4694 4705/1610/4694 4707/1611/4694 4709/1612/4694 4711/1613/4694 4713/1614/4694 4715/1615/4694 4717/1616/4694 4719/1617/4694 4721/1618/4694 4723/1619/4694 4725/1620/4694 4727/1621/4694 4729/1622/4694 4731/1623/4694 4733/1624/4694 4735/1625/4694 4737/1626/4694 4739/1627/4694 4741/1628/4694 4743/1629/4694 4745/1630/4694 4747/1631/4694 4749/1632/4694 4751/1633/4694 4753/1634/4694 4755/1635/4694 4757/1636/4694 4759/1637/4694 4761/1638/4694 4763/1639/4694
f 4765/1510/4676 4767/1513/4676 4768/1512/4676 4766/1511/4676
f 4767/1513/4675 4769/1515/4675 4770/1514/4675 4768/1512/4675
f 4769/1515/4674 4771/1517/4674 4772/1516/4674 4770/1514/4674
f 4771/1517/4673 4773/1519/4673 4774/1518/4673 4772/1516/4673
f 4773/1519/4672 4775/1521/4672 4776/1520/4672 4774/1518/4672
f 4775/1521/4671 4777/1523/4671 4778/1522/4671 4776/1520/4671
f 4777/1523/4670 4779/1525/4670 4780/1524/4670 4778/1522/4670
f 4779/1525/4669 4781/1527/4669 4782/1526/4669 4780/1524/4669
f 4781/1527/4668 4783/1529/4668 4784/1528/4668 4782/1526/4668
f 4783/1529/4667 4785/1531/4667 4786/1530/4667 4784/1528/4667
f 4785/1531/4666 4787/1533/4666 4788/1532/4666 4786/1530/4666
f 4787/1533/4665 4789/1535/4665 4790/1534/4665 4788/1532/4665
f 4789/1535/4664 4791/1537/4664 4792/1536/4664 4790/1534/4664
f 4791/1537/4663 4793/1539/4663 4794/1538/4663 4792/1536/4663
f 4793/1539/4662 4795/1541/4662 4796/1540/4662 4794/1538/4662
f 4795/1541/4661 4797/1543/4661 4798/1542/4661 4796/1540/4661
f 4797/1543/4693 4799/1545/4693 4800/1544/4693 4798/1542/4693
f 4799/1545/4692 4801/1547/4692 4802/1546/4692 4800/1544/4692
f 4801/1547/4690 4803/1549/4690 4804/1548/4690 4802/1546/4690
f 4803/1549/4689 4805/1551/4689 4806/1550/4689 4804/1548/4689
f 4805/1551/4688 4807/1553/4688 4808/1552/4688 4806/1550/4688
f 4807/1553/4687 4809/1555/4687 4810/1554/4687 4808/1552/4687
f 4809/1555/4686 4811/1557/4686 4812/1556/4686 4810/1554/4686
f 4811/1557/4685 4813/1559/4685 4814/1558/4685 4812/1556/4685
f 4813/1559/4684 4815/1561/4684 4816/1560/4684 4814/1558/4684
f 4815/1561/4683 4817/1563/4683 4818/1562/4683 4816/1560/4683
f 4817/1563/4682 4819/1565/4682 4820/1564/4682 4818/1562/4682
f 4819/1565/4681 4821/1567/4681 4822/1566/4681 4820/1564/4681
f 4821/1567/4680 4823/1569/4680 4824/1568/4680 4822/1566/4680
f 4823/1569/4679 4825/1571/4679 4826/1570/4679 4824/1568/4679
f 4768/1572/4691 4770/1603/4691 4772/1602/4691 4774/1601/4691 4776/1600/4691 4778/1599/4691 4780/1598/4691 4782/1597/4691 4784/1596/4691 4786/1595/4691 4788/1594/4691 4790/1593/4691 4792/1592/4691 4794/1591/4691 4796/1590/4691 4798/1589/4691 4800/1588/4691 4802/1587/4691 4804/1586/4691 4806/1585/4691 4808/1584/4691 4810/1583/4691 4812/1582/4691 4814/1581/4691 4816/1580/4691 4818/1579/4691 4820/1578/4691 4822/1577/4691 4824/1576/4691 4826/1575/4691 4828/1574/4691 4766/1573/4691
f 4825/1571/4678 4827/1605/4678 4828/1604/4678 4826/1570/4678
f 4827/1605/4677 4765/1607/4677 4766/1606/4677 4828/1604/4677
f 4765/1608/4694 4827/1639/4694 4825/1638/4694 4823/1637/4694 4821/1636/4694 4819/1635/4694 4817/1634/4694 4815/1633/4694 4813/1632/4694 4811/1631/4694 4809/1630/4694 4807/1629/4694 4805/1628/4694 4803/1627/4694 4801/1626/4694 4799/1625/4694 4797/1624/4694 4795/1623/4694 4793/1622/4694 4791/1621/4694 4789/1620/4694 4787/1619/4694 4785/1618/4694 4783/1617/4694 4781/1616/4694 4779/1615/4694 4777/1614/4694 4775/1613/4694 4773/1612/4694 4771/1611/4694 4769/1610/4694 4767/1609/4694
f 4829/1510/4676 4831/1513/4676 4832/1512/4676 4830/1511/4676
f 4831/1513/4675 4833/1515/4675 4834/1514/4675 4832/1512/4675
f 4833/1515/4674 4835/1517/4674 4836/1516/4674 4834/1514/4674
f 4835/1517/4673 4837/1519/4673 4838/1518/4673 4836/1516/4673
f 4837/1519/4672 4839/1521/4672 4840/1520/4672 4838/1518/4672
f 4839/1521/4671 4841/1523/4671 4842/1522/4671 4840/1520/4671
f 4841/1523/4670 4843/1525/4670 4844/1524/4670 4842/1522/4670
f 4843/1525/4669 4845/1527/4669 4846/1526/4669 4844/1524/4669
f 4845/1527/4668 4847/1529/4668 4848/1528/4668 4846/1526/4668
f 4847/1529/4667 4849/1531/4667 4850/1530/4667 4848/1528/4667
f 4849/1531/4666 4851/1533/4666 4852/1532/4666 4850/1530/4666
f 4851/1533/4665 4853/1535/4665 4854/1534/4665 4852/1532/4665
f 4853/1535/4664 4855/1537/4664 4856/1536/4664 4854/1534/4664
f 4855/1537/4663 4857/1539/4663 4858/1538/4663 4856/1536/4663
f 4857/1539/4662 4859/1541/4662 4860/1540/4662 4858/1538/4662
f 4859/1541/4661 4861/1543/4661 4862/1542/4661 4860/1540/4661
f 4861/1543/4693 4863/1545/4693 4864/1544/4693 4862/1542/4693
f 4863/1545/4692 4865/1547/4692 4866/1546/4692 4864/1544/4692
f 4865/1547/4690 4867/1549/4690 4868/1548/4690 4866/1546/4690
f 4867/1549/4689 4869/1551/4689 4870/1550/4689 4868/1548/4689
f 4869/1551/4688 4871/1553/4688 4872/1552/4688 4870/1550/4688
f 4871/1553/4687 4873/1555/4687 4874/1554/4687 4872/1552/4687
f 4873/1555/4686 4875/1557/4686 4876/1556/4686 4874/1554/4686
f 4875/1557/4685 4877/1559/4685 4878/1558/4685 4876/1556/4685
f 4877/1559/4684 4879/1561/4684 4880/1560/4684 4878/1558/4684
f 4879/1561/4683 4881/1563/4683 4882/1562/4683 4880/1560/4683
f 4881/1563/4682 4883/1565/4682 4884/1564/4682 4882/1562/4682
f 4883/1565/4681 4885/1567/4681 4886/1566/4681 4884/1564/4681
f 4885/1567/4680 4887/1569/4680 4888/1568/4680 4886/1566/4680
f 4887/1569/4679 4889/1571/4679 4890/1570/4679 4888/1568/4679
f 4832/1572/4691 4834/1603/4691 4836/1602/4691 4838/1601/4691 4840/1600/4691 4842/1599/4691 4844/1598/4691 4846/1597/4691 4848/1596/4691 4850/1595/4691 4852/1594/4691 4854/1593/4691 4856/1592/4691 4858/1591/4691 4860/1590/4691 4862/1589/4691 4864/1588/4691 4866/1587/4691 4868/1586/4691 4870/1585/4691 4872/1584/4691 4874/1583/4691 4876/1582/4691 4878/1581/4691 4880/1580/4691 4882/1579/4691 4884/1578/4691 4886/1577/4691 4888/1576/4691 4890/1575/4691 4892/1574/4691 4830/1573/4691
f 4889/1571/4678 4891/1605/4678 4892/1604/4678 4890/1570/4678
f 4891/1605/4677 4829/1607/4677 4830/1606/4677 4892/1604/4677
f 4829/1608/4694 4891/1639/4694 4889/1638/4694 4887/1637/4694 4885/1636/4694 4883/1635/4694 4881/1634/4694 4879/1633/4694 4877/1632/4694 4875/1631/4694 4873/1630/4694 4871/1629/4694 4869/1628/4694 4867/1627/4694 4865/1626/4694 4863/1625/4694 4861/1624/4694 4859/1623/4694 4857/1622/4694 4855/1621/4694 4853/1620/4694 4851/1619/4694 4849/1618/4694 4847/1617/4694 4845/1616/4694 4843/1615/4694 4841/1614/4694 4839/1613/4694 4837/1612/4694 4835/1611/4694 4833/1610/4694 4831/1609/4694
